"","reviews","rating","course_id"
"1","How can you attend yo course which does not upload the readings?? You have to buy a book which is not available in most of the countries, asl Latin America? Really good idea but the worst course to take.",1,"curanderismo-plants"
"2","The course is not what I expected, and I would like to be unenrolled from it",1,"curanderismo-plants"
"3","My certificate does not want to be released",1,"entrepreneurship-strategy"
"4","knowing who you are? give me a break...",1,"entrepreneurship-strategy"
"5","boring lecturer, monotone, passionless reading of even more boring powerpoint slides and images, and absolutely no intelligent discussion going on in this course, I have learned more from reading the book ""the epigenetics revolution "" by nessa carey, a book written for laypersons, than I have from this course taught by university professors. don't waste your time",1,"epigenetics"
"6","the whole lecture given by the lecturer is so confused. And really boring by her monotone. There is almost no connections between slides and the explanation is so unconvinced. Also, it will be better if the lecture can help recall previous slides when talking about relative definition or trying to explain something. wasted my time to be honest",1,"epigenetics"
"7","hola! me gustaría darme de baja de este curso. NO fue una buena elección.",1,"social-economic-networks"
"8","Without previous knowledge in math, this course is not very useful.",1,"social-economic-networks"
"9","There is no sign on the certificate. Not able to download a PDF of certificate.",1,"covid-19-contact-tracing-for-nursing-professionals"
"10","Thank you for creating such an extensive and accessible resource for use during this pandemic.",5,"covid-19-contact-tracing-for-nursing-professionals"
"11","KUDOS TO THE AUTHORS AND INSTRUCTORS FOR A VERY COMPREHENSIVE MODULE",5,"covid-19-contact-tracing-for-nursing-professionals"
"12","The concept is not clearly explained at all. The instructor seems to be just reading a script. He did not try to explain the math. Instead, he uses graphs to try to fool us. The other instructor hardly teaches anything but just to show his face and say a few openning setences. I took Andrew Ng's courses and was impressed, but I am very disappointed by the quality of this course. Deeplearning.ai, please have some quality control over the courses you offer, otherwise it hurts your brand name!",1,"attention-models-in-nlp"
"13","Superficial coverage of topics, lack of mathematical depth and sophistication. Dumbing down and simplification never help.",1,"attention-models-in-nlp"
"14","the NLP spec course has ~30min video on every week, and sum-ups are ~1/4
 of it. Thus, one cannot expect a good and profound theory knowledge, 
only some intuition and insights.Without theory, it can be expected 
that program tasks should contain something practical and superficial. 
Like crash-course into the most popular packages in the field. But tasks
 are huge – x6 time more than a theory – and boring. A lot of spaghetti 
code with few levels of enclosed IF’s, with constructions like 
`A[i][j:k][l+1]`, low code reuse, global variables, and `from utils 
import *`.The student will spend time doing the bad implementation 
of 100K times implemented things, and that will not provide him with 
enlightenment on how they are implemented because of a lack of the 
theory.And nobody will teach him how to use standard tools on simple
 and understandable examples. It is boring, exhausting, and impractical.
 And in most cases, students can't do just part of tasks, because the 
auto checker will raise an error.",1,"attention-models-in-nlp"
"15","The course is rather disappointing.  Videos are short. They give you an intuition, why something works but don't go much into the details. When teacher said ""Now you are an expert in transformers"" it sounds like a mockery.  The course material is split into four weeks, however you can obtain certificate after spending a few days.Homeworks won't teach you much. For you to understand, by now the most hard exercise according to course's Slack is to write a function with model and input tokens as input, which should predict next token. It's body contains only 8 lines of code, some of them is already given, your task is well explained.Trax, a deep learning framework, that is used in homeworks might be a great framework, but not for learners. All you need to do, is just to pick a layer, put it in right place and voila. But instructions makes a situation even worse. It is so detailed, that you can just copy a code from instructions, paste it into your code and obtain a working solution. Sometimes you should look at documentation just to see the argument's name.  You won't have to think about dimensions, you won't have to think about structure of a model. When you decide to write a transformer from scratch with Pytorch then, you will struggle hard, but the price is much deeper understanding.Would I recommend taking this course? I think, that course team did a nice work to provide you an overview of the state of the art techniques in NLP. Some references are amazing. So if you treat this course like intorductory, you could take it.  But don't expect too much.  When you are said, that  you will ""build a chatbot using a Reformer model"" take in mind that the crucial skill to do it, is just a copy-pasting.",2,"attention-models-in-nlp"
"16","I haven't had similar issues with previous courses by Deeplearning.ai, but with this one I was worried I'm overly stupid the moment I started, because I noted I was ""missing"" a lot and was not understanding easily what's going on (Note: I have all required background from the ML Course and DL Specialization). Then I saw the existing reviews and was happy to see I'm not alone to feel like that: - Overly superficial coverage of theory in videos; too many things not explained well (if at all).  For example: last week's videos are about... 18 minutes. REALLY? I thought we were talking more complex stuff here. If one can be taught this in 18 minutes, then... oh well...- Lots of ""copy-paste  this here"" parts in assignments, too (not much thinking/effort required). - The quizzes are (as in most courses) a joke, they're there just for the sake of it; I just skip them.- Looks to have been created in too much of a rush; I don't know if that's the case, but that's the feeling I get from the content quality...Based on the success of the original Andrew Ng courses, the quality bar is high as are the expectations. I hope there is better quality control in future specializations, either in-house or by better selection of external beta-testers. I can't believe several reviewers bring this up, but no one else did before the release.",2,"attention-models-in-nlp"
"17","To anyone looking to learn the content for the first time, I would suggest by reading the original papers and some blog posts. The videos are short and do not go in-depth much at all. The real meat for this course is in the homework assignments. The videos tend to oversimplify to the point of not explaining the concepts correctly or being flat out wrong and fail to give critical context to fully understand what is being explained. On the other hand, the homework was interesting (especially when compared to other courses out there) and did go in more depth, making students think through the details of some of the algorithms and models.        tldr; learn the content elsewhere, take the course for the homework + to learn about trax.",2,"attention-models-in-nlp"
"18","Great specialization, however the 4th course was not cooked enough. It is the most complicated material, sure, so this is the place to put extra effort in preparing the lectures and labs. Instead, I got the feeling you push much too much into 1 course. You should consider splitting it. I hope someone read this feedback...",2,"attention-models-in-nlp"
"19","Started out nicely, but for Week3 and Week4 a lot of the concepts and details are skipped over or copy pasted.",2,"attention-models-in-nlp"
"20","Very educational! I learned a lot about the different NLP models. However, it seems like week 3 and week 4 were rushed. Also, some of the items (e.g. what each layers does and why do we need that layer) were not properly explained. Other than that, this is a good course to have a general overview on some of the state of the art NLP models.",3,"attention-models-in-nlp"
"21","Not as details as enough. The quality of the course is very good at the start but decreases as the topics go deeper.",3,"attention-models-in-nlp"
"22","Tricky course, not well explained. I had to struggle a bit to understand the various concepts.",3,"attention-models-in-nlp"
"23","The course gives an encompassing overview of the latest tools and technologies which are driving the NLP domain. Thus, the focus gradually shifts from implementation and towards design.Since the models require specialized equipment, they go beyond the scope of a personal computer and create a requirement for high-performance computing.",4,"attention-models-in-nlp"
"24","good course covers everything i guess, the only down side for me is trax portion, i would've prefered if it was on TF maybe, but still great job",4,"attention-models-in-nlp"
"25","Not up to expectations. Needs more explanation on some topics. Some were difficult to understand, examples might have helped!!",4,"attention-models-in-nlp"
"26","Can the instructors make maybe a video explaining the ungraded lab? That will be useful. Other students find it difficult to understand both LSH attention layer ungraded lab. Thanks",5,"attention-models-in-nlp"
"27","Outstanding Course. The course was rigorous",5,"attention-models-in-nlp"
"28","Good course in overall. The last two weeks' assignment is a little bit too light. The instructor could introduce more about loading pretrained models and fine-tune them as it is a popular practice nowadays for small companies with limited resources (data/computation). Introduction to ""easy-to-use"" framework such as huggingface is highly recommended.",5,"attention-models-in-nlp"
"29","Excellent course on the state of the art in NLP.",5,"attention-models-in-nlp"
"30","Assignments are hard and interesting. Thanks",5,"attention-models-in-nlp"
"31","I enjoyed the course overall and finished, but feel like it could be soooo much better. Really a wasted opportunity here. The video explanations were solid, but not near detailed enough to feel comfortable doing the exercises. Many of the Jupyter notebook sections were simply a lot of reading, no chances for the students to get some hands-on experience with actual coding. And lack of instruction plagued too many the exercises. This could be an outstanding course if more time was spent on going over more of the content in greater detail and building out the exercises.",2,"accounting-data-analytics-python"
"32","Course had good content, but lacked significantly in teaching videos and and feedback.  Lack of feedback included was within Jupyter Notebook (reading and programming assignments) and Discussion Boards.  Course took a lot longer to complete because of lack of feedback, requiring me to find outside sources (i.e., YouTube videos, internet articles, WikiPedia, etc.) to learn concepts presented in course and to complete required programming assignments.  Quiz content was well-supported within course content.",2,"accounting-data-analytics-python"
"33","This is just a basic Python programming course without any details regarding to accounting. It is better to change the name of ""Python Basic"" to make us not get confused.",3,"accounting-data-analytics-python"
"34","The assignment for each module can be designed better and more accurate",3,"accounting-data-analytics-python"
"35","Really Nice course but you will not explain all the module very indepth. All the module are basic and easy to learn. I am very happy to completed this course.",4,"accounting-data-analytics-python"
"36","Great program for beginners in python programming",4,"accounting-data-analytics-python"
"37","Great beginner's course for python!",5,"accounting-data-analytics-python"
"38","This is not a good course: a little bit of everything: Frontal theory lectures without much interaction. Exercises that need more copy paste than they provide leanings and commercials for Google. It seems like the units have been reassembled from other courses.",1,"introduction-trading-machine-learning-gcp"
"39","Though the introduction said the course would focus on just trading and ML, it really is just a set of disjointed modules, often with nothing to do with trading, with little to keep it together.  There is a lot of repetition between modules and they really look like they have just been pulled out of other courses.  In the final week, the one video even mentions and exercise that does not exist.",1,"introduction-trading-machine-learning-gcp"
"40","I usually like online learning, but this was a very weird course to say the least. It honestly felt very piecemeal, like some leftovers from a bunch of other courses had been thrown together without any second thought. I would have been better off just getting the Jupyter files and search for what was missing (that's what I did, anyway). Oh, but the Google infomercial at the end was totally necessary. Seriously, people...",1,"introduction-trading-machine-learning-gcp"
"41","Almost no trading-related content (except the brief introduction in the 1st week).ML content is poor comparing to other ML courses on Coursera. Instructors teach how to do simple ML tasks with some third-rate chargeable Google product (like SQL but with tweaks on it). In the course itself the product is free of charge, but why teach anyone to do this in paid software, when there is a lot of good open source solutions used in the industry?Overall extremely poor trading and ML content is charged $50 per month, which is a too high price.",1,"introduction-trading-machine-learning-gcp"
"42","The course is mostly an advertisement for google cloud.   What little there is about ML is a freshman 101 course — targeted at someone who has no idea, not practitioners as the syllabus suggests.   But mostly, it’s about google cloud.",1,"introduction-trading-machine-learning-gcp"
"43","There could be some useful information in there but even with subtitles, the horrible audio quality makes it much too painful to wade through. I gave up and cancelled the course. I'm very disappointed as my cloud experience is entirely AWS and I was looking forward to learning about the Google Cloud alternative. How could a company as strong as Google produce such a staggeringly poor introduction to their platform?",1,"introduction-trading-machine-learning-gcp"
"44","It not available in China whatsoever. The course works fine. Yet the Qwiklabs are dumb. Even if you log in with a VPN, google will still block you because of geographic location, which is China. You should mention that at the info page or fix the problem.",1,"introduction-trading-machine-learning-gcp"
"45","I can't stand the voice and the gestures of one of instructors, they really bother me. Sorry. Leaving because of this.",1,"introduction-trading-machine-learning-gcp"
"46","I am a physicist and I find it very basic, It did not provide me with any new knowledge whatsoever even with the little amount of knowledge I had of the subjects.",2,"introduction-trading-machine-learning-gcp"
"47","Ok as an introduction (it is what the title says after all), but I ended up doing a lot of things in the lab without really knowing why I was doing them (e.g. loading different libraries, a lot of the syntax, etc.). Granted I can research that on my own, but more guidance would have been appreciated.More broadly, this course feels a bit chaotic, jumping from one topic to the other, and then getting back at a previous one. This is ok to explore the fundamentals, which is clearly the intent here, but more structure would be welcome. Particularly, the introduction to Jupyter notebooks coming at the end of the course, after three labs, feels a bit frustrating. On a similar note, the course really feels like (and clearly is) something that was patched together from bits and pieces of other courses, with often times instructors referring to ""previous"" topics that were not actually covered (e.g. random forests). For a paid specialisation, this feels a bit sub-par. I have had free Coursera courses that felt more consistant.",2,"introduction-trading-machine-learning-gcp"
"48","The course gives you a very limited introduction to ML for trading. More examples of time series models, basic trading strategies, use of ML methods etc are needed.",2,"introduction-trading-machine-learning-gcp"
"49","Actual programming was nonexistent, the assignments just had you run already-written jupyter notebooks",2,"introduction-trading-machine-learning-gcp"
"50","This course is very introductory and sometimes sounds more like advertisement of GCP than a lecture. Moreover, probably only 40% of the content is orginal. The rest is taken from other courses (i.e. Serverless Deep Learning with TensorFlow on GCP).",3,"introduction-trading-machine-learning-gcp"
"51","I have taken multiple courses on Coursera.  This course had particular strengths and weaknesses. For strengths, I certainly learned a fair amount from the course, particularly as it applied to ARIMA models for finance.   For weaknesses, the course seemed to have been somewhat haphazardly thrown together.  Week 4, the last week, was particularly poor. The lectures had little to do with one another and appeared pulled from multiple other sources.  One was geared for people with advanced skills in mathematics and machine learning and was way out of my, and most people's, wheelhouse for learning.",3,"introduction-trading-machine-learning-gcp"
"52","Most of the course is used to advertise GoogleCloud, in particular BigQuery, instead of teaching more general concepts. At least now I know what BigQuery is and, as a python programmer, I won't be using it since I don't want to learn a new language used and managed only by Google. The AI notebooks are awesome though! Exactly the opposite of BigQuery: uses a language and tools that everyone knows (python notebook) but on a virtual machine managed in the cloud. About the teachings, I learn a bit more about time series, but just the tip of the iceberg really, nothing applicable. Looking forward to the real deal, opefully in the next course.",3,"introduction-trading-machine-learning-gcp"
"53","Like the finance aspect of things but the machine learning part seems to be pieced together from other lecture series and doesn't have great relevance to the trading topic. Also I am not here to learn the way Google do things albeit its power. You can run a separate ad channel if you want but why Coursera?",3,"introduction-trading-machine-learning-gcp"
"54","Very well covered the theory of Training and its representation as a problem solving tool when it comes to predicting future prices, however the Machine Learning Part is not at all integrated to the Specialization (Trading) and also its content is not interconnected!",3,"introduction-trading-machine-learning-gcp"
"55","Useful as an introduction but feels like a patchwork of components that have not been developed in a consistent manner. For example the week 4 material is by and large a replication of a subset of what is found in the ""How Google does AI/ML.",3,"introduction-trading-machine-learning-gcp"
"56","Theory of the financial part was interesting. ""Coding"" part was more or less running some fully implemented scripts from a github repository.",3,"introduction-trading-machine-learning-gcp"
"57","This is a good introduction course, fourth week completely different or not aligned with course title.",3,"introduction-trading-machine-learning-gcp"
"58","Nice theory very poor explaining in application not very useful to make you build a model",3,"introduction-trading-machine-learning-gcp"
"59","Not much learn from them, but whatever is there it's good.",3,"introduction-trading-machine-learning-gcp"
"60","The course gave me a basic understanding of few types of models including linear regression, time series and neural networks. A few more offline exercises that we can perform on our own would be a good addition to assert the acquired knowledge even more.",4,"introduction-trading-machine-learning-gcp"
"61","some explanation in trading was hard, it was realy good to be able to test google cloud services, but needs more practical examples",4,"introduction-trading-machine-learning-gcp"
"62","a bit too easy, looking forward to next courses",4,"introduction-trading-machine-learning-gcp"
"63","Great for beginners! A lot of examples and theories with practices. It let me learn more about the underlying principles.",4,"introduction-trading-machine-learning-gcp"
"64","The course provides valuable content. It requires more than Python fundamentals in some topics, but it is ok because the student must investigate out of the course's material.There is an emphasis on Google's tools, which are very interesting, but the course should be more agnostic on this matter in order that the student has wider spectrum of resources available.",4,"introduction-trading-machine-learning-gcp"
"65","Good course on the applications of ML to stock trading, examples are quite nice and the labs provide explanations on how to utilize the ML libraries available, recommended for anyone interested on more time-series type of analysis and ML",4,"introduction-trading-machine-learning-gcp"
"66","It's a good course, but the volume is TOO LOW, and they don't go into detail in the programming phase for python. but it's good overall.",4,"introduction-trading-machine-learning-gcp"
"67","Good intro.  Could use some additional work on the ARIMA model lab on tuning the parameters.",4,"introduction-trading-machine-learning-gcp"
"68","Good as introductory course. Looking forward for more in depth topics. Thanks",4,"introduction-trading-machine-learning-gcp"
"69","Easy to follow. It lacks of a more applied number of examples and cases.",4,"introduction-trading-machine-learning-gcp"
"70","More explanation on the lab and the function being use would be great!",4,"introduction-trading-machine-learning-gcp"
"71","I was expecting more coding on python",4,"introduction-trading-machine-learning-gcp"
"72","Yes. Introduction level.",4,"introduction-trading-machine-learning-gcp"
"73","Not sure it is good material for real tradings bots",2,"introduction-trading-machine-learning-gcp"
"74","Very few real practical exercises.",2,"introduction-trading-machine-learning-gcp"
"75","This course makes everything easier. It is structured very user friendly for understanding the forest rather than the trees. I have taken courses in Python, Jupyter Notebook, ARIMA forecasting, Linear regression and other Finance and Probability courses to fully appreciate this course. If you dont have these basic knowledge and if they ask you to code every detail, then it would have been impossible. Good job Google and New York Institue of Finance.",5,"introduction-trading-machine-learning-gcp"
"76","Although I would have liked to see some examples of these models actually working in production, this course is a great introduction to the principles of using Google Cloud Tools to build machine learning models for trading.",5,"introduction-trading-machine-learning-gcp"
"77","Very interesting course, I totally agree that there are very few courses that cover time-series analysis. I haven't tried BigQuery before. Looking forward to next courses in this specialization.",5,"introduction-trading-machine-learning-gcp"
"78","This is a very good course because it tuned my already forecasting knowledge to look more into machine learning",5,"introduction-trading-machine-learning-gcp"
"79","Good course that gives a lot of breadth as an introduction to machine learning in finance. Well put together",5,"introduction-trading-machine-learning-gcp"
"80","This is an amazing way to use data science in finance.
This course is quite clear and easy to finish.",5,"introduction-trading-machine-learning-gcp"
"81","Great introduction course that gives you an idea of various concepts of machine learning",5,"introduction-trading-machine-learning-gcp"
"82","Nice course, this complex subject is introduced step by step with many examples!",5,"introduction-trading-machine-learning-gcp"
"83","It's good start to learn about basic background on ML & GCP.",5,"introduction-trading-machine-learning-gcp"
"84","Great start material for ML and Cloud Computing",5,"introduction-trading-machine-learning-gcp"
"85","A key course for the next generation.",5,"introduction-trading-machine-learning-gcp"
"86","A lot of possibilities",5,"introduction-trading-machine-learning-gcp"
"87","The guy is bit hard to understand, which coupled with the pace of delivery (slow and monotonous) and his propensity to take figurative detours (i.e. sheep counting in chapter 2, couldn't be more appropriate!) will send you to sleep.",1,"quantum-computing-algorithms"
"88","The first three weeks are quite interesting ones. Thank you very much to the lecturer for this exciting material. The lessons are well-groomed and I've been able to learn a lot of interesting things during them. However, the next two last weeks are just pure math symbolic manipulations with very tenuous physical sense and very little insight about what is going on. Tests questions are remotely linked to the lecture content and usually about general Mathematical knowledge. All in all I consider this course as a Math refresher and a useful bootstrap module which allows to gently read and understand more advanced literature about quantum computing in particular and quantum physics in general.I'm giving this course only one star because I would quite strongly advice you against this lesson while the material for the last two weeks stays as is. I've passed this course with 99.2% (100% at all the first weeks, 96% at the last one) so this review doesn't come from somebody sad or angry to have failed.",1,"quantum-computing-algorithms"
"89","Please re-evaluate what students actually need and want to learn as a newbie!!!!!!Please be aware that most students are not coming for math but for introductions !!!!!!!Please elaborate more on a high-level concrete overview/summary on important concepts before deep diving into math !!!!!!! Please make sure your explanation makes sense not only for yourself but also for more people !!!!!!!!Please make sure the tests are well covered by the slides and notes, otherwise, share guidance!!!!!!!Please do not ignore the questions from students !!!!!!!!Please extend the duration of this course !!!!!!!!!Please update the prerequisites of this course !!!!!!!",1,"quantum-computing-algorithms"
"90","The course has a very interesting topic, however the quizzes are not aligned with the content provided during the video classes. There should be information regarding the pre-requisites at the description of the course informing students of what background knowledge they should have before enrolling to this course. In overall this course is very demotivating for beginners who are interested in learning more about QC. if the course is designed this way on purpose, then it should not be considered a beginner's level course.",1,"quantum-computing-algorithms"
"91","it could be delivered a bit more energetically.The way of presentation is very dull and doesnt hook up students into the lecture due to the style of delivery.",1,"quantum-computing-algorithms"
"92","Horrible. This course is not an "" introduction"". Its really difficult.",1,"quantum-computing-algorithms"
"93","VERY disappointing quality course. I've taken many Coursera courses over the past 6 years and was initially eager to start this course, as quantum computing is one of my areas of interest.However, this is the lowest quality course I've experienced so far. Instructor lacks any presentation energy - seems always tired, and is mumbling at some points, making it hard to understand his explanations. Several times I see him writing/annotating something in the video inset, and yet those annotations DO NOT APPEAR on the slides (main view) so it's very difficult to understand what he's trying to explain.Finally, the quiz questions seem WAY harder than any material covered by him in the lectures. It's as if he gives students just very general information in the slides, and then throws difficult questions out there in the quiz - questions that can *barely* be solved using the information in the slides. The only reason I was able to get through the quizzes is because I have a background in electronic engineering and physics. Those students coming to this course without a physics background may find it very hard/impossible to get through the quizzes based solely upon the material presented in the slides.Coursera, you've definitely dropped the ball on this one.Please. You HAVE to do better that this.",2,"quantum-computing-algorithms"
"94","I disliked this course.  It's quantum computing, so ""difficult"" is to be expected, but the material was made more challenging by the structure and delivery of the lectures. The pacing was frustrating, with some lectures often being too simplistic or digressive and then a sudden rush over important and complex math. The quizzes required some techniques that hadn't been explained (or at least not well-explained) in the lectures, I'm still not sure if I solved them in the ""appropriate"" way. Only reason I'm giving it two stars and not one is that the technical content is fundamentally solid.",2,"quantum-computing-algorithms"
"95","Hard to undestand and monotonous. The course if just informative, but it requires a lot of background on many topics to be finished.",2,"quantum-computing-algorithms"
"96","The professor is a little bit confuse and the course sometimes were structured badly",2,"quantum-computing-algorithms"
"97","Since the title is introduction the program could have been more simplistic in nature and later on go towards more complicated subjects, a brief introduction should be there for all the notations, symbols, equations,etc that are being used.   It took me more than a month to clear week 4. I request to change the contents into a better presentable way",2,"quantum-computing-algorithms"
"98","Weeks 1, 2 and 3 are a great introduction to Quantum Computing! The instructor covers very clearly all of the subjects related to QC. I wish the background material could be either explained more clearly, or some additional references be provided. The exams during these weeks are difficult, but working through them enhances your understanding of the subject.Weeks 4 and 5 are a completely different story. Unfortunately, it is as if the instructor completely forgot that the only prerequisites listed for the course were complex numbers, and linear algebra. If you are a slow learner (like I am), you better be prepared to spend at least an additional 10 hours per week searching for additional references to fully understand the material covered. Every topic related to QC the instructor covers extremely well; it is the supporting material and the mathematics needed to understand it that requires extra time. I think that there are other very interesting introductory subjects that could've been discussed (like quantum teleportation and error correction), instead of spending so much time on proofs and formalisms of the algorithms; those could be covered in a more advanced course.In summary, I recommend this course if you have a good background in classical algorithms and/or math, or are willing to spend the extra time figuring out certain subjects that aren't clearly explained.",3,"quantum-computing-algorithms"
"99","More time should have been spent on explaining the blocks and the algorithms.",3,"quantum-computing-algorithms"
"100","The course seems to cover the important stuff. But there are some issues with the quality of the material. The videos are chopped off in the middle of a discussion making them difficult to follow. Also, the intro part of every video is too loud compared to the rest of the material.",3,"quantum-computing-algorithms"
"101","It was difficult to even grasp the main idea of many algorithms. Involvement of some discrete mathematics made it more difficult to understand. There is a need for more simple exercises and videos.",3,"quantum-computing-algorithms"
"102","Good course, but it could be better, especially in terms of getting better answers from the instructor. The subject is hard to deal with and grasping some of the subtleties is difficult.",3,"quantum-computing-algorithms"
"103","The lectures were quite difficult to understand and could have been simplified. The explanations given were not enough to develop a full understanding.",3,"quantum-computing-algorithms"
"104","Very interesting course, however the
instructor is not so clear.",3,"quantum-computing-algorithms"
"105","The course is very informative. But the mathematics is quite hard to follow even for a Physics undergraduate like me. The prerequisite of linear algebra actually means the knowledge of Hubert space and other advanced concepts which I think is quite complex for most non-science students. Also the quiz is quite challenging without the necessary guidance. It sometimes takes me multiple trial to see what is the correct answer. I think it would be much nicer if there are additional resources that we can read on for the harder questions in the quiz.",4,"quantum-computing-algorithms"
"106","The math is brutal in places, but the course is generally clear, explanations are good, and the instructor is engaging.... could be improved by more time spent on the nature of quantum oracles, a little more review of the math needed",4,"quantum-computing-algorithms"
"107","It's a really good course. The only problem is that the instructor is not very fluent in english.",4,"quantum-computing-algorithms"
"108","Overall a very good course. For me the best value of this course is that it got me started on quantum computing and moved me passed the initial mathematics pretty quickly so that I could get an appreciation for quantum computing without having to be an expert with the  math and quantum mechanics itself. This being said, after having completed the course I still feel I have a lot to learn. I also agree with other reviewers concerning the last two weeks of the course and that the presentation could have been better.Nevertheless, I feel I have some momentum going with the subject and I hope to be able to go back to my textbook ""Quantum Computing for Computer Scientist"" and continue my studies.On a practical side I would also like to acknowledge that this course helped be to understand better the nature of problems that will lend themselves to being solved better with quantum algorithms and those for which classical algorithms are no worse. This will be important to know as we move forward and separate the hype from the reality.",4,"quantum-computing-algorithms"
"109","I recommend this course, especially if you are quite fresh of a STEM degree.
If your degree dates 20 or more years ago (like in my case) consider you'll probably need more time to refresh the topics required to pass several tests, in particular complex numbers and linear algebra. I don't give 5 stars only for this reason: some final test looks a bit weakly related  to the lectures and more connected to the underlying mathematich.",4,"quantum-computing-algorithms"
"110","I have thoroughly enjoyed this course and I loved the way the instructor gradually built up the concepts. Sometimes, I had difficulty following some technical terms. I think this comes under the prerequisites for taking up this course. The module exercises were not too easy, but they were not difficult either. They were good. On the whole, I enjoyed taking up this course. I wish there was less math though.",4,"quantum-computing-algorithms"
"111","A great starting course for a theoretical understanding of quantum algorithms. This course is very mathematically challenging and requires an advanced understanding of vector spaces and Dirac notation. Content is explained well, but at times it can be difficult to follow the derivations and it can be easy to lose track of how the maths fits in to the bigger picture.",4,"quantum-computing-algorithms"
"112","I enjoyed this course, but found it tough going. I knew very little about Quantum Computing before I began, nevertheless I found this course to be a useful introduction to the subject. However, I would recommend that anyone seeking to complete the course should check first that they are competent with the necessary mathematical prerequisites.",4,"quantum-computing-algorithms"
"113","It was a good introductory course with a lot of details covered relating basics of quantum computation. It would have been a lot better if more solved examples would have been added to give more clarity to the concept. This intern would have allowed a better understanding in doing the assignments/quizzes. Over all I enjoyed the course.",4,"quantum-computing-algorithms"
"114","The course is very good if you want to start learning quantum computing.The only problem with the instructor is that his english not that good so you might face some difficulty in understanding him.",4,"quantum-computing-algorithms"
"115","Fantastic course with a nicely structured progression. Professor Syosev went into great detail to ensure that the mathematical models behind the algorithms and filed spaces were clear.",4,"quantum-computing-algorithms"
"116","Need more context and extra knowledge other than the course for completion. But it helped me guide as to what all I need to learn in order to move forward in the field",4,"quantum-computing-algorithms"
"117","Significant effort to land a complex subject. The learning curve is a bit high, especially in the last two weeks, where the math gets tough.",4,"quantum-computing-algorithms"
"118","The professor was very good with his concepts but his communication is not clear...and the pre-requisites were not clear initially",4,"quantum-computing-algorithms"
"119","A highly technical course which lacks the motivation and often times does not give the intuition behind some key algorithms",4,"quantum-computing-algorithms"
"120","It was a well organized course. The assignments were challenging, but they were solvable. The Professor taught really well!",4,"quantum-computing-algorithms"
"121","the exercies are difficul to work out based on the theory. I would appreciate that the instructor solved more problems.",4,"quantum-computing-algorithms"
"122","I enjoyed it for the very fact that it was difficult and mathematics is just mind blowing!! the course was excellent!!",4,"quantum-computing-algorithms"
"123","The course is great and the material really blew my mind, coming from a traditional programming background.",4,"quantum-computing-algorithms"
"124","Sometimes it was difficult to follow, logical jumps between two statesments are often to big.",4,"quantum-computing-algorithms"
"125","It's a really great course and I finally may take a peek at the field of quantum computing.",4,"quantum-computing-algorithms"
"126","Course is very good & mind-blowing and needs great understanding  in mathematics .",4,"quantum-computing-algorithms"
"127","Thanks Discussion forums helped in solving my errors.",4,"quantum-computing-algorithms"
"128","This is good but needs more clarity.",4,"quantum-computing-algorithms"
"129","Challenging and enjoyable course. I",4,"quantum-computing-algorithms"
"130","A little bit Language issue",4,"quantum-computing-algorithms"
"131","Very uninspiring. A whole 15 minutes of phonetics might sound like a good idea for a textbook but definitely not for an online course. Phonetics can be taken step by step while learning some basic sentence constructions. By the end of the 15 minutes, no one will be able to remember 10% of the information provided. Also not having an actual person teaching a language is counterproductive. The movement of the lips and mouth in general are extremely important for pronunciation.",1,"japanese-1"
"132","Overly technical, needlessly theoretical; unable to take quizzes unless paying 49 dollars.Neither recommended for absolute beginners (who will drown in jargon), nor returning learners (who will get nothing out of this course unless they pay to have a machine grade short quizzes).",1,"japanese-1"
"133","robotic, impersonal voice. Constant speed even in parts where the teacher should linger more to explain better. Few (almost non-existent) concrete examples",1,"japanese-1"
"134","The course automated voice was kind of very annoying which made it difficult for me to understand this course.",1,"japanese-1"
"135","I could test myself on anything due to it wanting me to upgrade. I did not want nor need the certificate.",1,"japanese-1"
"136","Is is hard to understand",1,"japanese-1"
"137","This course is not that effective because the video does not contain real time native speaking Japanese  professor and the computerized  voice creates problem in understanding tones and pitches of words. And the course is not created keeping absolute language beginners.like in Korean language courses there are real time native speaking Korean professor and real like example and they explain tones and pitches and grammar.",2,"japanese-1"
"138","It would have been nice if the teacher introduced the Japanese characters first with their pronounciation and then continued teaching instead of using Latin transcripts",2,"japanese-1"
"139","Didn't understand anything..",2,"japanese-1"
"140","The course is not entirely bad however their are certain things which can be improved. These are my personal opinion.1.too much information is cramped in each video which can be very overwhelming for beginners2. their are not much examples or daily life conversation3.this course may be very difficult for absolute beginners because of the way the course is structured4.I faced a lot problems in grammar. I feel that they were not explained very well(or maybe I couldn't understand it properly).",3,"japanese-1"
"141","Actually, the course propose is nice, but i think more interactive activities and videos would be great, seens a week point, and some of the examples are difficult to understand, had to talk with my friends which are fluent in japanese cause where difficult sometimes to understand.",3,"japanese-1"
"142","The course was just as I expected it to be. Technical and concise. That said, I still think that Japanese for beginners should be taught in that of an organic way.",3,"japanese-1"
"143","Actually, the course propose is nice, but i think more interactive activities and videos would be great  and some of the examples are difficult to understand",3,"japanese-1"
"144","Almost good for me. I'm looking for Japanese character and a free test. Also I feel English audio a little bit accent to understand.",3,"japanese-1"
"145","Very helpful class if you want to revise your Japanese or if you want to learn new concepts that weren't available in your previous courses. Allowed me to learn new words and new grammar rules. However, there were a few things that I  find worthy to improve. 
1) In two videos about vocabulary rules, the absence of an audio narrator is flagrant and does not help students who might want an audio narrator to guide them. Which I reported to you after seeing them.

2) The employ of verbs in neutral or formal ways is a bit confusing at times. Would be nice to have a list showing all the verbs taught and, for each verb, all their forms that they can be employed (formal, neutral, etc.).3) In a couple of tests and PDFs, I noticed some typos that could have been corrected. For example, In one of the Writing exercises for the katakana, the word Test is written as Tesuto. Which makes it a bit evident as to how to answer.

4) In some of the quizzes and exercises, the Japanese text and the English one are not properly contrasted with calligraphy elements like bold characters or italics. Which makes the reading of the quizzes complicated. Might be helpful to either put bold characters or to separate the two text in tables.

5) For the vocabulary sheets, would be nice to distinguish and separate words into according topics instead of jumbling them through a long list that can be confusing to read at times.

6) As a language learning class, the absence of available reading material is evident. Any chance of putting links to websites or blogs or books that students could read to practise their Japanese reading skills. Any chance also of making videos on YouTube to help students witness dialogue between participants.

These are some of the details that I noticed within the course that could be improved. Hope these points will help you.",4,"japanese-1"
"146","This was a good introductory course for Japanese, which only a few flaws.  The most notable is the use of questions that require the user to select multiple answers within one question.  The problem is that the context of these questions feels dependent on remembering the exact section of dialog that was provided in the exercises.  An improvement would be to provide unique context, and to divide these sections into individual questions per section.  Overall though, I am happy with this course.",4,"japanese-1"
"147","There was a small inefficacy in the eloquence of the instructor otherwise the course was very helpful. I have learnt a lot from this course. Arigatou Gozaimashita :) sensei.",4,"japanese-1"
"148","This course was very helpful in correlating all that I had learnt about Japanese into one resource. It solidified my grammar and improved my writing skills.",4,"japanese-1"
"149","there were spelling mistakes in the awnsers and questions",4,"japanese-1"
"150","Easy to follow along, despite a few mistakes.",4,"japanese-1"
"151","Great teaching cocepts.",4,"japanese-1"
"152","Admittedly, it is a little bit hard for beginners. Before starting this course, I have already learnt hiragana and katakana and the basic rules of Japanese. As a result, I do not feel this course is very hard. However, I suppose that the real beginner will not feel well in this course. My suggestion is that for people really want to learn this course, you should have basic idea of it or you have enough time to go over what you have learnt. Learning languages should be a long process. It is not impossible to learn Japanese well in several classes. Also, if you cannot stand the Japanese accent, it is not a suitable course.",5,"japanese-1"
"153","very easy to understand and practical. would do it again!!!!",5,"japanese-1"
"154","Helped me get basic knowledge of writing and speaking Japanese.",5,"japanese-1"
"155","Very useful course. I was able to start from having zero knowledge of Japanese to finally being able to read, write and speak basic Japanese :). The course was a step by step guide in helping you to learn and build up your vocabulary. It also  have quiz and test that created a deeper understanding towards the course.",5,"japanese-1"
"156","Japanese Instructions was clearly given and understandable. Reading and writing exercise were good too. Practice Quiz helped a lot in learning my mistakes over and over.",5,"japanese-1"
"157","It was hard , but i am sure that if i took  more courses will be able to speak and understand japanese fluently thanks i hope you will add more courses thanks alot",5,"japanese-1"
"158","muy didáctico, el material excelente y la estructura muy bien planteada, la plataforma es muy fácil de manejar y los ejercicios se comprenden muy bien.",5,"japanese-1"
"159","The course is really interactive and helpful for Japanese beginners. The practice exercises help get ourselves train in writing the Japanese script.",5,"japanese-1"
"160","This is a great course to start your  Japanese learning journey. Great content.",5,"japanese-1"
"161","The best I could have asked for!!Arigato goziasmashta",5,"japanese-1"
"162","Excellent course! I´m gratefful  ありがとう ございます",5,"japanese-1"
"163","ITS  WAS SO GOOD ,NICE EXPLANATION,",5,"japanese-1"
"164","Congratulations  from Mexico !!!!!",5,"japanese-1"
"165","Tools provided in the course to submit the assignment doesn't work and there is no response from the team on how to resolve this issue. All the users in this course are facing the same issue.",1,"big-data-essentials"
"166","I am unable to understand what the tutors have been talking. I am scared after seeing them talking in the very first video.",1,"big-data-essentials"
"167","The topics and the content of the course were good but that is the only thing that was good. The presentation is done in English with a heavy Russian accent with wrongly translated subtitles. The assignments are described minimalistically, passing the automatic checking of the assignments cost more time than actually getting the right answer for the assignment and often the external assignment environment is down or not functioning correctly. When this happens the staff support on the discussion board is really slow (think in days or weeks) or non-existing.",1,"big-data-essentials"
"168","Not very happy with the course. Submissions had lot of issues.I could not figure out and left the course in the middle(even the demo assignment was not working).The instructors were great but somehow I thought they were not very involved.Too much information (stated fast) out of which you may not be caring a lot. Lot of slides/presentation but somewhere they were too fast or were  not able to connect the exact points.",1,"big-data-essentials"
"169","I don't even know where to begin...The English is super hard to understand, the documents which are needed for working with the videos appear after the videos, the course jumps around with introducing knowledge and then just shrugs it off with a page of ""yeah we know there are jumps here but please stay with us""",1,"big-data-essentials"
"170","extremely difficult to understand some of the trainers, lots of errors, hard to follow material presented, lots of material tested but not covered well in training.",1,"big-data-essentials"
"171","No support at all from the team, exercise description often imprecise, wrong formulas have been used.",1,"big-data-essentials"
"172","No support and badly worded problems.",1,"big-data-essentials"
"173","The course is not elaborated. Actually it is a FAIL. Bad accent, inappropriate jokes (Hello, Alexey!), not so good topics (for introductory course), paranoid grading system. Only lectures from Ivan Puzyrevskiy are decent. Thank you, Ivan!",2,"big-data-essentials"
"174","Accent is horrible, it is hard to listen, a lot of mistakes in the words pronunciation. But the idea of course is good.",2,"big-data-essentials"
"175","I can't say this is an easy-understanding course.I have some knowledge on the Hadoop, MapReduce, and Spark. But the lectures in this course are not well organized and clearly presented. Many concepts are too abstract for people to digest and follow. They only talk about very limited theoretical knowledge, and the examples only mess up with your knowledge base.Two points for the free access.",2,"big-data-essentials"
"176","This course has potential to improve and to be a very good course, but serious problems with the assignments or the graders, and the lack of care in the assembly of some lessons and their corresponding quizzes make impossible to recommend it to anyone interested in a serious and high quality course on the topics of big data.",2,"big-data-essentials"
"177","The pronunciation is hard to understand and most of the  in-course tools does not work",2,"big-data-essentials"
"178","I learned some useful information and got some experience in working with Hadoop MapReduce and Apache Spark, even though there was plenty about the course that made it a real headache. I do feel like I spent much more time trying to figure out how to make my answers pass the autograder rather than learning how to structure my code to solve big data problems. Even though I won't bother to finish this course, because I don't need it to get a new job right now, I figure that what I have learned will give me a headstart if and when I really do need to learn this material.",3,"big-data-essentials"
"179","This course system had lots of bugs in grader system as well in the practice environment. Also the course journey was not suitable for a beginner point of view.",3,"big-data-essentials"
"180","The main drawback of the course are the practical assignments. It was frequently unclear, what the requirements were and where to find materials mentioned in the assignments.  You should also take into account, that 1) the main focus of the course is the hadoop streaming, 2)  knowledge of docker is not a requirement for the course, but still is very useful",3,"big-data-essentials"
"181","Learned a lot, but the videos alone aren't really enough to get you through the assignments. Also, the assignments have a 'bottleneck' at the grading system where you know the answer is correct yet the grader won't accept it because your route to the answer is different than standard.",3,"big-data-essentials"
"182","Although the faculties were knowledgable, it was very difficult to understand them sometimes. Also, the course is not up to date.  The instructions given in the video to upload assignments was not matching to the ongoing scenario.",3,"big-data-essentials"
"183","Practical tasks could use some work: it would not hurt to have more of them, but to improve them with good notebooks like Andrew NG's deep learning course (maybe not as simple as his, but mode informative for sure)",3,"big-data-essentials"
"184","Quizzes in this course ask questions that are not covered in lectures. Subtitles are full of mistakes and typos. Other than that, the material of the course is very interesting.",3,"big-data-essentials"
"185","The lectures are very fast and to me accent for some of the presenters are difficult to understand.",3,"big-data-essentials"
"186","The subject is very interesting but the grading system is very problematic and difficult.",3,"big-data-essentials"
"187","Excellent class to learn the basics of MapReduce, Hadoop, and PySpark. The lectures are very informative. They move at a strong pace, making this class more like a graduate level class in lecture style. The programming problems are well designed to learn these languages. The only downside is that code submission can be a bit of an adventure. It's not always clear exactly what the auto-grader is looking for. Aside from this issue, I would recommend this class for people interested in the material.",4,"big-data-essentials"
"188","Home Assignments and their checker could be more transparent :)",4,"big-data-essentials"
"189","Difficult for newbies, but good for intermediate",4,"big-data-essentials"
"190","Потратил больше времени на то, чтобы Grader правильно принял решения, чем времени на решение задачи. Потратить 3-4 часа на решение исходной задачи и потратить 10 часов (включая форум и Slack) на то чтобы ответ правильно принять. Особенно на задаче с Твиттер датасетом, ругается на количество редусеров, но оказывается, надо было логи yarn тоже выводить. Хорошо было бы добавить еще одну проверку, которая проверяет выводятся ли логи yarn и сообщать, что его нет.Если бы не эта проблема, поставил бы 5 звезд.",4,"big-data-essentials"
"191","good course, covering a lot of foundations for Big Data and for Hadoop/Spark. Also one of the few that focus on Data Engineering  perspective rather than Data Science. Learned a lot here!",4,"big-data-essentials"
"192","Materials are good, but there was a lot of problem with assignment clear understanding and infrastructure. Also would like to pass this course on Scala.",4,"big-data-essentials"
"193","Overall course was good and informative.. Sometime it feels lil bit tough to grasp may be due to as its an entirely different domain for me",4,"big-data-essentials"
"194","The practises are practical and useful. However, there is an initial learning curve to get use to the grading tools.",4,"big-data-essentials"
"195","Expected more depth in Spark architecture but was kept at a high levelCourse on HDFS were really good",4,"big-data-essentials"
"196","The content was a nice introductory course. The only thing that could be better is the grading system",4,"big-data-essentials"
"197","Good course, but the description of practical tasks is not always clear.",4,"big-data-essentials"
"198","Requires intermediate skills and ability to work on your own.",4,"big-data-essentials"
"199","The assignment cannot submit correctly. Really disappointed!",4,"big-data-essentials"
"200","Course is good,but the grader doesnt work properly.",4,"big-data-essentials"
"201","Some explanations of concepts not clear",4,"big-data-essentials"
"202","Everything in this course is new to me, but it provides me with many practice so I can gradually get familiar with all these new stuff. I find it a bit challenging, but overall it's quite good.",5,"big-data-essentials"
"203","It was absolutely a great learning experience with Yandex. Many of doubt got cleared after watching these awesome videos.Lectures have in depth knowledge and understanding about Bigdata and Spark.Looking forward for the next course.",5,"big-data-essentials"
"204","Gostei muito do curso, espero poder me dedicar mais nas próximas semanasI really enjoyed the course, I hope I can dedicate more in the coming weeks",5,"big-data-essentials"
"205","The course gave me more techical skill with Hadoop and Spark that help me can confidence in my career. Thank coursera and yandex so much.",5,"big-data-essentials"
"206","I am very glad that I completed this course, everything is extremely affordable. Teachers are competent and erudite",5,"big-data-essentials"
"207","A well structured, to the point description, well designed exercises taught by brilliant instructors.",5,"big-data-essentials"
"208","Course Content is good, but some times the grading tool is getting unresponsive.",5,"big-data-essentials"
"209","The nice and helpful course as usual because it was made by Yandex and BDTeam",5,"big-data-essentials"
"210","This course really takes you deep into Hadoop with the technical stuff.",5,"big-data-essentials"
"211","Its very useful course, good trainers are explained very detail.",5,"big-data-essentials"
"212","This week was pretty good and insightful around Map Reduce",5,"big-data-essentials"
"213","Awesome content...great learning ...:)",5,"big-data-essentials"
"214","This course does not include real-world examples as compared with other 2 courses in the series. The other lecturers energy was quite obvious and the lecturer in this course does nothing extra. This is the traditional teaching method where we should keep on grasping theory without understanding applications.While I have learned many new concepts, I am 100% unsure I have not understood the course in general.The assignments in the course was poorly constructed and the lectures did not explain anything more about numpy methods.I will not recommend this course to anyone.",1,"pca-machine-learning"
"215","The didactic value of this course is rather low. The lectures do not explain the very concepts required to sovle the subsequent assigments, or do it in a very poor way.",1,"pca-machine-learning"
"216","Do not take this course. This course is just a waste of time, money, and effort. The instructions in this course are vague and useless. You have to learn everything from the internet in order to answer the quiz. The programming assignments are so poorly designed that there is no difference between a blank notebook and programming assignments in this course. The grader will grade everything wrong even when your code is correct. You have to do extra maneuvers in order to get your assignment graded correctly. IF I HAD AN OPTION OF GIVING A NEGATIVE RATING I WOULD HAVE GIVEN THIS COURSE A MAXIMUM NEGATIVE RATING. EVEN 1 STAR RATING IS TOO MUCH FOR THIS COURSE.",1,"pca-machine-learning"
"217","The course is very monotonic and boring and it is quite difficult to understand much of what the extremely mathematical terms that the instructor does. I am an M.Sc. Mathematics student and even I could not understand nor enjoy more than half of the course. I would strongly advise against taking this course, however the other two courses from this specialization are good and interesting.",1,"pca-machine-learning"
"218","I don't know if this course has been deliberately made hard to understand or I was lacking something. Lectures were pretty useless to me. Coding exercises were not clearly defined. I felt utterly frustrated at times.",1,"pca-machine-learning"
"219","The lessons are not clear and if one wants to learn and understand what is going on with the math/algebra, has to study with other resources, because the videos of this course just throw up info´s on screen.",1,"pca-machine-learning"
"220","This course was a disaster for me. The first two were great though.",1,"pca-machine-learning"
"221","POOR VERY POOR",1,"pca-machine-learning"
"222","This course was very frustrating. I would say that I'm quite competent in math, but I still struggled, not necessarily because the content is challenging, but because the instructions are unclear. I like that the lectures go through derivations in detail, but the instructor often skips steps. Sometimes he would reference a property of matrices that were not talked about, and I would have to spend half an hour researching what that property was to follow what was happening. The quizzes were minimally helpful, as they were merely the same computation question repeated throughout the quiz, which does not help to build intuitive understanding. The programming assignments are unclear on instructions and had many bugs, even in the pre-written parts. A lot of time was spent on reading the NumPy documentation, as the assignments gave little indication of what functions should be used and how they should be used. Overall, despite having a mathematical derivation of PCA, the course is very confusing and frustrating, perhaps even to those competent in this area of study.",2,"pca-machine-learning"
"223","the instructor is knowledgeable but he has no teaching skills what so ever. He makes things very confusing. An example at the end would be very useful. No step-wise algorithm is provided.",2,"pca-machine-learning"
"224","Poor programming assignments, lots of error. Also, the teaching staff has to pull their socks up. No intuition behind anything, only throwing formulas one after the other. I must say if this is the stuff Coursera has to offer then it's not far that other online platforms will take over. No offense but I sincerely request the instructor to improve his teaching skills, as this kind will take him nowhere. It might sound harsh but it's the reality. Nevertheless, I learned something new which will hopefully help in my future, and for that, I will like to thanks the whole teaching staff. I hope you all continue this great initiative, provide quality content, and make learning as easy and affordable as possible. I Will be looking forward to more courses from your side but this time, please come up with new and exciting ways to explain mathematical stuff. Once again Kudos to the teachers and all the students who completed the course!!",2,"pca-machine-learning"
"225","The first two courses in this series are excellent. However, this third course is taught by a new teacher and this introduces a remarkable drop in quality.There are of cause different styles of teaching. However, as a minimum a teacher should strive towards conveing to students the importance of the subject at hand and the intuition behind it. However, this teacher settles for monotonously writing out formulas and definitions that can simply be read in the course formula PDF. Thus, watching the videos becomes a waste of time. In turn, this makes it harder to complete quizzes and assignments since one first has to go searching the internet for web pages that actually explain rather than simply state formulas that one needs to combine and apply in order to solve the assignments.",2,"pca-machine-learning"
"226","The intermediate level of this course is accurate, but mainly because of the course's structure. In my opinion this course should not be a part of the specialization as the PCA is already covered in the first two courses. Although this third class is more (and almost only) about the maths I found it confusing in relation with the previous course and their explanation of PCA. Programming assignments are difficult and help the student to think by itself, however they are buggy which may take away the struggling student motivation.",2,"pca-machine-learning"
"227","Pros:There is a lot of interesting math to be learned, and some of the Jupyter notebooks provide cool examples of how you might use Numpy and Scipy to learn more about data sets and algorithms through various kinds of visualizations.Cons:The lectures are dense with lots of complicated derivations that are moved through quite quickly. The final programming assignment is a mess. In particular there are cells within the Jupyter notebook that take a VERY long time to execute even if you reduce the number of iterations.",3,"pca-machine-learning"
"228","Few examples in lectures.  Topics introduced with no apparent relevance.  Topics repeated from prior courses in specialization indicated as pre-requisites for this course.  Coding assignments poorly organized.  Many problems submitting coding assignments.  Over all frustrating experience.  Many comments in forums reflect this and after 2 years, no apparent changes have been made.  Disappointing.",3,"pca-machine-learning"
"229","I want to give this course a higher rating but I was disappointed; the production standards are as high as ever but the assignments are a bit heavy on the Python. If you are inexperienced in coding Python you may be in trouble. This is not the case for the first two courses of this specialisation. If it is the maths that concerns you .. you are in safe hands. very well taught. Thanks",3,"pca-machine-learning"
"230","Thank you to all the professors and staffs for such a wonderful program. I did learn a lot.This last course is indeed a fun and challenging one. But it fells short compared to the other two due to some aspects which can be improved in the future. Nevertheless, I'm glad that I can learn about PCA.",3,"pca-machine-learning"
"231","The course contents were good, but I felt the explanation was not so clear. Since PCA is a very important topic in Machine Learning, after explaining some new concept, the instructor could've solved a couple of examples with it, so that the newly registered concepts would be crystal clear.",3,"pca-machine-learning"
"232","Difficult course. They need more formal tutorials to help with the gap between the videos and the tests and projects. I found it very helpful to buy the instructor's textbook and read along in it.",3,"pca-machine-learning"
"233","The knowledge introduced in this course is really helpful. However, the programming assignments are very time consuming and not necessarily relevent",3,"pca-machine-learning"
"234","Far more challenging than the first two courses.",3,"pca-machine-learning"
"235","Last assignment was hell on Earth...",3,"pca-machine-learning"
"236","-Some of the contents are not clear. +It gets great intuition for new learners in machine learning.",4,"pca-machine-learning"
"237","it is good, challenging course. i've learned a lot, but feel that i came away with quite patchy knowledge. This course is a big step up in complexity and delivery form the previous two courses. perhaps my expectations were not right to start with - one cannot learn this level of complexity so quickly. Admittedly there are many gaps between the lectures and course materials and what is asked in programming assignments. i ended up reading a lot online to fill in the gaps (i've learned a lot of python during the course, which is great!).nevertheless, after this course i feel equipped to continue with machine learning.",4,"pca-machine-learning"
"238","This maybe the most frustrating course and most advance compare to 2 other courses, you might confuse about the code in the assignment of this course. So, if you do have basic background about coding with numpy, matrices,etc..., I do recommend this course, if you qualify enough to fix the bugs of what the dev team left.",4,"pca-machine-learning"
"239","The quality of this course is comparable to the previous courses in the specialization, but the math and derivations were harder to follow (even accounting for the increased difficulty of this course). The assignments also were very practical and help reinforce the course's content.",4,"pca-machine-learning"
"240","I think this is one of the bests courses that I have taken. I would just recommend to describe more accurately decimal precisions in tests because it has a little challenging to realize that the solutions proposed were not successful enough because of this issue.",4,"pca-machine-learning"
"241","I found the course excellent but in the programming assignments is not always clear what should one exactly do. They are also quite confusing, especially the last one on PCA implementation. One wastes so much time trying to figure out the solution.",4,"pca-machine-learning"
"242","Great Course but not good as previous two courses. It helps me gather great idea about Principle Component Analysis. Thanks to Coursera, Imperial College London, and Professors for this amazing course and specialization.",4,"pca-machine-learning"
"243","I learned a lot in this course, though the last week was somehow hurried and the lecturer didn't spend enough time to piece the whole stuff together.",4,"pca-machine-learning"
"244","It is a good course with hard programming, but the assignments could be improved. The forum helps a lot.",4,"pca-machine-learning"
"245","The derivations of some concepts have been more vague compared to other courses in this specialization.",4,"pca-machine-learning"
"246","so challenging for me",4,"pca-machine-learning"
"247","Great course !! Definitely it's an intermediate course so if you don't have a college level in lineal algebra and calculus you'll struggle with the videos and the notebooks (besides you need basic level programing in python and numpy)The videos are kinda hard but it seems that Marc it's a great mathematician and also he shares a great e-book written by him that has everything seen in the course and more, so with this you can get all the knowledge need it to understand PCA.I don't understand why it's only 4 stars rated; again if you want to learn linear algebra and calculus, this is not the place... you need to have the needed level to suceed.",5,"pca-machine-learning"
"248","This is an excellent course first covers statistics, looks back to inner products and projections, thereafter it connects all of that and introduces PCA. The knowledge that you've gathered throughout the first two courses gets applied here. Granted, it's more abstract and challenging than the others, I wouldn't give a worse rating just because of that. You'll need to dive into certain topics on your own and if you strengthen your coding skills for the programming exercises. Nevertheless, it's just as highly rewarding as the first two.",5,"pca-machine-learning"
"249","Although there are glitches with the submission of assignments and some of the videos by instructor are brief, I will still rate it as a 5 star for the content covered. This is 3rd course of the specialization and need solid understanding of the concepts covered in first 2. Considering the more challenging content covered in this course, Instructor did a great job. All instructors in the specialization are awesome, Would love to do more advanced courses from the same team.",5,"pca-machine-learning"
"250","A great course, worth the money. It was hard, as it should be. The explanations are concise, and the assignments take much more to complete, at times leaving us scratching the head. Anyway, I'm so glad to have completed, it has provided me such great insight about how mathematics powers the machine learning algorithms we use everyday.",5,"pca-machine-learning"
"251","Perfect course. It takes up more time and effort than the other two courses in the specialization.  But what you learn by the end of it is totally worth the effort. Note that this is an Intermediate course compared to the other two which are beginner. So the extra rigor is expected.",5,"pca-machine-learning"
"252","I liked the course quite a bit. I found it quite challenging (I had never seen any PCA) but it always kept me very interested. I had to use several sources to read a little more about PCA and to complete the last exercises, the forum is very helpful.",5,"pca-machine-learning"
"253","I enjoy the lectures. The professor has a good speaking and teaching style which keeps me interested. Lots of concrete math examples which make it easier to understand. Very good slides which are well formulated and easy to understand",5,"pca-machine-learning"
"254","It is a bit difficult and jumpy. You will need some hard work to fill in the missing links of knowledge which not explicite on the lectrue. Overall, great experience.",5,"pca-machine-learning"
"255","Highly informative course! Loved the depth of the material. Found this course content highly useful in my current project based on PCA.",5,"pca-machine-learning"
"256","Excellent and to-the-point explanations, useful assignments to make the concepts etched in memory",5,"pca-machine-learning"
"257","Very hard to follow, but you need to do it to understand machine learning very well.",5,"pca-machine-learning"
"258","I have thoroughly enjoyed every course of this specialization. Thank you very much.",5,"pca-machine-learning"
"259","It was an intense Math Class with a piece of new knowledge about PCA...Thanks",5,"pca-machine-learning"
"260","Great course. Extremely smart lecturer.",5,"pca-machine-learning"
"261","Tough, but great!",5,"pca-machine-learning"
"262","Extremely content light. Quizzes are bizarre and basically rely that you go back to the lecture and find the one sentence where a comment was made. There's no interactivity. Really pales in comparison to the first course in the sequence. I really hope this specialization gets better or this will be a SLOG. I expected better from Wharton!",1,"wharton-introduction-spreadsheets-models"
"263","Quizzes need to explain why some question answers are incorrect, or else learning is almost impossible.",2,"wharton-introduction-spreadsheets-models"
"264","I did not find it as hands on as I would like and found that the answers to the quiz's were not really in the material",2,"wharton-introduction-spreadsheets-models"
"265","Not very helpful or in depth compared to other courses in this specialization. Skimmed the top of topics without really providing much in terms of actually operating the tools of spreadsheets and models",2,"wharton-introduction-spreadsheets-models"
"266","i know is an INTRODUCTION, but excel i s about practicing, so I think teh teacher should encourage the student to practice more,",2,"wharton-introduction-spreadsheets-models"
"267","This course is somewhat lacking depth. The introduced tools are very basic and I would have expected more content for the prize",2,"wharton-introduction-spreadsheets-models"
"268","Homework assignments are poorly worded and fail to provide students with correct answers to enhance learning.",2,"wharton-introduction-spreadsheets-models"
"269","needs more clarity",2,"wharton-introduction-spreadsheets-models"
"270","This course needs a total overhaul; in its current state it is a detriment to both Coursera and the Wharton Online brand. First, there was relatively little content; there was less than an hour of lectures each week and no actual programming involved. Second, the material was pitched at a very basic level, but not in a good way. Third, the tests didn't manage to even test the material being covered. For example, when given a mean and stdev, when asked to find a value, often the lecture would use an approximation ( i.e., a 2-tailed 95% distributed = 2.00 std devs. ) This is a class on excel: there is NO excuse for not introducing norm.s.inv and norm.s.dist when asking that question. When the test required the ""approximation"" rather than the exact calculation? Everything about this course was wrong, it needs to be scrapped and thrown away.",1,"wharton-introduction-spreadsheets-models"
"271","Frankly speaking, it should be the most disappointing MOOC I have ever enrolled so far. The Professor's teaching is clear and comprehensible but the depth of the course content cannot meet the university level, especially from a worldwide renowned school like Wharton. Quiz is the most terrible part which seems like nobody could get it because of the ambiguous questions and paranoid answer area. Personally, I,  like many other mates, am really grateful to Coursera for offering everyone this equal opportunity. But courses with that kind of quality but staggering price will destroy the company's brand. We all want Coursera to go further and better, but few people prefer monopoly businessman rather than prestigious professors and diligent intellectuals.",1,"wharton-introduction-spreadsheets-models"
"272","Hard to follow due to the pacing. The presenter spoke too slowly at times and went too fast through certain important details.",1,"wharton-introduction-spreadsheets-models"
"273","Very poor PDFs, needs more exercises. It was a waste of time, i didn't learn anything",1,"wharton-introduction-spreadsheets-models"
"274","Modules 3 and 4 were satisfactory, but really does not make up for how ill-thought out the first two were. Questions on quizzes were confusing and you could not correct yourself because you couldn't get the correct answer. The course would be much better if the answers came from interacting with the data sets given as examples, or if there was a 'quiz' data set that you had to actually perform the functions on.",3,"wharton-introduction-spreadsheets-models"
"275","The explanations on videos are not as precise as I needed. And so far it has been the course with less content I have took in Coursera. I think, videos can be done again to be more agile and introduce information missed. Also, the test were not so clear. I got good grades but answers were ambiguos. I think you need to structure questions in order to know what you expect as an only answer.",3,"wharton-introduction-spreadsheets-models"
"276","Quizzes often did not reflect materials from the lectures. Not providing feedback in the quizzes made it very difficult to determine where you went off track. There is a great deal of room for improvement in the presentation as well as the evaluation.",3,"wharton-introduction-spreadsheets-models"
"277","The course was useful, but the quizzes were frustrating. Whenever there is a write in answer for a quiz question, I know I will get it wrong. Even though I am certain my answer is right, it never gets recognized as being correct.",3,"wharton-introduction-spreadsheets-models"
"278","-course slides are same as if non-existent-quizzes need improvement as some questions are no quite covered in the material and the fixed functionality of the quiz does not help one using excel.",3,"wharton-introduction-spreadsheets-models"
"279","I would like to be able to view the answers to the quiz questions that I answered incorrectly after I have passed the quiz.",3,"wharton-introduction-spreadsheets-models"
"280","In my opinion, this course is more information oriented rather than knowledge oriented.",3,"wharton-introduction-spreadsheets-models"
"281","quiz design is extremely confusing",3,"wharton-introduction-spreadsheets-models"
"282","Very poor course. Low depth of teaching, assignments awfully developed.",1,"wharton-introduction-spreadsheets-models"
"283","Pros:  Very good information and methods for running real life business models.  The course provided the spreadsheet modules which allowed you to tinker around and learn them. I consider myself a power Excel user and I picked up some very good new modeling methods. Very concise.Cons: I did Week 2 on my lunch break.  Some questions on the quizzes were a bit vague.  Probably need some working knowledge of Excel before taking this class.If you need to complete a lot of modeling with your job, this is a good course to pick up some skills.",4,"wharton-introduction-spreadsheets-models"
"284","I am accountant from Brazil and at the beginning I thought It was a single Spreadsheet course, ok here I go. Then when I realised it was a wolrd of possibilities, including statistical tips for Forecasting, using a toll we already have. It will help me a lot",4,"wharton-introduction-spreadsheets-models"
"285","The course structure is easy to understand and follow. The content may be too easy for those with Excel proficiency. Assignments that require students to use Excel can deepening the learning.",4,"wharton-introduction-spreadsheets-models"
"286","It's a very useful course, but it has few mistakes in some videos and questions in the quizzes that are hard to understand what are the purpose of them.",4,"wharton-introduction-spreadsheets-models"
"287","Good job of explaining the probablistic models, distributions and why certain elements (e.g. R squared and std. dev) are useful.",4,"wharton-introduction-spreadsheets-models"
"288","Very interesting for an Introduction. Might need more examples in order to assimilate better.",4,"wharton-introduction-spreadsheets-models"
"289","Good course, but maybe too compressed and with scarce examples in excel as well as in slides",4,"wharton-introduction-spreadsheets-models"
"290","It was difficult to follow some of the spreadsheet logic at times. Very useful in content.",4,"wharton-introduction-spreadsheets-models"
"291","Really good basic explanations to spreadsheets and models.",4,"wharton-introduction-spreadsheets-models"
"292","final correct answers are not available",4,"wharton-introduction-spreadsheets-models"
"293","I felt the Quizzes were poorly written and the instructor skipped around a lot or just did not explain concepts in detail compared to course 1.  For the quizzes, fill in the blank does not work in this format especially given how imprecise the instructor was during this course.  A lot of jumping from one idea to another without explaining the connections.  Instructor in course 1 was very good at this. Instructor at 2 was not as good.",1,"wharton-introduction-spreadsheets-models"
"294","I enjoy the lectures. The professor has a good speaking and teaching style which keeps me interested. Lots of concrete math examples which make it easier to understand. Very good slides which are well formulated and easy to understand",5,"wharton-introduction-spreadsheets-models"
"295","Great entry level course. Provides lots of detailed information, useful applications, and even the theory and logic of using spreadsheets effectively.",5,"wharton-introduction-spreadsheets-models"
"296","This class did a great job of introducing the Data Analysis add-in in Excel.  I think this will be very useful and time saving in my line of work.",5,"wharton-introduction-spreadsheets-models"
"297","This was a very useful, well presented course that I will be able to immediately leverage in my current work.  I highly recommend this course.",5,"wharton-introduction-spreadsheets-models"
"298","lectures and examples were clear and questions were pitched at a just-right level, enough to encourage but also to challenge one to do better.",5,"wharton-introduction-spreadsheets-models"
"299","Introduction to Spreadsheets and Models provides very useful tools in learning how to think with numbers. I highly recommend this course.",5,"wharton-introduction-spreadsheets-models"
"300","Very interesting course. Even though I would have prefered to have more much actual life examples.",5,"wharton-introduction-spreadsheets-models"
"301","I really liked the Excel tools Professor Don used. The material covered was very useful as well.",5,"wharton-introduction-spreadsheets-models"
"302","Good overview but I think the different topics could be explained more in detail.",5,"wharton-introduction-spreadsheets-models"
"303","Every thing was so perfect. thank you sir for giving me this opportunity.",5,"wharton-introduction-spreadsheets-models"
"304","its very excellent course i had ever found on spread sheets.",5,"wharton-introduction-spreadsheets-models"
"305","very challenging :)  learned a lot.",5,"wharton-introduction-spreadsheets-models"
"306","Excellent and practical course!",5,"wharton-introduction-spreadsheets-models"
"307","great learning experience",5,"wharton-introduction-spreadsheets-models"
"308","Amazing course , must do",5,"wharton-introduction-spreadsheets-models"
"309","Great help on Excel!",5,"wharton-introduction-spreadsheets-models"
"310","My opinion is
influenced by my professional experience as a classroom teacher, that
utilizes the Flip model and other non-traditional instructional
practices.  In teacher professional development we talk a lot about
“best practices” and how best to reach our students, and this
class just fails miserably in achieving “best practices”.

As a teacher, I’m
not completely ignorant when it comes to the content of this course. 
Weeks 3 and 4 covered content I am familiar with and/or have received
specialized training concerning those topics.  Weeks 1 and 2 were
largely new information and really just provided me with vocabulary
and structured thinking to many things that I do already.  Returning
to “best practices”, the entire course simply fails to
demonstrate the concepts it is teaching.  Using Gagne’s Nine Events
of Instruction, the instructors have failed to gain the attention of
their audience, and they fail to recognize the impact of their
presentation style on the attitudes – specifically motivation and
engagement – of the audience.  


I would like to
share a few recommendations with you.  First, the instructional video
format.  A rule with instructional videos is that you can expect
about 1 minute of attention for every grade level.  So for a 9th
grader, don’t make your videos longer than about 9 minutes.  There
is a point of diminishing returns.  Keep your videos short.  A thirty-minute instructional video is a bad idea in general.  Break the video
into multiple parts to make it “digestible”, and not overload the
learner.  The “talking heads” format that is utilized is not
engaging.  The slides have too much text; if the learner has to read
the slides, then they aren’t listening to you.  None of the
presenters are engaging in personality or delivery.  Dr. Huang may be
an expert in this field, but his videos are long, his voice is
monotone, and he just doesn’t have a presence on screen.  Nothing
about any of the presenters’ deliveries makes learning in
this course exciting.  


Required reading in
this course needs to be altered.  I could have purchased a book on
Amazon for $20 that covered the same content in fewer pages and
would focus more on practicality than straight up theory.  The week 3
required reading was “unreadable”.  You could get the same result
of your required readings by just giving students a bullet list of
topics and having them do their own Google Search of terms.  That
would at least be active learning.  


Assessment design in
this course is poor.  The discussion prompts in videos are a waste of
time as every student creates their own thread in the discussion
forum and there is no incentive to dig through responses to get other
people’s opinions or views because it is not referenced directly in
the summative assessments.  Question design in the quizzes should be
changed as well.  Multiple choice questions are one thing, but
multiple choice-multiple answer questions are cruel.  The later
quizzes are extremely difficult because of this as phrasing and
structuring of answers is not referenced directly from the videos. 
This requires content fluency from the learner that has not been
practiced, developed or assessed prior to this quiz, so the learner
is left guessing and hoping.  Thankfully, there are essentially
unlimited retakes.  


THIS IS REALLY
IMPORTANT.  At the beginning of the course it is stated that this
course is part of the MicroMasters program.  According to the course
listing for that program on CoursEra….it’s not.  


I WOULD STRONGLY
RECOMMEND using a couple of case studies that are introduced at the
beginning of the course and are examined throughout the course as
topics and methods are discussed.  Draw parallels; point out possible
errors; DEMONSTRATE what you are talking about.  


As a teacher, I
always strive for student engagement.  This is even discussed during
the course, attitude/motivation has a big influence on the success of
the learning experience.  Make the course more engaging.  Right now I
don’t plan to continue the MicroMasters program because the
experience thus far has been a soul-sucking/motivation-draining
experience AND I’m not convinced the instructors can provide me
with any information, methods, etc., that I’m not already familiar
with that will improve my skills in the development, implementation,
and evaluation of my learning resources.  


",1,"instructional-design-foundations-applications"
"311","not the course I wanted",1,"instructional-design-foundations-applications"
"312","While the information is comprehensive and certainly very useful, the delivery method of talking heads, power point slides, and online reading material in this course is very stagnant.",2,"instructional-design-foundations-applications"
"313","I find that the content of this course is relevant to the career and it does, in fact, gives the audience a good idea of what to expect from a career as Instructional Designer. However, the way the course was instructed did not meet my expectations.Firstly, content is recited over the videos, this means, students are to sit watching a video of an instructor that talks about complex subjects in a monochrome tone of voice, with the exception of 2-3 speakers. Reciting a content leaves no room for the audience to interpret the subjects, but to learn by heart what was said leading to no motivation from the audience. Secondly, this way of ""teaching"" made quizzes extremely, not to mention unnecessarily, complex for the answers needed to be a copy/paste from the lessons, changing one word could lead to an incorrect answer. Thirdly, why not providing the right answers after succeeding a test, how are we supposed to know the right answers of those questions we did not get right?. Not to talk about the various technical issues, like running out of quiz attempts after using only 2 chances making you hand in the assignments late, marking right answers wrong even when you had a screen shot of the exact words from the video lessons, finding out that your first answers were correct after 8 attempts. Not being able to interact with the instructors when in doubt or in need of clarification.Overall, sadly, I did not have a good experience doing this course; therefore, I would not recommend. I enrolled in the course to have a better understanding of what the career was before going through admissions for a diploma degree. Now I come to realize that paying for this course was not necessary for completing the certificate did not change the outcome. I could have just followed the course without the hazard of completing the assignments, that would have been enough.",2,"instructional-design-foundations-applications"
"314","I feel this course would have been much better if the history portion at the beginning were removed and replaced with some real-life examples and dig deeper into the application of these concepts.",2,"instructional-design-foundations-applications"
"315","Course was very demoralizing, and does not showcase the principles it teaches about Instructional Design. It comes off as a very lazy presentation with minimum effort. 
On the positive, I did learn a lot that I had not known before, and there is a lot of general information given about Instructional Design. However, any pluses on the content is ruined from the learning experience as a whole. 

The videos are 'talking heads' with the instructor speaking to the camera 90% of the time with a few PowerPoint slides in between. Very little visual stimulation presentation to otherwise to engage the learner. Scripts were not edited to ensure content matched the speaker. Videos often leaned toward the 20-25 min. mark for length, and some modules had 8 videos to review, making it very drudgery to complete.Many quiz questions were often ambiguous and ill-worded, and paired with a 'select all that apply' approach made them confusing with potential for multiple interpretations that could be applicable. Test feedback was little and unhelpful. References to videos for answers were sometimes wrong. Completing the quizzes turned into a means to an end, rather than verifying learned info and comprehension.Peer-reviewed assignments are graded by a single person, making the pass/fail grade subjective and dependent upon that person's interpretation of the assignment and course content. This creates a lot of instability and greater potential for fail rates, whereas other Coursera courses have used 3 reviewers to create a stable grading consensus. Reviews required evaluation on grammar and spelling, despite the instructions specifically telling students not to do so.There's a lot of room for improvement.",2,"instructional-design-foundations-applications"
"316","The readings were the most useful part of this course.  The videos were difficult to follow, and quite
frankly, very boring, due to poor delivery. I felt that the essential learning points could have been taught in much
more concise and more structured video lectures. It would have been easier for
me to work through the content with slides using text only, with no speech.  The video transcripts were not accurate. The quizzes often contained elements that were not covered
in either the lectures or the readings. Sometimes the wording of the quizzes was
ambiguous, so it was not clear why the correct answer was the correct answer. For
the final week 4 quiz, I had to retake the quiz about 8 times due to being
unable to work out the correct answer for 2 out of the 8 questions. In the end,
I just guessed until I got the right answer. I have no idea why the guess was
correct. While I learnt a lot, 
this learning came from the readings and not from the video content.",2,"instructional-design-foundations-applications"
"317","The content is great, although some of the lecturers could be more engaging.Moving forward, perhaps the institution could make the quizzes/homework accessible to those who only availed of the free course.  I completely understand the necessity of the 'paywall', but perhaps they could follow the model of some other Coursera offerings, where all the material is available for free but you have to pay for any certification--I feel that is a good way in the future.  Thanks.",2,"instructional-design-foundations-applications"
"318","Although the course provides relevant information, it was extremely slow and wasn't engaging. I found it hard to pay attention to just videos being played the whole time.",2,"instructional-design-foundations-applications"
"319","Quite an intensive online course. Insightful as a good foundation to Instructional Design  Overall i will rate the course 3.5 out of 5. It was quite heavy on theory; typical of a school course, with all of the journal readings, but practical real life scenarios and best practice ideologies would have been great to aid learning and engagement. For example having an Instructional Designer at a company teach one of the modules or run us through one of his past projects, So we get a feel of what a real life project is like, straight from the horses mouth.Also the quizzes- The point isn't just to score 80% as a pass grade for the quiz. The quiz is to aid learning and ensure the participants can recall what has been taught.Firstly, when attempting the quiz more than once it will be good to show the correct options to the answers the learner got right, and not make them attempt answering those right questions again. Let the answers to the right options be visible. Looking at them over and over will aid learning.Also, after scoring the pass mark of 80 let the participant know the answers to the failed options. The point isn't just to score grades to pass, but for learning.",3,"instructional-design-foundations-applications"
"320","This is an efficient, convenient way to learn the Instructional Design Foundations and Applications. However, there is no interaction with any of the instructors. The course offers very little practice or ability to apply what you learn. If you enjoy watching videos and reading, this course is ideal for you!",3,"instructional-design-foundations-applications"
"321","too much theory., while instructional design is all about practice. The course needs more examples and case studies. Also, the multiple choice tests need improvements",3,"instructional-design-foundations-applications"
"322","This course is very good overall. I found this, my first course in instructional design (ID), doable after many hours of reading, listening to videos, googling, and You-Tubing (and repeating). I learned quite a bit about the history of ID, learning theories, styles, and domains, the various ID Models and analyses, and about writing goals and objectives. I liked the organization of the course and the teaching methods. I also liked the projects but didn't care much for the grading process for these writing assignments---peer grading is extremely subjective---but it worked out okay.",4,"instructional-design-foundations-applications"
"323","Good introduction to the Instructional Design field... BUT ironically, for an online class about instructional design, I don't think it's efficiently designed : quizzes don't allow to see answers which doesn't leave room for more learning, one of the instructors made me want to fall asleep with his monotonous voice and the way he would just name abstract concepts without any clear explanation, and in general the lack of real-life references to bring theory and practice together.I did learn a lot but I was expecting more!",4,"instructional-design-foundations-applications"
"324","As a newcomer to Instructional Design, I got a long drink from the firehose of this field. It is vast. I think the course did a reasonable job of conveying the concepts. But the quizzes, though convenient for a MOOC, are easily gamed and not the best way to help learners gain mastery of the course materials.  Getting feedback on written assignments exclusively from student peers is not that helpful and most likely a poor substitute for the expertise of certified Instructional Design professors.",4,"instructional-design-foundations-applications"
"325","It's interesting and I have learnt a lot. I would be great if a couple of videos could be more dynamic, sometimes the voice and facial language were really boring.",4,"instructional-design-foundations-applications"
"326","Content is excellent and the way it is presented as well. The writing assignments contributed to my understanding and development, but the quizzes did not.",4,"instructional-design-foundations-applications"
"327","Well-structured, in-depth, serious material, great help with building foundations in Instructional Design.",4,"instructional-design-foundations-applications"
"328","I learnt a lot. Maybe if there can be workbooks or templates that can make it more practical.",4,"instructional-design-foundations-applications"
"329","The lectures are great, although it could be suggested more practice exercises.",4,"instructional-design-foundations-applications"
"330","I benefited alot from this course. Very happy to have completed it.",4,"instructional-design-foundations-applications"
"331","Good course if you are looking for learning theory information.",4,"instructional-design-foundations-applications"
"332","Very challenging but I would highly recommend this course!",4,"instructional-design-foundations-applications"
"333","Great start to Instructional Designing career!",4,"instructional-design-foundations-applications"
"334","I do not recommend this course. It is monotone, and full of irrelevant information that will not be used in the field. Even the useful information is merely statements without examples of how to incorporate it into your daily instructional design.",1,"instructional-design-foundations-applications"
"335","The instructors weren't interesting to listen to. I expected better curriculum since the class is Instructional Design. The male teacher mumbled a lot so I'm very glad there was a transcript. It was a good course to get a small grasp of what ID is. I definitely will need to take more courses to actually learn more valuable information.",3,"instructional-design-foundations-applications"
"336","This course is packed with information.  It can be hard to digest in the format presented.  Please note that many of the professors are skilled but have very thick accents and the transcripts are often inadequate to get the point across.",3,"instructional-design-foundations-applications"
"337","This course was excellent! It provided a great overview of the instructional design field. I'm excited to take more courses from the University of Illinois.",5,"instructional-design-foundations-applications"
"338","Very good content and pace. Great community of  encouraging fellow students",5,"instructional-design-foundations-applications"
"339","This course gave me very useful insights into the world of instructional design. Although I am not an Instructional Designer, I am involved extensively in the activities of the Analysis phase to plan training programs in the organization I work with. In other terms I am a general L&D professional, and was at a career crossroad. I am now very sure that I would like to specialize in the field of Instructional Design and this course is an absolute first step in my journey.A huge thanks to University of Illinois and Coursera for designing such insightful programs. I particularly loved the options for scholarships. Please keep doing the good work! Look forward to my next course.All the best!",5,"instructional-design-foundations-applications"
"340","
A very interesting course that facilitates many students to know the most important foundation of the instructional design world. The material presentation is very interesting, the instructor presents the material in a cool and easy to understand style. The task given is also very helpful in understanding the material that has been delivered. I really like this course!

",5,"instructional-design-foundations-applications"
"341","As introduction to the instructional design subject It is an excellent course, i strongly recommend it for the beginners,  but it is better to add new module to clarify how we should transfer from the ANALYSIS stage  to the DESIGN & DEVELOPMENT stages.",5,"instructional-design-foundations-applications"
"342","I have learned a lot about instructional strategies while taking this course! I really recommend this course to teachers who are migrating to online teaching as a way to implement their lesson/course planning.",5,"instructional-design-foundations-applications"
"343","This is an excellent course. The contents and resources are very useful and help me to learn about different Instructional Design Models, and especially about Needs Analysis.",5,"instructional-design-foundations-applications"
"344","This course was easily accessible, part of solid program, and manageable for anyone looking to expand their career.",5,"instructional-design-foundations-applications"
"345","It was a good course . Though it was way theoretical but got a complete exposure to the introduction of ID.",5,"instructional-design-foundations-applications"
"346","Es un curso muy completo, muy bien sustentado, las tareas están interesantes y los exámenes retadores.",5,"instructional-design-foundations-applications"
"347","This course introduce the history and theory of ID. It also provides methods of Analysis in ADDIE.",5,"instructional-design-foundations-applications"
"348","Very informative course. full of theoretical concepts as well as real life applications.",5,"instructional-design-foundations-applications"
"349","Very well designed course. It is theoretical and practical at the same time!",5,"instructional-design-foundations-applications"
"350","Well planned learning environment with adequate activities to keep",5,"instructional-design-foundations-applications"
"351","Really valuable introduction to Instructional Design",5,"instructional-design-foundations-applications"
"352","Structure, logical, well presented, easy to follow.",5,"instructional-design-foundations-applications"
"353","Great Course, very informative. I learned a lot!",5,"instructional-design-foundations-applications"
"354","This course was a really great experience.",5,"instructional-design-foundations-applications"
"355","Great Course!! I learned alot!!",5,"instructional-design-foundations-applications"
"356","Great course. Well-designed.",5,"instructional-design-foundations-applications"
"357","Excited about this class!",5,"instructional-design-foundations-applications"
"358","I was very excited to start this course because I am an aspiring international relations student, but was disappointed almost immediately. First, this course is advertised as English but majority of the material is French with English subtitles. Subtitles are fine, but the problem with this material is that not all things are translated - so the speakers are translated but the diagrams/charts/powerpoint slides are all in French. I am fine with using a right-click on chrome for google translation, but this does not work for the pictures which contain French text.Also, the material, while very interesting, is very outdated. I don't know when this course was designed, but most of the material's diagrams and statistics are from 2012-2014. They project how perceptions of Europe might be for the future, but the ""future"" for this course is 2016, which is 4 years ago now. I don't think it it fair to pay for a course where the facts and figures don't even hold validity while I am taking it. I wanted to learn about the geopolitics of Europe today, not the geopolitics of Europe from 2014. I think there is a major gap of important material here.Overall, the course material was interesting, but definitely not what I was hoping for. I don't feel I have learned much either because the assessments are quizzes between 4-6 questions that you could answer if you just googled them. I wish the instructors would update the course and then it would be more valuable.",1,"geopolitics-europe"
"359","I am disappointed with this course. Is outdated, information is up to 2015, a lot of European issues from the past 5 years are missing. No chance for the students to reflect what we have learnt, like in other courses where you are asked to write an essay and then it is corrected and discussed between students. Had to read the english subtitles in all the videos, so at the end this course is all reading for those who cant speak french.",1,"geopolitics-europe"
"360","I signed up and was excited to take this course. However, when I started watching the videos, I realized it was all in French without English subtitles. I subsequently had to un-enroll. Courses should be labeled with the relevant language they're in.",1,"geopolitics-europe"
"361","Many footages, readings are in French,Missing links,",1,"geopolitics-europe"
"362","This course is in French with translation for some, but by far not all, important parts to English. This makes it the course of very limited use. Translation here means that one can read the script of the video or audio, making it a much dire tasks. I do not recommend this course to anyone below a B2 level in French. I received my graduate degree from Sciences Po and I love the quality of education I received. But without overcoming the innate French disabilitiy to realize that most people out there don't speak French and that there's no use in making a course where SOME elements are translated, this institution will never become truly international. Because it of very limited use for English speakers, this course unfortunately only deserves one star.",1,"geopolitics-europe"
"363","I was very excited to take this course, but it is unfortunately rather disappointing. Firstly, the course is significantly outdated, as most of the readings, videos, and materials predate the Juncker administration - so expect the information to be at least 4 years old. It does not cover current issues of European politics, such as the rise of Euroscepticism throughout the union or Brexit. Secondly, even though it is advertised as an English language course, most materials are in French. Some videos - the ones provided by Sciences Po - are subtitled in English but rather difficult to follow. Other written materials are usually badly translated in English (I can only assume that they have been automatically translated). I do not recommend this to anyone whose French is not up to par Overall, this course would have been great in 2014 for French speakers, but at the moment it is quite disappointing.",2,"geopolitics-europe"
"364","Unenrolling. The information is clear and well laid out but basic (a wikipedia search would be as productive and more neutral). Unfortunately the views expressed in the videos are presented as factual, without rebuttal or discussion. Very one-dimensional and prescriptive approach. Has a weird air of propaganda about it, as opposed to academic debate.",2,"geopolitics-europe"
"365","The translations are par, the quizzes are weird and don't actually quiz you on whats taught or provided.",2,"geopolitics-europe"
"366","Outdated information. Course materials and articles dating back to 2014. Information not relevant.",2,"geopolitics-europe"
"367","overall the course gives a fairly good view of",2,"geopolitics-europe"
"368","Quite introductory, lacks bibliography.",2,"geopolitics-europe"
"369","Good course, if you speak French. I enrolled in this course because it was marked as English. While it is possible to follow the course in English, most of the translations are of a poor quality. It seems as if an original French transcript was simply funnelled through Google Translate. This is lazy and reflect poorly on Sciences Po.",3,"geopolitics-europe"
"370","A good introduction to the EU and its formation, although perhaps slightly outdated when it comes to EU politics (the course is a good 5 years old). The outlook of some of the teachers is a bit too optimistic at times. Still recommended.",3,"geopolitics-europe"
"371","Muy recomendable, si bien debe realizar una actualización en el contenido. Ya que el material no ha sido actualizado desde 2016 y para hablar de geopolítica europea debe estar actualizado a fecha de hoy.",3,"geopolitics-europe"
"372","

The course is ok, but needs some improvement. I felt the course was somehow a bit disorganised. The content also seems sometimes quite basic if you already know something about the European Union.",3,"geopolitics-europe"
"373","Os textos e depoimentos e vídeos estão um pouco ultrapassados reportando-se à realidade de há 4/5 anos. Muitos dos vídeos e textos não se encontram disponíveis.",3,"geopolitics-europe"
"374","Overall I found this course very interesting, yet now in 2019 this course is somewhat outdated given the geopolitical challenges that Europe is facing today.",3,"geopolitics-europe"
"375","The material of the course is already way too old and barely relevant anymore. I liked the games suggested for play after every quiz though.",3,"geopolitics-europe"
"376","Informational and the games a fun",3,"geopolitics-europe"
"377","Very good basic course for everyone interested in the European Union. Here you can learn about the past and the present state of affairs in the EU, as well as get to know some future challenges. The course is filled with lots of EU-related facts and statistics and presents the EU from different points of view. I would say the course is quite a ""light"" one: there are no peer-reviewed assignments and quizzes are rather short and easy, but it definitely gives food for thought. Be aware that the videos are in French but with English subtitles.",4,"geopolitics-europe"
"378","Very good range of topics and perspectives. However, I find it confusing how some of the subtitles/ readings have faulty English grammar. I understand that the course is originally in French, but seeing that it is a MOOC open to a wide range of people, making the course English-friendly would be really productive. Furthermore, some links to articles or videos are no longer working. All in all, I learned a lot from the course and I am more confident now discussing this topic.",4,"geopolitics-europe"
"379","Après les événements qui ont eu lieu (notamment la pandémie de COVID-19), le cours a besoin d'être mis à jour : pour exemple, l'Italie, après la décision européenne sur la répartition des fonds européens pour contraster la crise économique, est passée de pays contributeur à pays qui va recevoir plus d'argent de ce qui va donner.",4,"geopolitics-europe"
"380","It's a very complete course but I have to admit that some of the quizzes are not on par with readings/videos. Much information I had to go investigate for myself on other platforms as well.That being said I do considered it a great course, just bear in mind that much of the text is in french and you will have to translate it.",4,"geopolitics-europe"
"381","4 stars because some of the materials were deleted when I tried to access them. However, the course was still great and I strongly recommend it to anyone who wants to learn more about the politics of the EU.",4,"geopolitics-europe"
"382","Very interesting course which gives a multi sided overview of EU strategy and politics in and around Europe. However, the course is slightly outdated and could be updated with new information and data.",4,"geopolitics-europe"
"383","Very interesting, I wait the new updated MOOC in post covid time. Only problem with the first question in the second week, I hope the organizers will risolve the problem.Thanks",4,"geopolitics-europe"
"384","Muy buen curso, todo el contenido está bien explicado. Sin embargo, haría una actualización de contenido y revisaría algunos enlaces que marcan error.",4,"geopolitics-europe"
"385","Would be more useful if some of the descriptions were translated into English, and the content was updated to reflect the situation in 2017-18",4,"geopolitics-europe"
"386","I would say that I think this mooc should be refresh in order to have new points of view.",4,"geopolitics-europe"
"387","Very good course, but it could definitely benefit from being updated.",4,"geopolitics-europe"
"388","Très bien conçu mais mérite d'être actualisé.",4,"geopolitics-europe"
"389","This was one of the most interesting coursers so far, especially the Game part. I'd definitely recommend this course to anyone who wants to learn how to understand political behavior.",5,"geopolitics-europe"
"390","Considero que el contenido del curso es excelente, solo sugiero la necesidad de actualizar los datos que se manejan, pues algunos de ellos han cambiado sustancialmente, y por tanto, modifican el análisis que pudiera derivarse de ellos. Otra sugerencia está relacionada con las preguntas del QUIZ, serían mucho más interesantes si estuvieran dirigidas a la comprensión o análisis del contenido de cada lección, y no datos numéricos específicos que para nada determinan si el estudiante ha asimilado el contenido o no. Por lo demás el curso me resultó de MUCHÍSIMA UTILIDAD. Una herramienta MAGNÍFICA es el Game al final de cada lección.",5,"geopolitics-europe"
"391","Being a student of international relations, I would like to thank coursera and sciences po university  to provide me  the quality  study material and interviews of high officials. It helped me in understanding the core of the subject",5,"geopolitics-europe"
"392","Excellente présentation générale de la construction européenne, avec une très bienvenue semaine 7 qui éclaire les événements majeurs de 2016.",5,"geopolitics-europe"
"393","Gran curso para entender la política europea. Los contenidos y la distribución de los bloques está muy bien.",5,"geopolitics-europe"
"394","Wonderful professors. I especially enjoyed having guest speakers. Absolutely recommended!",5,"geopolitics-europe"
"395","Very good access to reading and the videos were also very useful.",5,"geopolitics-europe"
"396","El curso como inntroducción es muy bueno. Felicidades",5,"geopolitics-europe"
"397","Thank you for fixing the issues with the second week",5,"geopolitics-europe"
"398","Very interesting and usefull course! Thank you",5,"geopolitics-europe"
"399","It is a very interesting and relevant course!",5,"geopolitics-europe"
"400","Interesting and fun course.   Thanks so much!",5,"geopolitics-europe"
"401","Excellent course with excellent teachers!",5,"geopolitics-europe"
"402","A must-learn to fully understand Eur",5,"geopolitics-europe"
"403","A very interesting course",5,"geopolitics-europe"
"404","i love sciences po",5,"geopolitics-europe"
"405","I need cerificate",5,"geopolitics-europe"
"406","I found the title of the course to be extremely misleading as it turned out to be more of a statistics course. This quizzes and assignments were extremely unfulfilling. Students were given prepared spreadsheets and are tasked to use them to answer questions. It was extremely tedious and messy to have to open many documents for one quiz. Furthermore, there was very little instruction of how to use the spreadsheets. I believe that this course would have had much more practical value if it guided students through the commands, and taught us how to create spreadsheets for data analysis.",1,"analytics-excel"
"407","Muy decepcionado en la baja calidad del material entregado. Sin duda el profesor tiene un excelente manejo del tema, pero los recursos educativos utilizados son muy pobres. Muchos errores en los videos y en los cuestionarios.Las lecciones pudieron ser mucho mas claras y fluidas usando un simple ppt, pero el uso de la tableta de dibujo de tan mala manera, hace confusas las explicaciones y poco pulcras.",1,"analytics-excel"
"408","This course has nothing to do with data analysis in excel, but rather the mathematical concepts behind analysis in general. The only thing related to excel are the spreadsheets provided with the videos. Unfortunately, the professor never uses the spreadsheets and actually shows how to build said analysis, but rather just hands them to you and lets you figure it out with 0 guidance.",1,"analytics-excel"
"409","I did not like the course at all. The first week was fine but then the course only offers pre-made excel sheets where we just have to change values and pass tests. The teaching videos every week are for less than 30 minutes total and there are 2 tests for 30 mins each. How is it even fair? It is really a pain. I am sorry but I am highly disappointed.",1,"analytics-excel"
"410","Was very frustrated with this course. Does not have a strong emphasis on Excel skills and the statistics models provided seem to be randomly chosen and poorly explained. Quizzes were interesting, but time-consuming because of the necessary extra research outside of provided lectures.",1,"analytics-excel"
"411","This is more of an introduction to statistics lesson than one in excel... not what I had signed up for",1,"analytics-excel"
"412","The course is very poorly laid out. You are encouraged to work on your final project each week during each module but you don't learn important key elements to complete the final project until later in the course. I enjoyed what I learned in this class, however, stating there are no math prerequisites is misleading. If we were taught the concepts only in Excel, that would be one thing, but to hand solve these statistics problems by hand it really hurts the learn because the professor is speaking above most everyone's head.",2,"analytics-excel"
"413","While the first week touched on Excel and the equations can be used in Excel and have efficacy in regards to analyzing data, it feels as if the course emphasizes more on utilizing math than utilizing Excel.  And according to my understanding, that was what I thought I was signing up for.  So, it felt like a bait-and-switch to me.",2,"analytics-excel"
"414","This Course has the wrong title, as many others mentioned prior to me. It was a lot about statistics and math, but the thing was that none of it was explained very well. It was unorganised and sometimes had crucial mistakes in it, which wasted a lot of my time. I give it two stars, because I learned a little Excel.",2,"analytics-excel"
"415","The lectures are poorly delivered. The quizzes are ambiguous. The files available for download are erroneous. It seemed the professor was not paid for this course. Stay Away!!",2,"analytics-excel"
"416","The content of the course was good.However, I did not like the presentation of the material, moreover such a topic would need to be covered by a longer duration course.",2,"analytics-excel"
"417","Very confusing. I passed this course but I felt like I didn't learn too much.  I think they should include prerequisite for this course.",2,"analytics-excel"
"418","The exercises, resources and quizzes were really good. I felt they were putting to you to the test to see if you had applicable Excel knowledge.The videos I believe were not that helpful. Too focused on the arithmetics of statistics, while lacking a stronger explanation behind the logic and the importance of certain concepts such as conditional probability, CLT, etc. The arithmetics you will i) forget ii) can easily look them up. But the logic not so much.I do think the course should have shown how to run regressions with the Data Add-In. This is a helpful tool, makes more sense than forcing you to do everything manually.",3,"analytics-excel"
"419","The tool and the video don't relate very tight.The tool costs me a lot of time.By the way ,for the Quiz 4, I totally can't get the results for the quiz.I found someone in the discussion met the same problem.",3,"analytics-excel"
"420","Quiz does not require hands-on experience of creating templates but rather simply plugging in numbers. Students may forget most of the content after finishing the quiz.",3,"analytics-excel"
"421","this course is to some extent too difficult for me, It is not easy for me to understand.",3,"analytics-excel"
"422","Not enough practices for the unexperienced students.",3,"analytics-excel"
"423","Final project really hard",3,"analytics-excel"
"424","The course is quite challenging and therefore worth doing. The materials provided are excellent and the video tutorials and Professor are excellent - but make sure you pay attention!However, I was a bit disappointed with some of the quizzes particularly those in the final project. The penultimate quiz and peer assignment quiz do have problems. The penultimate quiz answers are not accurate and do not match the actual correct answers. You therefore need to be careful when responding and choose the answer that is closest to your result. On the peer review problem setting there are certain aspects required in your answer that are not defined in the problem. Indeed the way the problem is set out it appears that you can choose between predictive linear regression OR binary classification. Beware.Also I would strongly recommend finishing the course work for week 3 AND 4 BEFORE taking the quiz on probability and distributions.",4,"analytics-excel"
"425","The course is very practical and sheds a light on data analyst job, however it may be very sophisticated and has little guidance when it comes to final assignments. A lot of ambiguity is present in final assessment, but it is a very good insight on the scientific background of the data science.",4,"analytics-excel"
"426","I would have appreciated a bit more of a hands-on process in building the workbooks (with proper instruction of course) and more formal presentation of the formulas being used, but overall, I got a lot out of this course and enjoyed it along the way.",4,"analytics-excel"
"427","This is more than just an Excel course. It also covers a lot of statistics and the application of statistics in Excel (with pre-built template). I think more focus on how to build things in Excel will be useful.",4,"analytics-excel"
"428","Most concepts are rather theoretical and it feels more like a probability and stats course. There is not much focus on excel implementation and life is made seemingly easy with all the templates provided.",4,"analytics-excel"
"429","Really good course, I think the most value is at the end when you are able to apply the concept learned in the final assignment",4,"analytics-excel"
"430","Good course, I would expect more in terms of modelling",4,"analytics-excel"
"431","It's just not only Excel...is mostly data analysis.",4,"analytics-excel"
"432","A bit very difficult course...full of formula",4,"analytics-excel"
"433","كورس جيد جدا واستفدت منه شكرا كورسيرا",4,"analytics-excel"
"434","I learned so much in this course. Already had prior Excel and took a few probability and statistics courses in University, and this course helped me understand the applicability and the usefulness of those concepts in business. I also did the Data Science Math Skills course (Free) to prepare for this course which helped alot. I've recently started the Tableau course that's part of the specialization as well which I will say is more engaging - the presentation slides seem to be done better and the content itself keeps my interest longer. Maybe it's because it's related to dogs and future salary...",5,"analytics-excel"
"435","The course is very useful. I can learn how to build an effective binary classification model to support for my decision-making process. All learning materials, especially Excel files used in the course is very detailed, greatly assisting me in understanding what the lecturer talk about and how to calculate in Excel.",5,"analytics-excel"
"436","Great Class but it could use some more detail and info for all the concepts and terminology. For example, entropy would be better understood with more detailed information about entropy and its concept.",5,"analytics-excel"
"437","A challenging course that rewards conscientious effort. Heavy on math, both practical and theoretical. Highly recommend comfort with college level statistics before taking this course.",5,"analytics-excel"
"438","This course has enabled me to think the way a data analyst need to think. This course helps in independent growth and getting know the topics by own research. Loved it ! Thank you !",5,"analytics-excel"
"439","I teach quantitative methods in a Business course at University of São Paulo (Brazil). This is an excelent course with fundamentals and very usefull applications.",5,"analytics-excel"
"440","es un curso que te va a ayudar a saber manejar excel y ademas de aprender los temas básicos aprenderás de temas como teste de modelos.",5,"analytics-excel"
"441","The course is very enjoyable. The mathematics behind is sometimes challenging. But the Final Project makes it all worth it.",5,"analytics-excel"
"442","Challenging course that does a great job pushing you to learn more on analyzing data in Excel.",5,"analytics-excel"
"443","This course is good for learners to practice  and apply the math method to the real case.",5,"analytics-excel"
"444","Easily and fun learning for novice learners as well as non-mathematics background.",5,"analytics-excel"
"445","very useful, but hopefully, there will be some slides for learning.",5,"analytics-excel"
"446","great statistic refresher and hands-on experience with excel",5,"analytics-excel"
"447","Muy buen curso para iniciarse en modelado estadístico",5,"analytics-excel"
"448","Excellent training in helping me to master excel.",5,"analytics-excel"
"449","Valuable insights on data analysis using Excel!",5,"analytics-excel"
"450","Exactly what I was looking for!",5,"analytics-excel"
"451","Great. Thank you. Keep going",5,"analytics-excel"
"452","good course for all",5,"analytics-excel"
"453","The instructor understands the subject well and knows what she's talking about. The notes and the downloads are great study aids. But the multiple tech issues taking the tests is an ongoing and still unresolved problem. Sometimes the data is accepted and credited, other times there is an issue with the data being received. Monitors for this course experience the same problems and have stated as much in the forums. In week three, discussions drop, questions remain unanswered. I tried to unenroll according to the instructions provided (https://learner.coursera.help/hc/en-us/articles/208279756-Unenroll-from-a-course) but there was no option to ""leave course"". So the tech issues surrounding this course make it not worth taking.",1,"finance-fundamentals"
"454","I liked the 1st week of the video lectures. From week 2, things get confusing. I do not understand why the notes have different symbols for same variable..sometimes it's called face value (FV), other times just value (V), other times price (P). There are just too many terms defined which strip away the core of 'findamentals'. Define only what's necessary. Don't build me a clock, just tell the time. I think for general public who is not familiar with financial terms, this is not the course I would recommend for learning the fundamentals.",3,"finance-fundamentals"
"455","The instructor is knowledgeable and is able to explain things well, especially in the first few topics. However, at times, the instructor seems to assume that learners have some familiarity with the terms introduced. The notes and supplementary materials are incredibly useful, but typos make them appear a lot less professional. The thing that the instructor can improve the most is the quizzes as some of the questions are too confusing. This is because the examples given throughout the module are very straightforward, meaning learners do not get the chance to familiarise themselves with the languages used in some of the quizzes.",3,"finance-fundamentals"
"456","The professor was extremely knowledgable and explained things quickly but well. The notes are very helpful. There are some bugs with the quiz's due to rounding errors that make them VERY frustrating to complete. Quiz 3 is a bear and there are still a couple questions no one can get. But other than that, great intro to finance that can be done in 2 weeks vs. 5 if needed.",4,"finance-fundamentals"
"457","Excellent. I think is necessary to check de results of Quiz 3.",4,"finance-fundamentals"
"458","Amazing content, they need to work on the answers decimal points because I had trouble with 2 exercises, one in which I had 0.20 and I should not round it I had to put 0.19 and another in which I had 0.49 and I did not round it but the ""correct answer"" was 0.5, so you should like correct this or at least as to round every exercise or none.",5,"finance-fundamentals"
"459","great introductory course for finance. the course materials were also very helpful",5,"finance-fundamentals"
"460","Solid Course covering basics of NPV IRR and others.",5,"finance-fundamentals"
"461","Professor didn't grade work all course long.  Many of my assignments are still ungraded. All assignments graded after course end could not be seen which also means grade feedback cannot be seen either.",1,"project-execution"
"462","It wasn't a great eperience to do this course. First of all, I didn't get graded of my assignments on time---course was closed but grades of more than half of my assignments were still open. It wasn't only me, but all my classmates. Without the grading and comments, we don't know if we did the assignments right, and where we can improve. Second, I had two assignments which were were graded below 60%. The comment to the first one was I didn't reply to at least two of my classmates. But that was an individual project assignment and we were graded by the course team, and we can't see others' submissions. It's not fair that I was graded 50% for that submission. For the second one, the comments were the review criteria as if I didn't follow the criteria. But I did follow. There was no valuable comment towards the content of my assignment itself which is very irresponsible! Third, the live session. It happened on Friday and due to the time zone issue, I couldn't attend. But the recording was uploaded too late. Sunday is normally the deadline for assignment submission and we don't need last minute tuition. If it was for tutoring us through the course, then it should have been arranged before Wednesday and the recording should be uploaded the same day as the live session took place so we had enough time to use it as guidance under the circumstance that we didn't have enough tuition. We paid heaps of money to do this course and we deserve better tuition and service!",1,"project-execution"
"463","The course is not in line with the PMBOK. The instructor provides vague requirements that do not align with the book.  Quiz's are set for the student to fail.  When I compare course 1 and course 2 to course 3, I am not learning anything.    If your students 90% of the time fail a quizhen the quiz",1,"project-execution"
"464","The lack of examples of what was expected made this course very challenging. I almost felt as if I was teaching myself. Also, instructor tended to speak really fast and zoom through concepts without really exploring them throughly.",2,"project-execution"
"465","Content and exercises are very good indeed! I learned a lot! The presenter in the video lecture has nice examples and analogies but talks quite fast. The discussion forum was not very helpful but the instructor responded promptly to email queries. Although I earned an 'A' I found the material more challenging than the previous courses. The level of jargon and abbreviations keeps increasing. Perhaps good to get used to? ;)",3,"project-execution"
"466","Highly recommended to complete modules ""Launch"" and ""Planning"" before diving into this one. The reason being that execution is concerned with the synthesis and application of all the techniques covered in the previous modules (because it's time to go into the fray! so to speak). Having the PMI's PMBoK on hand is a necessity in this module.",4,"project-execution"
"467","Sample Template and Example Documents or Flowchart in PDF will be very appreciated",4,"project-execution"
"468","The material was useful but the organization seemed to be lacking. Lots of jumping around on topics with disconnects to what was being taught, and what was being asked. Still have no idea why there was a Milestones activity mid-class. Grading was way behind for this round. As of the end of class, i still had ungraded assignments from week one and not a single week was closed out. I believe there were 10 out of 22 assignments graded, of which 6 were quizzes which are graded once submitted. It's a little silly that only four or so assignments were graded by the end of class. I assume i passed the class! Despite this, i didn't want to penalize the score i gave as this may have been a one-off and as mentioned, the material is useful.",4,"project-execution"
"469","Nice Course, But quite taxing in terms of workload. The academical work is a bit vague and ""unappliccable"" to reality. V3ry nice if you want to start a career in Project Management!!!",4,"project-execution"
"470","Course contains very thought provocative exercises which allows to apply the project management knowledge in realistic situation.",4,"project-execution"
"471","Some problems with dashboard, grades are not showing at timely manner. Unlike first two courses.",4,"project-execution"
"472","Course was great but one note for future students: The format of instruction and types of exam questions are quite different from the prior two courses.  Do your reading, take notes from the videos, and maybe a little additional online research and you'll do fine.  It was an adjustment in the beginning for several students, but the instructor realized this and addressed it -- helped a lot!",5,"project-execution"
"473","Having a strong engagement during an online course is always difficult. However, during this course, I have really appreciated the continuous support  and encouragement, I have received over this course. One of the most
important achievements from this course is the PMBOK Guide. I read it in previous courses,
but I can say that in this course I've learned how to read it effectively and
how to use it. Thanks!",5,"project-execution"
"474","Peter Kim was an exceptional instructor. We worked a lot with applying the PMBOK concepts into everyday life scenarios, as well as our personal work interests. Applying the concepts in that matter allowed us to have a better grasp of the information.",5,"project-execution"
"475","Practical hands-on course that allowed me to create a project from start to finish.",5,"project-execution"
"476","Great explanation and responses to email from the professor.",5,"project-execution"
"477","Very useful part of education",5,"project-execution"
"478","Well, very weak and oversimplified course. All videos are indecently short (from 1 to 4 minutes in majority) and do not give any intuition or understanding of the sequence models. GRU's and LSTM's are explained too briefly. Weird decision to choose Trax framework, it offers no reasonable advantages over Keras in this course. Also, I do not think that implementing the data generator function in the programming assignments gives anyone better intuition in understanding the core material. The last two assignments can be completed even without watching the lecture videos. To sum up, this course can be valuable as just the short intro to recurrent-based networks, but do not expect to deepen your knowledge.     Seriously, the weakest part from the first three courses, quickly prepared and lacks of quality. Totally disappointed.",1,"sequence-models-in-nlp"
"479","You can't learn anything with 3 minute videos, especially if 1 minute is wasted on repeating the previous video and saying what is going to be said and the last minute is wasted on saying what was said... That works for proper coursera lectures which last 15 minutes, and there are a few hours of material per week. And it's really low to have someone listed as a lecturer, when all he does is appear for 10 seconds to say ""today I will teach/explain/show you"", while he never actually does any teaching, explaining or showing - everything is left to the assistant...",1,"sequence-models-in-nlp"
"480","This course is very mechanical, expected more reasoning based course which incites logical thinking. Since most of the topics covered in this course are an active area of research, a discussion from ""why or why not"" point of view would have been more beneficial than just telling how to use a certain library like any other blog on the internet.",1,"sequence-models-in-nlp"
"481","Programming assignments not well constructed; need to restart notebooks to get the same exact output as expected. Not all expected outputs are printed out or have test functions similar to course  1. Some of the concepts are too quickly glanced over in lecture.",1,"sequence-models-in-nlp"
"482","Do not waste your time on this course, unless you just want a fancy certificate. It has the same problems as all previous courses in this specialization -- the theory is very superficial and the programming tasks are awful and separated from real ones. Take the Sequence models course from DL specialization instead, they even put links to it in this course for optional deeper education.",1,"sequence-models-in-nlp"
"483","Programming notebooks contain a lot of errors and poor writing is the explanations (in text cells and in comments in the code cells). The use of Trax instead of TensorFlow or PyTorch also reduces the usefulness of this course for picking up experience with frameworks I am most likely to use.",1,"sequence-models-in-nlp"
"484","This course material is not good compare to the Deeplearning Specialization. I hope the instructor will write down to explain detail, not just reading from slide",2,"sequence-models-in-nlp"
"485","I think the assignments should have gone deeper. We should have built and LSTM instead of just creating a model in trax in my opinion. I can always learn an API, but it would be nice to learn the nitty gritty of the model during the course. I also would prefer longer lecture videos that go into more detail.",3,"sequence-models-in-nlp"
"486","Videos are annoyingly short and provide little depth. Assignments are basically just typing / copy&paste exercises. The whole NLP specialization again starts with absolute basics of python and ml - I wouldn't find this bad if there weren't already enough foundational courses available on coursera. If I inscribe an NLP specialization I don't expect/want to do a python course. Almost everything shown here has already been covered in the deep learning specialization.",3,"sequence-models-in-nlp"
"487","The use of RNN using TRAX is a bit abstract. It should be explained further. For example, the time sequence is not clearly visible in training the model using TRAX.",3,"sequence-models-in-nlp"
"488","Sequence models are heavy subjects and it would be unrealistic to expect a 4-week course to go into all the depths of RNN, GRN, LSTM etc. This course does a great job covering important types of neural networks and showing their applications. However, the labs and assignments could have done more in (a) helping us look a little deeper into the implementations of different NN building components, and (b) aligning better with the lecture videos.Really Good examples: Week1 labs and assignment illustrate the implementations of some of the basic layer classes, and outline the overall flow of NN training with Trax. Week4 labs and assignment illustrate the implementation of the loss layer based on the unique triple loss function. Not so Good examples: Week1 uses a whole video explaining gradient calculation in Trax. Yet there is no illustration of how it's integrated in backward propagation in Trax.  Week2 videos and the labs/assignment are more disjoint. There is a video explaining the scan() function, but it does not show up in the assignment at all.",3,"sequence-models-in-nlp"
"489","LSTM explanation is not very clear. Have to revisit some external links. The coding exercises are frustrating, even run properly step by step, got much glitches when submitting them. Time spent on fixing the submission issues is longer than taking the lessons.",3,"sequence-models-in-nlp"
"490","In the assignemnts, the grader doesn't return feedback till the last question, can't help me in debugging my code!",3,"sequence-models-in-nlp"
"491","The excercises were very easy and did not really give the understanding of NLP.",3,"sequence-models-in-nlp"
"492","Grader output could be more useful.",3,"sequence-models-in-nlp"
"493","the course could be more in depth",3,"sequence-models-in-nlp"
"494","Course materials and lectures are fine, but exercises are boring - you have to implement data loaders every week. Moreover, the course uses Trax, like there were no other popular deep learning frameworks... so you are forced to learn yet another syntax. PyTorch FTW!",2,"sequence-models-in-nlp"
"495","I have previously completed Deep Learning and AI for Medicine specialization provided by deeplearning.ai and here are some of my thoughts about this course: 1. I like that the Python tutorials and assignment helps me learn the state of the art DL framework Trax and be more familiar with the working mechanism under the hood. If you read through the python scripts carefully and look up the linked documentation, they are really nice study resources.2. This course improves my understanding of some models that I learned in other specialization courses such as Siamese model (e.g. hard negatives) for natural language. 3. Although the slides are made fancier than before, I'm not sure I enjoy the way it is explained. It's like reading the script and not really talking TO the students. Maybe some direct (live) notes on the slides helps students actually ""dive in"" ;) . 4. I watched your live discussion on YouTube on 29. July and feel the lectures talks very naturally there, but in the teaching video they behave in a quite unnatural way. 5. What I love about Andrew's DL specialization is that he also talks about his insights in a sincere (and personal) way, but in this course, it's just tooooo official.Anyway, just my personal thoughts. I learned a lot in this course and hope the next course will be better ;)",4,"sequence-models-in-nlp"
"496","The course is fine but if you've taken the course on Sequence Models by deeplearning.ai before then this won't add much to your knowledge except the Siamese Network. The main con of this course is the use of Trax instead of Keras of Tensorflow. I am not an opposer of Pytorch, but since deeplearning.ai has courses of Tensrflow, it would have been easier for many students to grasp the knowledge instead of learning a new framework again.",4,"sequence-models-in-nlp"
"497","Personally I'd rather prefer tensorflow over trax. I think I'm a bit lost between different tools, since different specializations in deeplearning.ai use different tools. Other than that I think it was a quite good short course.",4,"sequence-models-in-nlp"
"498","I think it should be better if we use TensorFlow 2.x or Pytorch instead of Trax, which is seldom used in other places. Also, mathematical derivation for why LSTM is better than simple RNN should be better put in the video.",4,"sequence-models-in-nlp"
"499","To begin with, the course is very well structured and the assignments make you apply the theory what you have learnt in the videos in an effective way. The community on slack is very helpful if you need any help. The only thing that I didn't like was the course assignments were using *trax* for building the models instead of powerful frameworks like tensorflow, pytorch. That's the only reason I am rating 4 instead of 5 stars. Overall it is a pretty nice course and you will find it very easy if you have completed the Sequence models course from Andrew Ng's Deep learning specialization.",4,"sequence-models-in-nlp"
"500","First two courses were much better. It introduces trax, which is great. However, the materials of this course is already covered in the 5th course in the deep learning specialization. On the whole, great course, great efforts by the team.",4,"sequence-models-in-nlp"
"501","It was a bit repetitive of the 'Sequence Model' course from the Deep Learning specialization, only with the exception of implementing in TRAX.",4,"sequence-models-in-nlp"
"502","some errors in the assignments",4,"sequence-models-in-nlp"
"503","The assignments use Trax library and I found it a bit difficult to understand and implement it. Would have been very much better if they had used Tensorflow 2x",5,"sequence-models-in-nlp"
"504","This is an excellent course with some cutting edge material, and also an introduction to a new learning framework trax.",5,"sequence-models-in-nlp"
"505","Overall it was great a course. A little bit weak in theory. I think for practical purposes whatever was sufficient. The detection of Question duplication was a very much cool model. I enjoy it a lot.",5,"sequence-models-in-nlp"
"506","Great Course as usual. Tried siamese models but got a very different results. Will need to study more on the conceptual side and implementation behind them. But overall, I am glad I touched LSTMs.",5,"sequence-models-in-nlp"
"507","Awesome course!! Younes explains all the concepts very nicely :) I enjoyed this course a lot and learned many new things, which I am planning to use in my current project. Thanks a lot, Younes",5,"sequence-models-in-nlp"
"508","The lectures are well planned--very short and to the point. The labs offer immense opportunity for practice, and assignment notebooks are well-written!  Overall, the course is fantastic!",5,"sequence-models-in-nlp"
"509","Absolutely satisfied with the tons of things I learnt. Professor Jounes and his team did a great work. Looking forward to enrolling to next course.",5,"sequence-models-in-nlp"
"510","It's a great introduction to the Trax Framework for Deep Learning. Building cool models for NLP makes the course well worth it.",5,"sequence-models-in-nlp"
"511","Great course.  Be sure to take advantage of optional readings to get the most out of the course.",5,"sequence-models-in-nlp"
"512","aswesome course, really loved how well the assignement are structured . thank you coursera",5,"sequence-models-in-nlp"
"513","Great course, I would highly recommend it to anyone interested in learning about NLP",5,"sequence-models-in-nlp"
"514","The hallmark of this course is the very enjoyable trax / jax training. Thanks",5,"sequence-models-in-nlp"
"515","This course very informative on NLP is actual helping me do my next project.",5,"sequence-models-in-nlp"
"516","Very comprehensive introduction to Siamese Networks for One-Shot learning.",5,"sequence-models-in-nlp"
"517","Thanks for the course, i learned so much things in this course",5,"sequence-models-in-nlp"
"518","Great compact ad very useful course curriculum.",5,"sequence-models-in-nlp"
"519","I enjoyed it, and I had a great intro to Trax",5,"sequence-models-in-nlp"
"520","another great one, can't wait for the next !",5,"sequence-models-in-nlp"
"521","Excellent course on advanced topics in NLP.",5,"sequence-models-in-nlp"
"522","good assigments and fast videos, very good",5,"sequence-models-in-nlp"
"523","It is very valuable course for me",5,"sequence-models-in-nlp"
"524","Best course for NLP out there",5,"sequence-models-in-nlp"
"525","Great course! I loved it.",5,"sequence-models-in-nlp"
"526","can't wait course 4",5,"sequence-models-in-nlp"
"527","First of all, I am so sorry I have to give a one-star review for this Human Resources lesson. Those lecturers are experts in the HR field, their lectures are clear and helpful. It is such a pleasure to learn from their lectures.The reason why I give a one-star rate is I believe Coursera's ""peer review"" assignment procedure is really problematic. ""Discussion section"" is supposed to be a place that all student share their ideas and experiences, however, it is filled with ""Please review my assignment and I will review back with the highest marks"" now. I totally understand why this happened now, due to the ""peer review"" procedure.For me, I have an assignment requires a minimum of 80% to pass the whole specialization. My first attempt got 77% and I thought ""Sure, there is definitely some improvement I can make"". My second attempt got 79% and guess what? I canceled the subscription and find a real book and some videos from youtube. I believe I can learn from CPHR's NKE materials as well. I just don't understand why I need my classmate's review, especially some of them don't give a shit about assignment quality, to pass the course.Overall, the one-star review is targeted to the problematic ""peer review"" assignment rather than those respectful lectures.",1,"recruiting-hiring-onboarding-employees"
"528","I think that I would like to be more concrete on topics, the teacher explain very well but then there is not that amount of concrete examples, so the classes gets very theorical,",3,"recruiting-hiring-onboarding-employees"
"529","The subject is interesting and the instructors both seemed very competent.Still I wish the course had been better prepared as there were lots of sounds defects: you had to adjust the volume during each video which is tiresome. In the same idea, the questions during the course would pop up in mid-sentence, sometimes with too much anticipation with the subject at hand. Last, the questions in the assignments were sometimes not so much to check your understanding but your memory about a small detail like a % in a study that is already obsolete by the time we learn it... All in all a great course, with great instructors but still room for improvement as a mooc.",3,"recruiting-hiring-onboarding-employees"
"530","On later parts the videos are poorly edited and less interactive. In one place practice quiz has wrong answer marked as right. (Whether it's a situational question or behavioral).",3,"recruiting-hiring-onboarding-employees"
"531","Good course.However the initial part ,that is recruiting hiring portion could have been conducted in a better manner.It felt as if  the lecturer was reading out from a text book.",3,"recruiting-hiring-onboarding-employees"
"532","Not very useful, if you have two years on the job experience even in small retail company you don't need it.",3,"recruiting-hiring-onboarding-employees"
"533","Production and audio/video quality is not as good as the first course in this specialization.",3,"recruiting-hiring-onboarding-employees"
"534","there is no Arabic language available with this course",3,"recruiting-hiring-onboarding-employees"
"535","it was a good course",1,"recruiting-hiring-onboarding-employees"
"536","I was a bit disappointed... I hoped to dive a little deeper into HR this time, but all the information was quite self-evident.",2,"recruiting-hiring-onboarding-employees"
"537","I liked this course, I received a lot of  important and useful information. But i want to add that the peer assignments were quite unclear,  i would like them to be more detailed and with examples what we need to do, in such case the first course "" Preparing to Manage Human Resources"" should be as an example how it needs to be done. Thanks.",4,"recruiting-hiring-onboarding-employees"
"538","I really like this course and the information provided! It will help to select, recruit and onboard the employees.  Tasks were interesting and I especially like to see other students' reviews, as it gives you a lot of good and bad examples, I wrote down some ideas from there!The thing why I do not give 5, is that sometimes I felt that some questions in tests were not that obvious of the course, but it happened just maybe 2 times. Also, some things were about US law, while the course audience is very international. But it was also just once, so generally, I am happy with the course!",4,"recruiting-hiring-onboarding-employees"
"539","The instructor was great as was the content! However, I'm giving the course 4 stars because there are a number of tech issues/mistakes - particularly in week 3 - that really detract from what the instructor is saying. There are issues with volume level and editing (cut too close or too much silence) throughout. The content order seems off in week 3 and there's a fair bit of repetition in it. It's a real shame because the content and the instructor really are great, but I expected better quality videos.",4,"recruiting-hiring-onboarding-employees"
"540","Lectures and materials are virtually perfect. However, there was an assignment where students' writing quality - language are graded for as well. In my opinion, it is not completely fair to do that in a peer graded system as who is to say the student grading another's language use is competent enough to do so. Other than that, it is all good!",4,"recruiting-hiring-onboarding-employees"
"541","Very useful course, particularly for those who have never been involved in recruitment and hiring. I have experience in the area so some the course was about things that I was already comfortable with and knew but this doesn't detract from the fact that for beginners in the field it is very comprehensive.",4,"recruiting-hiring-onboarding-employees"
"542","Course was very thorough and detailed! Great information that was accurate and relevant. Timing was a little off or lagged with some of the presentations, and it would be nice to see some more updated info since this seems 3 plus years old!",4,"recruiting-hiring-onboarding-employees"
"543","The course is really great and informative but while I was taking notes I realised that it had repetitive points in few modules. The rest was fantastic. Also thanks for the links that were shared throughout the course.",4,"recruiting-hiring-onboarding-employees"
"544","Videos have editing problems. Many sentences are cut off and videos have part of ending cut off. But course content is very good and gives very good knowledge. Thank you.",4,"recruiting-hiring-onboarding-employees"
"545","I would only change the beginning of each video, the sound is too low, sometimes it was hard to understand (specially if you are doing this course on the train as I was)",4,"recruiting-hiring-onboarding-employees"
"546","Good insights on Hiring and Onboarding Employees and the key to this course is the best practices followed and how differently we think when onboarding a new hire

",4,"recruiting-hiring-onboarding-employees"
"547","The course covers many important aspects of Recruiting, Hiring, and Onboarding Employee. The lecturer are experienced and knowledgable.",4,"recruiting-hiring-onboarding-employees"
"548","Basic information of recruiting, hiring and onboarding and make all the process clear, very nice for junior recruitment specialists.",4,"recruiting-hiring-onboarding-employees"
"549","it is useful and great knowledge for recruiting, hiring and recruiting, as HR manager, it is the course that should not missed.",4,"recruiting-hiring-onboarding-employees"
"550","Really good and informative. Hope to see something in the lines of analytics soon. :) Cheers!!",4,"recruiting-hiring-onboarding-employees"
"551","The course is really interesting and useful, however I wish it was more practical.",4,"recruiting-hiring-onboarding-employees"
"552","Very good. some lessons are not completed though, you should review the course",4,"recruiting-hiring-onboarding-employees"
"553","It was very applicable and the instructors were on point",4,"recruiting-hiring-onboarding-employees"
"554","The on-boarding part needs to be more thorough",4,"recruiting-hiring-onboarding-employees"
"555","the materials and videos are valuable,",4,"recruiting-hiring-onboarding-employees"
"556","it was a very good course insight.",4,"recruiting-hiring-onboarding-employees"
"557","great xp thankyou for helping me",4,"recruiting-hiring-onboarding-employees"
"558","Good course for HR basics.",4,"recruiting-hiring-onboarding-employees"
"559","The first instructor was technically unskilled, did not understand best practices for the interface. Used ""In-video quizzes"" poorly, not using them to help/lead critical thinking about material, instead asked questions prior to any lecture on the topic, interrupted at weird times with things that seemed irrelevant to the lecture topic.They did not provide any context when leading off-site to other pages that ""were relevant"" to the material. Often these pages were very dense, and they provided no navigational assistance making the exterior pages rather pointless in developing good HR practices by using them. They used poor video taking/editing techniques, leaving ""ums, ahs"" and weird breaks with unfinished sentences between segments. Also some videos had poor audio quality, or were shot in portrait mode which left a very unprofessional impression.Instead of creating useful digital presentations, they used very simple ones, and utilized a pen to write scribble that did not provide much value. The majority of the content they presented was fluffy and felt like it was a waste of my time.The second instructor had better technical tools and took advantage of them to create video lectures that were professional in video and audio quality. I am not sure if the topic is ambiguous, but when compared to the first course ""Preparing to Manage Human Resources"" this course as a whole felt less useful, with less practical skills, theory, and thought provoking content that would lead to better management, hiring, and HR decisions.There were some things worth learning, but overall the entire course felt like wasted time. Also, the quiz material sometimes seemed to ask things that were not discussed in the lecture, and had ambiguous formats for Q/A pairs that made choosing the correct answer unclear.",2,"recruiting-hiring-onboarding-employees"
"560","Intro audio for each video is incredibly poor. Early course videos have too much animation; it’s distracting. Video 1.3.1- At 4.57 says “Certain jobs and tasks that are not value added are more easily outsourced. But critical functions that are part of the company's value chain or the critical functions that give the product or service value to the customer, should really be outsourced.”  I assume that was supposed to say NOT be outsourced, otherwise it doesn’t make sense.Lesson 1.3: the link to the IRS page isn’t hyperlinked. You have to copy and paste.Module 1 Final Quiz: questions aren’t worded well.Mid-lecture question pop up in the middle of sentences and sometimes even words.Quote from video 2.2.2: “Did you know that over 90% of candidates are now using mobile technology to look for jobs?” Then the practice quiz question “What percentage of job seekers use their mobile device to search for a job once a week or more?” and the correct answer is listed at “68%”. There is no mention of 68% anywhere.Videos often go silent for several seconds for no apparent reason. These could easily be edited out.Week 2 quiz: Q. 6 “improve employmentoutcomes”  - somebody forgot a space. Practice quiz 3.3, Q 1: “""Tell me about a time when you made a mistake"" is what type of interview question?” - Answered Behavioral, but system marked wrong (but under the answer Behavioral note says “behavioral- tell me about a time”, so obviously it actually is the right answer.",2,"recruiting-hiring-onboarding-employees"
"561","This course had been taught only for managers but I am an HR professional and this course had hardly manage to engage me.",2,"recruiting-hiring-onboarding-employees"
"562","It was amazing. Thoroughly enjoyed the entire bit of this course. Very interactive. Took a lot from this course. Very happy. Hoping to enroll for more courses in future. Thanks once again Coursera.",5,"recruiting-hiring-onboarding-employees"
"563","This is my first coursera class I completed.Excellent courser on the top skills for successful recruiters. When I reflect on my career, I met with a handful of excellent recruiters who opened big doors for me. They each had the skills you mentioned at my job.This Courser so helpfully and I feel develop skills and verity an ideas career . it's very helpful even if I already have over 5 yrs of HR experiences.its  interesting course should be learn it. Professors provide a wide understanding of Recruiting, Hiring and Onboarding area, they also give usefull advices and share their professional experience. Individual writing tasks help to learn even deeply every week's course.",5,"recruiting-hiring-onboarding-employees"
"564","Very interesting programm of studies. Professors provide a wide understanding of Recruiting, Hiring and Onboarding area,  they also give usefull advices and share their professional experience. Individual writing tasks help to learn even deeply every week's course. Absolutely recommend this course to everyone who is interested in HR Management.",5,"recruiting-hiring-onboarding-employees"
"565","Well i am here to complete the all courses which are included in specification. I must say every teacher has his/her own style which i liked. I learn many things from this course which surely help me in Recruiting, Hiring, and Onboarding Employees. Special thanks to course instructors and all those who make this possible.",5,"recruiting-hiring-onboarding-employees"
"566","It was a great course to learn from, very informative, especially for me when I'm self-learning, without anyone in the senior level's assistance. Looking forward to putting what i've learned in the course into practice. Then i'll look for the other course with University of Minesotta!!",5,"recruiting-hiring-onboarding-employees"
"567","it was a great course...A lot was topic was thoroughly and extensively touched. I definitely learnt from this class especially the employee satisfaction and engagement. This will go a long way to help me in my job and career. Thank you Amy Falink and Stacy Doepner-Hove",5,"recruiting-hiring-onboarding-employees"
"568","I have learnt so much from this course it was a learning experience it open my eye to the recruiting, Hiring and Onboarding employees from an employer perspective and I really enjoy and loved this course.  Thank both the tutor for doing an excellent job in the videos..",5,"recruiting-hiring-onboarding-employees"
"569","The lessons
are very informative and engaging. It explore topics of diversity and
inclusion and conversations surrounding new
trends in recruiting and on boarding processes. Making the learners equip before
taking a dive into challenges of Human Resource Management.",5,"recruiting-hiring-onboarding-employees"
"570","Great teachers on onbarding. Amy was such a great person to listen to, and understanding how hiring and onboarding works. And her partner that did onboarding, did a great job. So much incite of how hiring and onboarding really should work. Thank you!!",5,"recruiting-hiring-onboarding-employees"
"571","This course was very educational I would definitely recommend doing this course if you want to get a better understanding about Human resources and the process of recruiting applicants. I really enjoyed learning this very insightful.",5,"recruiting-hiring-onboarding-employees"
"572","I'm new on the HR world and this course is perfectly providing the base to start to work on this field. Thank you for the great opportunity you're giving to all of us! and thanks to the professionals that are teaching this course!",5,"recruiting-hiring-onboarding-employees"
"573","Great course and great learning. The lectures were informatic and representation was also satisfactory. The contents were okay but should be developed by the course of time. Although the sound quality was a little poor.",5,"recruiting-hiring-onboarding-employees"
"574","Informative and involving course. I recommend every HR entity to take this course as it broadens perspective of recruiting and hiring and sharpens the onboarding employee skills. Fantastic Experience!",5,"recruiting-hiring-onboarding-employees"
"575","The content was great, and is probably the best available. However, the grader was so flaky it really shook my confidence in the material. I'm the type of person who will try and try until I'm literally about to give up before I look for help in the forums, so I lost a LOT of time on these exercises. This was by far the WORST of the five courses in the specialization. Sorry to yell, but YOU CAN DO BETTER!",3,"convolutional-neural-networks"
"576","Very good covarage of the algorithms when it comes to analyzing pictures, and a good intro to the theory behind the models. But it is too little emphasis on other uses of convolutional networks like 1d convolutions, causal convolutions and similar. Maybe there are some coverage of these topics in the sequence course in the series, but it should be covered here to a larger extent either way.",3,"convolutional-neural-networks"
"577","I learnt a lot in this course, but i have the feeling that my knowledge is still very shallow specially when it comes to convolutional neural network design, i cannot tell pros and cons of each design and how to come up with new design that meets my use case.",3,"convolutional-neural-networks"
"578","Improve the quality of vedio please. there are too much repeats that could be easily avoided, it much worse than the first two courses, not about the centent, but the vedio itself, is your workers seriously correct the probleme of vedio??????",3,"convolutional-neural-networks"
"579","In contrast to course 1 and 2, I've found the videos to be rather shallow (no pun intended), in the sense that, in my opinion, they haven't explained thoroughly the techniques' underlying mathematics.",3,"convolutional-neural-networks"
"580","This is a very interesting and well structured but the assignments in week 4 got alot of bugs, grading gives zero points for the right ouput (according to the notebook) and ten for a wrong one...",3,"convolutional-neural-networks"
"581","Issue with triplet loss function shouldn't happen. I had to remove ""axis = -1"" in order to pass grader even though function had produced wrong answer!!!",3,"convolutional-neural-networks"
"582","Object detection chapter was too overwhelming and I wish Mr. Ng had dumbed it down a shade.",3,"convolutional-neural-networks"
"583","It is hard to understand the code and the training is limited in the coding homework.",3,"convolutional-neural-networks"
"584","Course is great, but there were several bug in the homework, including misleading tests. In one, getting the right value (triplet loss) results in a failing grade, getting the wrong values (using help from the forum) get you to pass the test. In another test, there were corrupted files; one has to add a print statement in a helper function, learn what file is corrupted, rename it, reload the exercise, and voila, it works. Clearly, graders should survey the forum more closely to address these issues. Hopefully it will be addressed soon, and these comments will become moot.That aside, the quality of the videos and the insight provided by Andrew Ng are second to none, thanks for the outstanding instruction",2,"convolutional-neural-networks"
"585","Good content, worth the money even considering the not so ""fair"" subscription policy and switching sessions, but as it's for profit business, it is understandable. W4 face recognition assignment is very buggy, also the whole website seems to be really slow in general. What's even worse is that many people complained about it for months yet neither Coursera nor teaching stuff from Stanford did anything to fix it. Making unfinished product and not fixing the bugs in such long period of time doesn't reflect well on Prof. Andrew Ng, since after all he is co-founder of the platform. Regardless of that I'm still very grateful to him and the stuff from Stanford for the high quality of the material presented here and for so many great exercises.",4,"convolutional-neural-networks"
"586","The course is wonderful and explains almost every thing very eloquently.However, the course should mention Tensorflow and Keras as prerequisites for the course since they are heavily used in the assignments. Although there has been an effort to explain how tensorflow works, not enough details and not enough time was provided to get a good grasp of tensorflow and keras. So a beginner in tensorflow and keras will find it hard to stomach the essence of how to code these systems even if she completes the assignments with ease.A small course on just tensorflow and keras may be introduced in the specialization before this course. That would greatly increase the efficacy of this course and will also make the course more interesting.",4,"convolutional-neural-networks"
"587","I think this course is fantastic - given you come equipped with the right expectation and prerequisites. I'm new to python programming and this was definitely a step up compared to the previous courses in this certification. I have a solid background in all things matrices - so the endless discussions of dimensions did not really help me that much, but I can see how they would really help others. IMO at the end of this course, I'm not automatically equipped to build my own ConvNet, but I would definitely know where to start, and how to learn (read the right papers, get the right code off github, start from there...) if I wanted to set out to do so.",4,"convolutional-neural-networks"
"588","From the theoretical point of view it is a very instructive course. What did not convince me very much is the way in which the programming exercises are proposed: there are some passages that are really hard to understand for a person who has never used TensorFlow (like me, even if I passed all the previous courses of deeplearning.ai) so I would prefer some more hints on the sintax and how to use certain functions of this framework.",4,"convolutional-neural-networks"
"589","This course is amazing, but it just needs to be split up into a bigger number of weeks, have much more quizzes, like every 3 videos there's a quiz, but the problem is that you have to watch about 2 hours straight until you reach that quiz, it is hard to maintain your focus abilities in these circumstances. Overall rating? Amazing!",4,"convolutional-neural-networks"
"590","As usual, the content is top quality. I did however notice several times in the recordings where Andrew tried to state something one way and then went back and restated the same thing - it seems like this should be edited out...",4,"convolutional-neural-networks"
"591","Great material, but there was a bug in the grading of the final problem.  To work around the bug in the grader, everyone is modifying their program so it doesn't match the expected results but nonetheless will pass the grader.",4,"convolutional-neural-networks"
"592","This was a really nice course with state of the art papers. I enjoyed very much this course. My only suggestion would be to fix the last programming assignment on face recognition and timeouts to jupyter.",4,"convolutional-neural-networks"
"593","The grader is not robust enough to find out if the code is correct. It fails for semantic differences (not errors) even when the correct output is obtained, the grader still grades is wrong",4,"convolutional-neural-networks"
"594","Challenging course but very interesting. It gave the opportunity to understand better what a neural network is doing (from a visual point of view). Thanks Professor Ng.",4,"convolutional-neural-networks"
"595","Transfer learning is extremely important and it would be helpful if we actually learned how pretrained networks are loaded into a new network through Tensorflow",4,"convolutional-neural-networks"
"596","Week 4 could have been a little more detailed, and also faced some issues with the auto-grader.  Apart from that, wonderful course. Looking forward to more.",4,"convolutional-neural-networks"
"597","A good introduction to CNN's if you haven't seen them before. Strong on concepts and motivations. Kinda vague on mathematical details and implementations.",4,"convolutional-neural-networks"
"598","Grading assignments troubles are annoying especially after such a good teaching it is really frustrating. nevertheless it's an amazing course!",4,"convolutional-neural-networks"
"599","It was a great course. My only issue was that, none of the quizzes had any relevant explanation. If you could incorporate the same.",4,"convolutional-neural-networks"
"600","the content of course is quite good ,expecially the quiz and assignment. But the server of programming assignment is quite slow.",4,"convolutional-neural-networks"
"601","Informative but very low production value with unedited, uncut videos with lots of frustrating repetitions.",4,"convolutional-neural-networks"
"602","there should be explanation of tensorflow library which will help us to understand more efficiently",4,"convolutional-neural-networks"
"603","Some of the grader difficulties in week four need to be sorted out. Otherwise, interesting course.",4,"convolutional-neural-networks"
"604","I would have liked to see more details on one-shot learning, zero-shot learning, and GANs.",4,"convolutional-neural-networks"
"605","A decent course though some week's ending materials get a little difficult to comprehend.",4,"convolutional-neural-networks"
"606","Programming assignments are too easy, consisting largely of copy&paste.",4,"convolutional-neural-networks"
"607","Assignment grader needs to be updated. Great course, learned a lot.",4,"convolutional-neural-networks"
"608","Andrew is awesome! He explains in a perfect way",4,"convolutional-neural-networks"
"609","I would expect the homework to be more hands on",4,"convolutional-neural-networks"
"610","There are some error in the assignments.",4,"convolutional-neural-networks"
"611","good, but still have some grade problems",4,"convolutional-neural-networks"
"612","exercise where below standard",4,"convolutional-neural-networks"
"613","The first couple weeks laid a good foundation for understanding CNNs, but I did not understand the point of diving so deep in to Computer Vision, especially having a lengthy programming assignment devoted to an algorithm as complex and relatively niche as YOLO. There are several different architectures/applications of Deep Neural Nets conspicuously absent from this entire sequence, most notably GANs and AutoEncoders. I felt a good deal of frustration when implementing the programming assignments in the latter half of this course",2,"convolutional-neural-networks"
"614","Programming exercises have bugs",2,"convolutional-neural-networks"
"615","I'm Zeyad, an undergraduate of Computer Engineering at Alexandria University in Egypt. Taking this course really helped me to learn and study this field and also to implement it. It helped me advance in my knowledge. This course helped me defining Deep Learning field, understanding how Deep Learning could potentially impact our business and industry to write a thought leadership piece regarding use cases and industry potential of Machine Learning. This specialization helped me identifying which aspects of Deep Learning field seem most important and relevant to us, apparently they were all important to us. Walking away with a strong foundation in where Deep Learning is going, what it does, and how to prepare for it.Deep Learning specialization helped me achieving a good learning and knowledge about that field.Thank you so much for offering such wonderful piece of art.Best Regards,Zeyad",5,"convolutional-neural-networks"
"616","As in every class taught by him, Professor Andrew Ng makes Deep Learning concepts and applications accessible. His clear explanations during the videos lead from learning the foundations to implementing modern-architecture Convolutional Neural Networks. He provides additional information about whether certain techniques are currently utilized in research and production which bring an important relevancy to the material. Thank you for offering this course.",5,"convolutional-neural-networks"
"617","An incredible course about ""Convolutional Neural Networks"" and related applications to image data. A complete and in-depth course concerning the most important concepts and algorithms about Computer Vision. Furthermore, a fun implementation section which enables youto to create exciting applications ranging from safe autonomous driving, to accurate face recognition, to automatic reading of radiology images.",5,"convolutional-neural-networks"
"618","This is a great series of courses.  He made things really clear and easy to understand.  The assignments examples are so clear and neat.  I actually used many assignments as a building block of my machine learning projects in production.  I really hope that Dr Andrew Ng will give another series of courses about machine learning again, especially in the reinforcement learning area and the latest technology.",5,"convolutional-neural-networks"
"619","Hello Andrew, I am a big fan of you. Learning from your every course. Very unfortunate that I can do that remotely only. One
 thing that I want to mention - Can we have lecture notes on coursera, 
just like the way used to in CS229 that we can read before coming to 
next lecture. I found that that was very useful in understanding when 
things get harder.Thanks hope we can improve coursera in that matter.",5,"convolutional-neural-networks"
"620","Definitely 5+ stars. You got some much precious experience to implement those start-of-the-art deep learning applications with so much detailed explanation, supportive peer learners. It's really impossible for anywhere else to provide you this package to learn CNN, INN, YOLO, NST, FaceNet and so on so forth. I'm so grateful for the heart the teaching team pours into this course. Thank you.",5,"convolutional-neural-networks"
"621","Programming exercises need to made really with right structure as the YOLO one was very poor. Problems are very easy and makes this course very simple. We need to incorporate right amount of programming along with concepts, make it tough and train us also really well in the ideas. Concepts are absolutely fine, it takes the slow pace to make us understand deeper ideas and intuitions.",5,"convolutional-neural-networks"
"622","The course was simply great. It starts from the real basics of Convolutions, gives you all the needed theoretical background, then starts to focus on real-life scenarios. Also worth mentioning that is not a piece of cake. The given assignments are not easy in general, but after completing those the benefit will be more than clear. 100% recommended!",5,"convolutional-neural-networks"
"623","Great course by Andrew Ng sir. It gives us a great insight into many case of studies of state of the art ConvNet. Gives us a lot of intuition about object detection systems in autonomous driving and landmark detection , one shot learning for face recognition and a fun way of applying ConvNets for neural style transfer!",5,"convolutional-neural-networks"
"624","You should warn users of this course that they will not be able to do the labs if they are auditing the course. Because nobody likes wasting time you know..",1,"google-cloud-java-spring"
"625","This course provides an overview about the GCP components and services nothing related to spring microservices.",1,"google-cloud-java-spring"
"626","Google Cloud, Kubernetes, Spring Boot, etc are cool exciting technologies themselves, but I don´t feel this course is worth the time and money. 
In the first place, the lectures are bare boned and completely content devoid. They get to explain little more than what can be accomplished through a couple of web searches. Then there is the labs, which consist pretty much of dumb lists of steps to take, with no further explanation provided, and which pose no challenge at all. At least you get to fiddle around with the Qwiklabs thing, the Google Cloud Shell and the Google Cloud API manager, which are really cool... and that would be the only redeeming feature to be found here. 
Moreover, the course is scheduled to be done in two weeks, but it can be easily completed in a couple of evenings (fiddling with the provided Spring App, the API manager, and all). Such is the lack of actual content this course provides. The icing of the cake comes when you get to the Qwiklabs introduction video, which has been borrowed from another course. Like, they haven´t even bothered to purposely make one for this course.",1,"google-cloud-java-spring"
"627","This pathetic course, please dont buy any course at courseera. They dont have any customer support or chat line. Also the material is worst. Every lab full with issues and errors and ultimately you will not complete any one of them. At end they offered you certificate without any lab completion or learning. How can I get certificate from Google cloud without any learning or completion of assignment? This is full fake website and not recommended to anyone.",1,"google-cloud-java-spring"
"628","Attention, without purchasing - this course is absolute nothing, don't waste your time watching free part of course, it's senseless. This course was promoted as free by Google but it was just an average misleading description.",1,"google-cloud-java-spring"
"629","there isn't enough details around use of lab. and looks like lab is not enabled if you are auditing the course",1,"google-cloud-java-spring"
"630","You cannot complete any assignments or access the code without purchasing the upgrade. Bait and Switch.",1,"google-cloud-java-spring"
"631","Interesting, but are GCP LABS and does not teach spring framework",3,"google-cloud-java-spring"
"632","There were some mistakes in exercises and sometimes there was not a clarity of actions in exercise, but on the whole, the course was very good for practical introduction to google cloud tools for java web developers.",3,"google-cloud-java-spring"
"633","Some Labs not working as intended, some are not prepare to work with JDK 11 (missing dependencies) and some are not loading resources from the bucket. Not too much explanation or documentation.",3,"google-cloud-java-spring"
"634","La práctica está bastante bien, pero hay poca información en
los videos, estaría bien que fueran más extensos para posteriormente tener más
claro la práctica a realizar.",3,"google-cloud-java-spring"
"635","Less learning about spring-boot, the main focus was on google cloud tools",3,"google-cloud-java-spring"
"636","Deploying the same app multiple times was a bit repetitive.",3,"google-cloud-java-spring"
"637","Good practice on GCP.",3,"google-cloud-java-spring"
"638","Many problems in execution.",2,"google-cloud-java-spring"
"639","is not about Spring Boot, it is about GCP",2,"google-cloud-java-spring"
"640","Not that much theory behind the technologies (so you may have to look for the explanations of some concepts and ideas) but a great course to get a hands-on experience with GCP and see its power!",4,"google-cloud-java-spring"
"641","Although useful, this class missed it's mark vs. my expectations.  I was hoping to learn more specifics about Spring Boot but the emphasis was on integration with GCP.",4,"google-cloud-java-spring"
"642","This course was very insightful in understanding GCP APIs but it heavily relies on dependencies from Google instead of spring's own libraries.",4,"google-cloud-java-spring"
"643","Nice course if you are looking for an overview of Google Cloud Platform.  It covers use of spring starters for various GCP PaaS services.",4,"google-cloud-java-spring"
"644","Some labs made it difficult with ressources not provided though lab is running",4,"google-cloud-java-spring"
"645","Great support from google staff, any issue can be asked. Good quality course",4,"google-cloud-java-spring"
"646","It is very knowledgeable and excellent course.every one need to learn it.",4,"google-cloud-java-spring"
"647","Complete exposure for any programmer to the GCP platform",4,"google-cloud-java-spring"
"648","More practise would give more hands-on experience.",4,"google-cloud-java-spring"
"649","Very nice to focus on practicing GCP skills",4,"google-cloud-java-spring"
"650","Overall experience was Good",4,"google-cloud-java-spring"
"651","it was interesting",4,"google-cloud-java-spring"
"652","Awesome course with very good practical sessions. Also I want to see more quiz after each practical exam.",5,"google-cloud-java-spring"
"653","You can have an overall idea as well as hands on experience on basic components of GCP. Lab setups are well maintained and provide step by step instructions.But It is better if it contain small description or theory part behind every lab step telling that why we are doing this step & what is the technical and theoretical background behind this action etc.",5,"google-cloud-java-spring"
"654","Course covers fundamental concepts, Overall lab activities and instructions are good. Consider having questions at the end of each chapter. Lab instruction for last chapter (Monitoring Google Kubernetes Engine with Prometheus) seems incorrect, was not working, rest all fine.",5,"google-cloud-java-spring"
"655","Awesome for  hands on and  practical approach of creating and deploying spring cloud app in gcp services , especially gae and gcp cloud config concepts  was in particular was well explained in course .",5,"google-cloud-java-spring"
"656","The hands on nature was incredible! The course was a fantastic overview of a broad range of GCP capabilities. I'm much more confident now in knowing what's out there, and what it would take to consume.",5,"google-cloud-java-spring"
"657","Excelente curso, muy completo y brinda todo el conocimiento necesario para desplegar aplicaciones como microservicios en la plataforma provista por Google",5,"google-cloud-java-spring"
"658","This is an excellent course to learn how to develop micro-service using spring cloud and deploy in GCP.",5,"google-cloud-java-spring"
"659","It was really amazing hands on course while working on the labs and real projects, Thank you so much",5,"google-cloud-java-spring"
"660","learned effectively how to use gcp to deploy sprnig boot micro services",5,"google-cloud-java-spring"
"661","loading the bucket is a bit slow otherwise the course is pretty good",5,"google-cloud-java-spring"
"662","Excellent course with detail explanation about google cloud",5,"google-cloud-java-spring"
"663","Good, useful but Qwiklabs is kind of slow and unstable",5,"google-cloud-java-spring"
"664","Good course to start journey on GCP with Spring Boot.",5,"google-cloud-java-spring"
"665","I have learnt many new things while doing the lab.",5,"google-cloud-java-spring"
"666","NicewaytolearnGCP and kubernetes ! Thank you !",5,"google-cloud-java-spring"
"667","Отличный курс но желательно побольше теории",5,"google-cloud-java-spring"
"668","The course is very good and great learning",5,"google-cloud-java-spring"
"669","Great Opportunity for learning",5,"google-cloud-java-spring"
"670","Superb Learning platform..",5,"google-cloud-java-spring"
"671","Learned a lot!",5,"google-cloud-java-spring"
"672","Next to no support in the discussion boards, annoying Sleuth assignment setup with out of date text. Shows a lot of effort for sure.",1,"introduction-to-computer-programming"
"673","Sleuth Game was very frustrating, asked you to complete it in week 1 when in actual fact you need all 3 weeks theory to complete it. Otherwise a good course. This needs fixing though",1,"introduction-to-computer-programming"
"674","Waste of time, unless you want to be doing repetitive assignments with childish stories where you're expected to use information that hasn't even been properly explained yet.",1,"introduction-to-computer-programming"
"675","The part of sleuth was too boring...",1,"introduction-to-computer-programming"
"676","This is NOT a course for beginners. The layout of the curriculum is backwards; already in week 1 the students are given a hefty amount of rather complex programming assignments that are not in the least aligned with what's being taught in the syllabus at the moment. Most of the solutions and tools for completing the programming assignments in week 1 are not presented until week 2-3. If you're lucky you can find some pinpoints in the discussion forum (where old students are equally as tired and frustrated) and pass the assignments simply through trial and error. Not at all an efficient learning strategy.  Also, the technical issues with Sleuth need to be fixed, asap. There are a handful of students who cannot raise their grade to 100% since Sleuth app is bugging and won't accept the final assignment(s). The app is supposed to reset itself after x amount of incorrect uploads - which it doesn't. NO ONE from staff or technical pays any attention to this - although the bug is frequently mentioned in the forum. No student's interested in paying another month's Coursera fee just IN CASE staff at school decides to finally answer in the discussion forum. The lack of mentorship and advise being given in the forum is waaaay below acceptable. Sleuth assignments need to be split into three units and presented at the end of each week, based on that week's curriculum. Your final grade should be calculated as the sum of all quizzes and assignments - after the last week's assignment is done. You're not supposed to be able to download your certificate in week 1 - just because you've guessed your way through all queestions. Someone needs to correct the layout of this course.",1,"introduction-to-computer-programming"
"677","Very frustrating coding assignment, with poor support for Windows users and overall tasks, are easy but tought to set every pixel right and you will punish for wrong attempts though you did all right.",1,"introduction-to-computer-programming"
"678","everything was ok so far but sleuth was real disaster and very very difficult to get 80% especially for beginners without any video help. I spent hours to get 80%. Yes I learned so manythings but I dont think this should be the way of learning online.",2,"introduction-to-computer-programming"
"679","I had initial problems using the text editor, brackets. I eventually figured it out however it took me hours. there were many similiar comments to mine complaining about the same issues. the introductory portion to this class needs to have a better tutorial on downloading and using brakets and all other software that may be needed. when there are many similiar complaints about a topic and they are not addressed and adapted into the lesson it makes for a terrible lesson and class. I would gladly up my star review if they make changes to the tutorial of how to use brackets.",2,"introduction-to-computer-programming"
"680","The content itself is good, but it's very disorganised. Not sure if it's coursera's fault or the course's but you'll see different deadlines for practice problems depending on the platform (web/mobile), all assignments are due for the first week and when I asked on the forums I got a completely generic answer from one fo the moderators.Other than that, the videos are very good, well explained and a nice gentle introduction into programming itself and into a programmer's mind. Still recommended, but could use improvements on the presentation.",3,"introduction-to-computer-programming"
"681","The course is starts in medias res, it plunges you directly into the subject matter, no-frills. The chosen language is also fascinating as it is processing and you work with basic graphics.  There is however an issue with the ""exam"" (which is a programming game). Once finished you get the diploma even if the game is in the second week. In fact, it becomes evident soon after that you're not supposed to finish it immediately, but only with the notions which will be introduced on week 3. The issue is still not fixed.",3,"introduction-to-computer-programming"
"682","They introduce all the assignments and assign them in week one. It stays red until you complete it and appears under week one in the menu. I struggled (though it wasn't that hard once you get started) all the way through every assignment thinking the entire assignment portal (called sleuth) was just the week one assignment.When i finished what I thought was week one, it gave me the certificate. So in short, be clear that the Sleuth assignments correspond to certain content each week!!",3,"introduction-to-computer-programming"
"683","Sleuth should be at the end of week 3, OR it should be at the very least be made clear that you can jump ahead and do week 2 & 3 to learn what you need to know to go back to Sleuth. Otherwise it was pretty good for beginners. Wish there was more support from teachers/ moderators.",3,"introduction-to-computer-programming"
"684","In this course need a improvement much needed improvement.",3,"introduction-to-computer-programming"
"685","Very challenging (which is good!) But at times.. hard to follow. Definitely establishes the most basic skills that a programmer needs: Patience, Problem-solving, Research, Flexibility, and Flow.",4,"introduction-to-computer-programming"
"686","Very results-oriented introduction to programming, focusing on drawing shapes and manipulating them using code, rather than a graphic-interface. Gives a new learner the sense of accomplishment needed to overcome the hitches encountered when learning syntax for programming languages, as well as a very well-presented philosophy for coding and developing 'the coding mind'.",4,"introduction-to-computer-programming"
"687","I have taken several programming courses over the years, and this course guides students through the dirty details in a very straightforward manner.  The instructor videos are a great reference, and being able to view transcripts, go back to answer questions, or review materials are valuable.  I accidentally completed all of the programming challenges at the beginning - then realized the supporting coursework followed.  If that organization could improve to have the sleuth challenges with the material - it may be more useful.",4,"introduction-to-computer-programming"
"688","....BEING A PART OF THIS COURSE, I FEEL EXTREMELY HAPPY TO COMPLETE IT, THOUGH THERE WERE A FEW CASES WHEREIN, THE MODERATOR DID NOT SOLVE THE CASE UPTILL 100%, YET NO WORRIESI MANAGED TO COMPLETE IT, THAT'S EXACTLY WHAT I FEEL MOST HAPPY ABOUT. WELL, COMING TO THE RATING... I'VE GIVEN THE COURSE 4 STARS.. GOOD ELUCIDATION OF THE CONCEPTS, NICE DISPLAY OF THE CASES, AND MOST IMPORTANTLY, THE DISCUSSION PROMPT..IT WAS AMAZING INTERACTING WITH PEOPLE FROM DIFFERENT CORNERS. AND THERE,,, THANKS TO THE PEOPLE WHO HELPED ME TO GET ALONG...!",4,"introduction-to-computer-programming"
"689","Very fun and informative. I liked the interactive programming assignments,  however I wish that those could be completed not just from a Mac or Windows OS but from iOS system, such as tablet, as well. That would have made my ability to complete the assignments more accessible.",4,"introduction-to-computer-programming"
"690","Makes me wonder if JavaScript main function is for drawing on web browsers. The quiz (the Sleuth game) is a bit too exhausting (and repetitive)! Besides, a great course to introduce to programming and particularly JavaScript.",4,"introduction-to-computer-programming"
"691","One of the best Online Courses that have real positive effect on one's education as tutorial lesson quality is high and concept used to explain lessons are easy to understand",4,"introduction-to-computer-programming"
"692","locating the coordinates when there are multiple (>5) in a sleuth task can be a little repetitive. other than that it's great.",4,"introduction-to-computer-programming"
"693","The course itself is great and I have no faults with it. But the whole Sleuth Assignment was rather  Frustrating and Tedious.",4,"introduction-to-computer-programming"
"694","Well presented course. Very likeable lecturers. The pacing was excellent. We started slow and simple but it built up and we were soon being left to solve coding problems on our own. Very enjoyable and I learned a lot. Thank you.",5,"introduction-to-computer-programming"
"695","An excellent way to introduce newbies to the programming world. I did not know a thing about programming. However, I've acquired the necessary skills to understand the basics of it!",5,"introduction-to-computer-programming"
"696","Very Simple and clear illustration and explanation",5,"introduction-to-computer-programming"
"697","Great course! This was my first time trying coding of any sort and I really enjoyed it. While I feel like what I learned is probably very basic I also feel like I've learned a great deal and am eager to learn more. I do feel like the teacher support could have been a little better but they do give you the tools to find out all the answers you need by yourself. It's just when you're truly stuck you can feel a little helpless. It also says that you should complete the Sleuth assignment in week 1 however you don't learn the things necessary to complete it until weeks 2 and 3. If you are thinking of taking this course definitely make a https://stackoverflow.com/ account and post your questions there as well. Also there is a Youtube channel called "" the coding train"" https://www.youtube.com/user/shiffman. He does a great job of explaining things in a slightly different way. His p5.js playlist was so informative",5,"introduction-to-computer-programming"
"698","At first, i was upset because i received my certificate after week one. But after that i continued the mooc for fun and i learned a lot. This library is one of the simpliest in JS i have ever used. I'm satisfied and felicitate University of London for this great Course!!! Highly Recommend it.",5,"introduction-to-computer-programming"
"699","All is fine. But i dont understand, why the vital section of information - ""Reading Teach it to yourself"" of 3 week, opens only after _optional_ submisson ""Hack it: Sunrise. What did you learn""",5,"introduction-to-computer-programming"
"700","am so excited to complete this course and also thanks to the coursera. org team and the University of London",5,"introduction-to-computer-programming"
"701","Easy to follow along, one tip I would say, rather than completing the Sleuthing activity in week 1, look at the videos in week 2 and 3 to get a better idea of what the assignments are asking. Otherwise, I found the course challenging enough to make think think critically, but engaging in a way that I wanted to improve my scores on the quizzes. Highly recommend.",5,"introduction-to-computer-programming"
"702","I already have basic knowledge about programming but I have to say this course gives you an interactive and fun way to learn to program than ever before. A big thanks to Dr. Simon Katan and Dr. Edward for giving me the strength I needed to take the next steps toward my dream of programming.",5,"introduction-to-computer-programming"
"703","I had no experience in programming but am planning to pursue a Master's in Computer Science. This program was an amazing introduction into the basics and presented small challenges throughout. Anybody who is curious but doesn't know where to start should start with this course.",5,"introduction-to-computer-programming"
"704","This has been a great course, though not much it is explained in it and there is a lot of self learning through other means that is required I think it helped me a lot to discover that I am capable of facing this coding challenges.",5,"introduction-to-computer-programming"
"705","Good course to learn how to deal with single variables and objects. It also was a good opportunity to do programming with p5js javascript library which I consider such a nice way to draw over html pages or images.",5,"introduction-to-computer-programming"
"706","I liked so much. So dynamic. I didn't knew anything about p5.js and well, I am not an expert but I really enjoyed it. I will keep learn all of this, for sure.",5,"introduction-to-computer-programming"
"707","Well this is great for a beginner, who just started programming.If any one who knows how to program in any language, jump to the next right away.",5,"introduction-to-computer-programming"
"708","Very well organized and so simply thaught. I had no clue about programing before this course and I have learned quite a lot. Thank!",5,"introduction-to-computer-programming"
"709","Great course. Worth the time and money if you, like me, had no had no background in programming and need to start from scratch.",5,"introduction-to-computer-programming"
"710","This course was incredibly challenging. I loved it. It's a great introduction to what we will do as programmers.",5,"introduction-to-computer-programming"
"711","It is a great course for those who are beginning to learn how to program. The assignments are quite fun :)",5,"introduction-to-computer-programming"
"712","5 Stars will not be enough to say thank you full of learning God bless &  more power.",5,"introduction-to-computer-programming"
"713","este curso te da una perspectiva general de lo que es la programacion lo recomiendo",5,"introduction-to-computer-programming"
"714","Difficulty level: Very high And this tasks is very intersting.",5,"introduction-to-computer-programming"
"715","I was able to successfully complete 100% of the coursework.",5,"introduction-to-computer-programming"
"716","This course is really great for beginners.",5,"introduction-to-computer-programming"
"717","Nice course fast and reliable",5,"introduction-to-computer-programming"
"718","Interesting exercises later!",5,"introduction-to-computer-programming"
"719","Very helpful for beginners.",5,"introduction-to-computer-programming"
"720","For the people who is interesting about taking this course , I will share my real opinions in order not to waste their time and money. 1) This course has not been designed to teach you something it is more about the IBM services. 2) Do not expect that something will be explained in more detial. 3) Especially who does not have any programming background will not understand anything at a specific part of course. 4)  Especially during the second week, everything that a person explained in the videos were usefullness becuase if you do not know how to write a code there will be no meaning for you. Even if you know how do coding the sequence or the topics which explained during the 2nd week were just nothing ( no meaning). I can tell a lot about the course. BUT COMPLETELY NOT RECOMMENDED",1,"open-source-tools-for-data-science"
"721","No puedo calificarlo bien, por mas que quice hacerlo . Si hablas español es mejor no cintinuar el curso, puesto que el Programa Watson studio está muy desfasado en actualizaciones de una región a otra He batallado mucho en enviar tareas etc .  al final me decidí por otro curso en ésta plataforma",1,"open-source-tools-for-data-science"
"722","The Coursera videos to IBM Data Science Experience (now IBM Watson Studio) are outdated and therefore lead to unnecessary confusion and, to a point, obstruction of completing the course. The end-of-course project was 10x easier than figuring out how to set up a Jupyter Notebook in IBM Watson Studio. I guess you could say it's a sadistic way to weed people from the course! Please make the updated videos an immediate priority. Otherwise, the obtusely simple (enter code ""1+1"" to represent addition) videos are irrelevant.",2,"open-source-tools-for-data-science"
"723","Needs some updates to match new formats for IBM Watson Studio.  Also, this course skipped over basic code theory and functions, and tried to overcome that by just describing buttonology needed to make the programs operate.  Not even close to good enough.",3,"open-source-tools-for-data-science"
"724","Good course to understand the tool set and learn basics. However, the site used in the course is now updated which made navigation very difficult. It would serve the student to update these videos and make the most of their time.",3,"open-source-tools-for-data-science"
"725","I think that this course needs to be re-engineered. The videos are outdated and the videos jump right into the programming without explaining why you are typing out this code. It is not a course for beginners.",3,"open-source-tools-for-data-science"
"726","Easy. You should include more exercises for each too and get students to do some small but real project on each tool.",3,"open-source-tools-for-data-science"
"727","It is really focussed on IBM specific cloud tools. I would have liked at least one alternative as a praxis lab.",3,"open-source-tools-for-data-science"
"728","Some of the videos need to be updated to show the current IBM Watson Studio layout and process.",3,"open-source-tools-for-data-science"
"729","the content is not updated. You can lose time while registering on IBM Cloud",3,"open-source-tools-for-data-science"
"730","A very bad course!!!Extremely disappointed  by this course. It was meant to be for beginners, but the explanation was not understandable for beginners. Even the videos were very short and didn't explain some of the very basic parts. Worst experience I every had with any of the coursera courses.",1,"open-source-tools-for-data-science"
"731","A lot of time, very little learnt. Two courses and only thing learnt was definition of Data Science and creating accounts. I hope this is going some where.",2,"open-source-tools-for-data-science"
"732","Very poor documentation, not accurate. Issues to connect to Watson Lab.",2,"open-source-tools-for-data-science"
"733","since IBM updated system to watson, video's should be updated as well.",2,"open-source-tools-for-data-science"
"734","Appropriate and concise overview on the discussed tool environments given in this course. It may be useful not to enforce unnecessary external account subscriptions in order to allow for exercises or earning grade points, e.g. either Skills Network Labs or Watson Studio. Working with the latter was a bit of  a challenge due to different appearance of the current platforms as compared with the course resources.",4,"open-source-tools-for-data-science"
"735","It's a good introductory course to know all the open-source tools available for data science. However, it will not teach you how to code for these tools apart from introducing a few basic lines.",4,"open-source-tools-for-data-science"
"736","After completing the course, I got an idea on the tools that are used in Data science and also the hands-on learning helped a lot in improving the skills",4,"open-source-tools-for-data-science"
"737","Lots of great information packed into a short time. Excellent resources and step-by-step instructions.",4,"open-source-tools-for-data-science"
"738","There has been some issues accessing the tools used on this course, but overall it was very good.",4,"open-source-tools-for-data-science"
"739","The  final Assignment marking was not good though I performed well I didn't got full marks.",4,"open-source-tools-for-data-science"
"740","good course for the beginners who want some hands-on experience in data science tools",4,"open-source-tools-for-data-science"
"741","Course was well laid out. Systematic and detailed. helps any new bie to Data Science.",4,"open-source-tools-for-data-science"
"742","The lab exercises should be more interactive and better planned",4,"open-source-tools-for-data-science"
"743","Good tools, good explanations.",4,"open-source-tools-for-data-science"
"744","Relatively easy to understand.",4,"open-source-tools-for-data-science"
"745","useless and non-up-dated",1,"open-source-tools-for-data-science"
"746","Nice review of existing open source tools and free to use web services implementing those tools. Personally I would also enjoy some introduction to either how to set up those open source tools on a personal computer or private cloud.",5,"open-source-tools-for-data-science"
"747","Really the team who are working on that is amazing and from down of my heart i thank you so muchi have learned so far how to use the needed tools to my project and how to link my work in github with the team",5,"open-source-tools-for-data-science"
"748","This was a fantastic course. I managed to learn a vast set of skills in both Skills Network Lab and IBM Watson studio. I recommend Coursera to all of my friends and Family.",5,"open-source-tools-for-data-science"
"749","its a bit challenging for a fresher in computers but with help of faculty support that is compensated .Special thanks to Miss Mallika...I could complete the course.",5,"open-source-tools-for-data-science"
"750","I enjoyed this level a lot and am astonished by the capabilities of the Watson Studio. I am really glad that I can finally find my way on these powerful tools.",5,"open-source-tools-for-data-science"
"751","Happy to learn the tools that were somehow new to me. It was great to practice as well and good explanation of tools were provided by instructors.",5,"open-source-tools-for-data-science"
"752","Great course for people beginning to learn programming or veterans who just haven't used the various tools of the data science trade.",5,"open-source-tools-for-data-science"
"753","It introduces the different tools and the platform which you can use the tools. Easy to understand!",5,"open-source-tools-for-data-science"
"754","open source tools can make me to code at evey  where just only needing a comcupter.",5,"open-source-tools-for-data-science"
"755","it was a great course in which the best part was of jupyter notebook",5,"open-source-tools-for-data-science"
"756","Nice platform to learn for beginners and experienced professionals.",5,"open-source-tools-for-data-science"
"757","Great course give overview of Open sources tools like Data Science",5,"open-source-tools-for-data-science"
"758","course really helped me in learning Data science tool.",5,"open-source-tools-for-data-science"
"759","It was nice to know and learn these open source tools",5,"open-source-tools-for-data-science"
"760","Very clear explanations and good hands on exercises",5,"open-source-tools-for-data-science"
"761","I love the style in which the course was taught.",5,"open-source-tools-for-data-science"
"762","Good information and tools that I like to use.",5,"open-source-tools-for-data-science"
"763","Very interesting and well explained course.",5,"open-source-tools-for-data-science"
"764","Simple and Quick Overview of the tools",5,"open-source-tools-for-data-science"
"765","Hard but inyetesting and educative",5,"open-source-tools-for-data-science"
"766","why I didn't got IBM badge ?",5,"open-source-tools-for-data-science"
"767","Very good overview !",5,"open-source-tools-for-data-science"
"768","Perfect as promised.",5,"open-source-tools-for-data-science"
"769","Currently, it is not advisable to take this course.I have finished the excellent IBM Data Science Professional Certificate series on Coursera and wanted to improve my knowledge of scalable Data Science with this series. Unfortunately, the videos and advice are extensively outdated. Python 2 is used through this course and the instructions of how to set up Node-RED and Cloudant do not work. I have been trying to work myself around that but then again, I wouldn't need this course in the first place and it only leads to confusion. Also, instead of the Cloudant application UI, Kibana seems to be used now, which there is no introduction to. I have noticed that Romeo Kienzler, the course lead, is very active and dedicated in the discussion forums. I am afraid, I have to give this course 0 stars for content (for now) and 5 stars for course lead dedication.",2,"ds"
"770","Need more exercises related to wrangling data and manipulating SQL's with apache spark",3,"ds"
"771","It was difficult to follow the IBM cloud setup since it was constantly changing, I couldn't understand the reason for using python2.7 since its only 10 months before it wont be supported by the community. Sometime instructors' pronunciations were not clear and and thus added extra confusion. However, instructor do actively participate in helping with discussions. Audio and video quality were also not very good. This course is a very basic introduction to IBM cloud and general stats. Prior knowledge of spark is useful. Overall the course is nice introduction to IBM cloud if one is interested.",3,"ds"
"772","The coding part is easy to comprehend but the course does not offer much opportunity to practice and learn the coding. The assignments are straight forward and doable. Sometimes it is hard to read the code in the videos even at 720p as it appears blurred. The subtitles cover some of the formulae shown at the bottom of the video and there are many mistakes in subtitles. Overall, it is a good introductory course that gives you an idea of about Apache Spark.",3,"ds"
"773","The idea and material behind the course is really interesting, albeit very basic. Some of the exercises and quizes, like the ones of interpreting plots are not very clear, since the plot quality is low. However, this is a very nice introduction to ML and IoT using Watson. Looking Forward for the next courses of the IBM Degree for advance data science",3,"ds"
"774","A detailed explanation on the trade off of different approaches that can be used in Big Data but there is not enough examples of manipulating big datasets",3,"ds"
"775","give lot of details about pyspark like basics.its getting hectic with just the small details given in videos.videos needs to be changed and updated",3,"ds"
"776","the assignment is required to be in sparkaql functions however the course is just using spark with built in functions",3,"ds"
"777","A little more deep tutorials on spark language would be useful",3,"ds"
"778","A lot of the code explained in the video doesn't work with Python 3. The course is missing real examples with updated code working with the latest versions. If I have to go on the internet  to learn how to pass each programming assignment of this course because the videos are outdated then I can do this for free, no need to pay the 40 euros/month. Thanks",1,"ds"
"779","This is by far the worst.The content is very poor so that 'advanced' should be removed. In addition, the lecturer's English is unclear and not easy to understand, however, as there is empty content you don't need to worry.I just wasted my money and time.",1,"ds"
"780","Very fiddly. Video instructions do not correspond to IBM interfaces.",2,"ds"
"781","I've gained plenty of interesting information and valuable hands-on experience. I had to work for it a little more than I should have, however. The lecturer has a strong accent, speaks very fast and the subtitles are mostly useless as they are wrong more often than not. If you take this course, be prepared to take plenty of notes and watch the videos several times.",4,"ds"
"782","I wish this was more extensive /detailed course and assignments little bit more complex.  The moderator timely response was greatly lacking.  If the course instructor is asking the students to try out RDD while the auto-grader depends on SQL, it should have been clarified.",4,"ds"
"783","I was just wondering, is the content a bit short? Are there any more details on practising writing functions and text rather than an hour videoing and quiz? I believe intense programming skills practise is more efficient",4,"ds"
"784","El curso es una introducción muy básica, lo más interesante son los ejercicios opcionales como el de node-red. Me esperaba que se aplicaran buenas prácticas en los ejercicios, pero como introducción está bien.",4,"ds"
"785","As an introductory course on data science and manipulation of large data sets, the course proved to be quite comprehensive and technically capable of leading the student to an understanding of all content.",4,"ds"
"786","Good overall,instructor was very good,but I feel more examples could be used especially when explaining multidimensional vector space and such basics of graphs",4,"ds"
"787","Great Course!I would like to suggest to update the videos in order to reflect the operations in Python 3.x rather than 2.x but everything else was great!",4,"ds"
"788","It was a good overview of the large scale data but I would be more interesting if they had provided more Practice.",4,"ds"
"789","Hard to follow at times... was able to get a lot of assistance in discussion forums",4,"ds"
"790","I actually loved this course because it helped augment my spark basic skills",4,"ds"
"791","There are a lot of glitch with the assignments, hope it gets fixed soon",4,"ds"
"792","Thanks, really helps",4,"ds"
"793","I'm really disapointed with the ""Fundamentals of Scalable Data Science"" course from IBM. The videos are referring to an outdated software releases, with really different screenshots from the ones existing on IBM platform. The discussions refers to code samples different from the ones available for download (flow2.js) and to applications present on the IBM Bluemix platform, without explaining where to found or how to create them. All these discrepancies make really difficult to follow the course. LBNL, the speaker is one of the most boring ever encountered in a webinar, barely able to read in english language. Being a course organized by IBM for such an important topic as Watson, I expected a much higher level of quality. I hope that the IBM staff will be able to perform a deep review of this series of course.",1,"ds"
"794","worse guidance and pathetic support - shame on COURSERA and instructors for this horrible situation.  Have wasted enormous productive time on this",1,"ds"
"795","The instruction is not so clear. Many mistake launch and grader does not run to score your submission.",2,"ds"
"796","This is a very good Data Science course. It helped me a lot to think in realistic application of Data Analysis. Impressive !!!",5,"ds"
"797","I have a master degree in Applied mathematics. I chose the specialization in Advanced Data Science. The course is really advanced and I like the way the teacher teaches and especially examines. This leads to reflection and absolute work. I am already going for the three remaining courses, and hope to obtain a professional certificate in Advanced Data Science. So far I enjoyed, so let see next1",5,"ds"
"798","I would like to Recommend this course because this course Not only taught you the well developed Syllabus but also test your ability /skills to tackle problems in submitting Assignments and which i think is the exciting part and challenging.that moment when your are dealing with the problem and finally solved that,  that work really paid off.",5,"ds"
"799","This class make me confident in using apache spark for data projects that I may need. I really enjoyed how simple and effective it was. Very practical, easy to follow, high level course. Can not wait until the next course. You should probably have some experience with data frames and lambda expressions before coming into this class.",5,"ds"
"800","Extremely well done course!!! I am not sure what the comments about bugs in the course are about; I did not experience any.I've taken about a dozen or so courses on Coursera, and this was one of my favorites. Everything is well explained and well laid out. I'm excited to take the remaining courses in the series :D",5,"ds"
"801","Thank you Romeo. I really enjoyed your videos and your enthusiasm - I have been inspired. The activities were very well structured although there was some confusion initially when tasks needed SQL but the videos showed RDD solutions.",5,"ds"
"802","Covers exactly what is required for data science using spark in case IoT data applications and the fundamentals required for the advanced data science topics . I am happy with the course and the topics that I have learned so far!",5,"ds"
"803","This is one of the best course I came across so far, please keep on updating and adding such courses, Thank You",5,"ds"
"804","Excellent teaching by the instructor and user friendly well designed assignment platforms and quizzes",5,"ds"
"805","I love the course content. Simple but very informative and provides good practical exercises.",5,"ds"
"806","Great course, just challenging enough but not too much. The instructor is awesome.",5,"ds"
"807","Very good introduction to SQL and Apache Spark (and of course parallel computing).",5,"ds"
"808","excelente curso, los ejemplos y ejercicios hacen que sea muy fácil aprender spark",5,"ds"
"809","Excellent. I highly recommend it, jump in and enjoy learning the foundations.",5,"ds"
"810","This is a very nice introductory course for exploring IoT data.",5,"ds"
"811","Very Informative course, thanks IBM for this course",5,"ds"
"812","One of the Best Courses available here on Coursera.",5,"ds"
"813","I will not recommend it for beginners.",5,"ds"
"814","Assignment 2 need more clarficaiton",5,"ds"
"815","very good ,awesome",5,"ds"
"816","super tq to all",5,"ds"
"817","This was one of the worst classes I've ever taken. Interacting with other students was difficult and I couldn't drop the class when I got sick and fell behind. I had all these reviews to catch up on and never managed to. The stress made it very difficult to try and fix things when my file wound up getting deleted. I enjoyed all his other classes and this is the first I've had problems with.",1,"write-your-first-novel"
"818","Non-existant content, lack of usable feedback from peers, writers' group mechanism is not workable on this platform, and long periods of time that a section cannot be completed (if at all) because there is nothing to review.If I have to learn from other online sources and use other platforms to get and give feedback on my and my peers' writing, why bother doing this course?! And I made the mistake of paying for the course - total waste of money.",1,"write-your-first-novel"
"819","The lectures are nothing more than the “instructor” stating the next assignment. It is a free course, so I suppose this shortcoming falls under the heading of “you get what you pay for”!",1,"write-your-first-novel"
"820","No teaching and no deadlines. Didn't work for me.",2,"write-your-first-novel"
"821","First 2 weeks of the program were great, really god. But after that, the teacher repeated the same stuff. I would ONLY RECOMMEND the first 2 weeks.",2,"write-your-first-novel"
"822","I like the course structure and the videos. But, I am lacking feedback for my work. This is frustrating after putting in a lot of effort to complete the assignments. I have also seen claims in some of the discussion forums that plagiarism is occurring. This is troublesome. I would appreciate some guidance from the instructor about my concerns.",3,"write-your-first-novel"
"823","It's a very good course, it has a set structure that helps me stay dedicated. It also provides feedback for your work via peer reviews. Peer reviews are great because so many people are helpful and thoughtful, additionally you don't need to wait that long to get reviews. Overall I think its a great course but I would have liked more assistance in terms of writing/character development.",4,"write-your-first-novel"
"824","I would lessen the peer review number we have to do. Reading 5 chapters a week is a bit much for someone who has to write, work, family, and other things going on. Otherwise, I really enjoyed the course.",4,"write-your-first-novel"
"825","It was a great experience ,I really enjoyed it.",4,"write-your-first-novel"
"826","Fantastic course! The lectures are easy to understand and they give all the necessary information needed to make your first novel! You don't just listen, you actually learn and do activities. You can also get great feedback from your fellow peers and aspiring authors. Definitely worth joining!",5,"write-your-first-novel"
"827","Great format. I'm already making progress. Some discipline to write certainly helps but I like the presenter's style.",5,"write-your-first-novel"
"828","This course helped me as a writer because of the teacher. He was not a quick talker, but he was not a slow talker. He was very understanding. I really would love to get teached by him again.",5,"write-your-first-novel"
"829","I received so many great comments form other the writers. I tried to give uplifting positive advice in return. I am so glad I took this course. Thank you to all the writers who read my work. My debut novel, Still Crazy is coming April 1, 2021. I can't wait to post my certificate from Michigan State University on all of my social media accounts. Thank you for your dedication to our writing careers. Best, Judy Prescott Marshall.",5,"write-your-first-novel"
"830","BEST TEACHER EVER! LOVE THE COURSE.",5,"write-your-first-novel"
"831","It is a course which teaches you punctuality, time table/ Daily routine management, and ofcourse helps you to write a good novel. The course format is very easy to understand and its elements like peer reviews, weekly work submission, table read round helps the learner in the best possible way. I would highly recommend it to those who want to be a part time or a full time Author. I learned a lot from this course. Thank You!",5,"write-your-first-novel"
"832","This novel writing course was impressive where I have learned how to use my creativity to convey to others what I want to share as a writer with them. I took this course with pleasure through the entire step-by-step process that helped me complete a full-length piece of fiction in English. Of course, this process helped me write my novel. Writing regularly helps to keep yourself in good shape, teaches to be disciplined and promotes orderliness. Without a doubt, I will use these tools and techniques in the future in my writing and teaching practice. Thank you for such a thoughtful and quality course.",5,"write-your-first-novel"
"833","Exactly what I was looking for. A challenging, yet mellow course to start me on my way. I was enjoying the lectures right from when the instructor, David Wheeler, spoke his first  hynotizing sentence. I know I picked the right choice and look forward to putting such good advice to work in my future endeavors. Thank you!",5,"write-your-first-novel"
"834","I loved this course. It helped me write a wonderful novel titled King Aiko The Japanese  - the first and last king in Africa.",5,"write-your-first-novel"
"835","Gooood.  So very good",5,"write-your-first-novel"
"836","To The Point",5,"write-your-first-novel"
"837","Absolutely bad instructor with the videos not elaborating enough and the labs not functioning properly. Please fix it",1,"python-for-data-visualization"
"838","The videos are very repetitive and do not offer much in terms of preparation of the lab. They are very short and say the same thing about the structure of the data. The labs are very good but I had to spend time looking up solutions online that were outside of the taught material. The course really needs to be updated.",2,"python-for-data-visualization"
"839","This course is a little disappointing for me.  It is a 3 Week course and content you learn in this course are not even cover introductory sections. The Final Project is So hard, that it didn't cover the important sections. I don't suggest this course if you are really serious about Data Visualization.",3,"python-for-data-visualization"
"840","The course would require revision to introduce the concepts in a simplified matter with different data sets. I also believe a lot of the detailed concepts are left for the course takers to explore to fully comprehend the material.",3,"python-for-data-visualization"
"841","Me pareció super interesante el curso, pero los videos muy cortos dejando todo el material para el lab, y el final assigment con solicitudes que no fueron explicadas durante el curso.",3,"python-for-data-visualization"
"842","Actually I think the final assignment part 1 is too difficult for the videos and lab courses to draw the bar plot as required.",3,"python-for-data-visualization"
"843","most of the material explains bits and pieces.  Conceptual and Fundamental knowledge is not covered.",3,"python-for-data-visualization"
"844","nice course for learning basics of data visualization",3,"python-for-data-visualization"
"845","I found it boring",3,"python-for-data-visualization"
"846","The videos are chopped together and the end-of-section quizzes are full of ""gotcha"" true/false questions and incomplete questions that will cause you to fail and wait the 8 hours until your next try. The content is lackluster, the videos are cut together with differing audio quality, and the presenter couldn't sound more bored.Not a good course. I just want to get through it to finish the specialization.",1,"python-for-data-visualization"
"847","Many technical issues with the course material that are outright ignored.",1,"python-for-data-visualization"
"848","This course did not went into the depth and breadth as per expectation after following previous course. In my personal opinion as PhD myself with history of teaching for 4 years, the content is not enough to make a separate course. This course can be included as part of data analysis course itself as separate week worth of lesson.",2,"python-for-data-visualization"
"849","This course does very little teaching. The labs demonstrate how to do things, but there is little explanation of why, and no theory about visualisation at all. Instead, students are simply taught to follow recipes. Also, for the past week, the IBM servers have been extremely unreliable. I haven't taken off any stars as it's not the fault of the teaching staff, but it's a bad look when an IBM run course can't actually get the IBM computing services to work properly.",2,"python-for-data-visualization"
"850","The course can be made much more better. The final course assignment wasn't much based on the things that were taught during the course. Example could be using the labels above the bar.On the bright side, the contents were really good. Thanks to the instructors! :)",2,"python-for-data-visualization"
"851","This course was a change of pace compared to the previous, absolutely stellar courses in the Applied Data Science specialization. The instructor is different and the methodology as well, the content was equally as digestible as the courses that preceded it, but at times the course had inconsistency on its quality. There was a lot repetition and it felt like padding at times. The difficulty and learning curve takes an abrupt spike on some of the assignments, but nothing you can't manage if you put in the work and leverage on the content of the previous courses.",4,"python-for-data-visualization"
"852","Although the content of this course is very interesting and has a lot of depth in the field, I believe that it needs further improvement, specifically with more examples in the labs, in order to get a better hang on the different types of visualizations.",4,"python-for-data-visualization"
"853","Good course, but I found the final assignment hard to complete, spent quiet sometime researching to be able to complete it. Providing the correct solutions would be helpfulThanks",4,"python-for-data-visualization"
"854","To much emphesis in the quiz on terrian tiles - that is something you can look up, seem no reasonable to know by hard.",4,"python-for-data-visualization"
"855","will be good if the module can elaborate more on how to add data label as annotation.",4,"python-for-data-visualization"
"856","very good in explaining an introduction in data visualization with python .",4,"python-for-data-visualization"
"857","first of the courses where things weren't spoonfed to you.",4,"python-for-data-visualization"
"858","The course materials are poorly structured. Labs are not well-designed and not friendly to students with little experience. This is not a very effective course.",1,"python-for-data-visualization"
"859","Seems like a Pandas course instead of a Data Visualization Course. The videos are very redundant and don't really give explanation on many items. The assignment is extremely hard in relation of the quality of the materials covered in the course.",1,"python-for-data-visualization"
"860","I spent more time searching online for answers than I did going through this course.",1,"python-for-data-visualization"
"861","The videos were repetitive and the final required a lot of outside research/information since the content was not covered in the course.",2,"python-for-data-visualization"
"862","The lab stopped working and we didn't get any support.",2,"python-for-data-visualization"
"863","This course focused on hands on examples for practicing Matplotlib and python on IBM cognitive lab for data visualization using different tools. Also all videos and lecturers made are great and helpful to show graph, plot , charts and maps. The course contents are clear, precise and lecturer is very knowledgeable.
Joining and getting help from course mates and moderates in discussion forum is Excellent! 
Ashfaque A. Joarder

",5,"python-for-data-visualization"
"864","Really nice course. This course has helped me build up a  number of Data Visualization skills, and I am able to draw meaning and conclusions from data easily and much faster. The course labs are excellent and the final assignment was a good way to test the skills that I developed during this course!",5,"python-for-data-visualization"
"865","The best course in this specialization, so far. Great balance between theory and practice. Interesting and demanding exercises and assignment. Theory explained in friendly way.",5,"python-for-data-visualization"
"866","A highly efficacious course for intermediate level Data Analyst enthusiast to enhance their skill over Data visualization techniques. I highly recommend to  take the course.",5,"python-for-data-visualization"
"867","This course was presented in a way that challenged me more than other courses in this program. I was very happy to have been challenged to think critically.",5,"python-for-data-visualization"
"868","The hardest class so far! Required quite a bit of additional work in completing the ungraded assignments. I learned more than ever.",5,"python-for-data-visualization"
"869","It's very nicely taught and helpful for my career perspective. Thanks a lot Coursera and IBM. I am loving this Specialization.",5,"python-for-data-visualization"
"870","Amazing course!!!I learned very useful ways to visualize datasets and I can't wait to use these plots to my dataset.",5,"python-for-data-visualization"
"871","I learned a lot in this course. The final project really challenged me and was a good way to wrap up the course.",5,"python-for-data-visualization"
"872","The course was helpful to understand the different types of graph and how to create them in python",5,"python-for-data-visualization"
"873","A very nice and detailed course (labs of course) for the entry level python data visualization",5,"python-for-data-visualization"
"874","Complicated and coding heavy but it shows some really good applications of visualisation",5,"python-for-data-visualization"
"875","very impressive course and peer assignments are very good and efficient",5,"python-for-data-visualization"
"876","A good course on visualization. many important topics are covered",5,"python-for-data-visualization"
"877","Course was very good, wish to have more examples for annotate",5,"python-for-data-visualization"
"878","Great .. Need to practice exercises more.. to be perfect...",5,"python-for-data-visualization"
"879","Good course! The last assignment definitely made me sweat!",5,"python-for-data-visualization"
"880","Very useful course for data visualization with python!",5,"python-for-data-visualization"
"881","Loved all the libraries introduced in this course!",5,"python-for-data-visualization"
"882","I love this course! Interesting assignment :)",5,"python-for-data-visualization"
"883","It is a little challenging. I like it.",5,"python-for-data-visualization"
"884","good class. labs are awesome.",5,"python-for-data-visualization"
"885","Is getting interesting",5,"python-for-data-visualization"
"886","The speaker's level of english was insulting. Some parts of the course were just covered up platforms for promoting his own companies.",1,"legal-tech-startups"
"887","I enrolled for the one reason only: to explore the legal tech startup industries. What I got from this course: a general overview of exploring or working a startup. No difference to Entrepreneur courses I took from San Diego school on Coursera, which offer more in content.",2,"legal-tech-startups"
"888","El curso es interesante. La temática es moderna, y las herramientas ofrecidas son sumamente útiles. Le coloco 3/5 estrellas por algunos factores: el orador explica con buena voluntad, pero comete varios errores hablando inglés a lo largo del video, y en varias oportunidades busca hablar fluidamente, pero no se comprende bien lo que pretende decir. Además, muchos de los links a artículos están caídos, o requieren suscripción para leerlos.",3,"legal-tech-startups"
"889","Some reading material links did not work",3,"legal-tech-startups"
"890","Overall the course does a great job of explaining broad concepts but the content is sufficiently outdated in 2020. If you want to learn general concepts and invest $50 in an intro course to get your feet wet then this course may be a good fit. It is low cost and it does provide a general framework about Legaltech and entrepreneurship",3,"legal-tech-startups"
"891","Es un curso interesante que provee elementos básicos de sobre el Legal tech y su relación con las Startups, dictado por excelentes profesionales, sin embargo puede mejorar sustancialmente en el material de lectura y en la traducción al inglés que a veces hace difícil su comprensión.",3,"legal-tech-startups"
"892","La experiencia  en general es buena para ver el potencial de la nueva realidad y de las oportunidades de negocio, pero de contenido es escaso, no se enseña el negocio ni las herramientas, ni los inconvenientes.",3,"legal-tech-startups"
"893","The course looks a bit superficial to me. Maybe that's because I've spent a lot of time investigating the related issues myself before. I'll continue with more in-depth studies of certain topics most relevant to my business plans.Also, this course is more about startups in general than about legal tech. However, all the basic concepts of startup development were illustrated with examples relevant to legal tech, and all major areas where legal tech startups may succeed were described.So if you are not familiar with startup methodology, economics, marketing etc. - I highly recommend taking this course. If you are not a novice in the startup world, but you need an overview of the current state of legal tech and market possibilities in this area - you may be interested in week 1 specifically.",4,"legal-tech-startups"
"894","I think the quizzes were too superficial, for most were solvable without even watching the video lectures. Despite this fact, I found the course very instructive and the reading materials were superb!! It was nice to follow this course!",4,"legal-tech-startups"
"895","El contenido es bastante bueno pero la dificultad del facilitador para hablar ingles hace que se vuelva extremadamente tedioso. Sería mucho mejor que hablara en su idioma nativo y que subtitularan.",4,"legal-tech-startups"
"896","It´s a great introductory course for the area. I just respectfully suggest to improve on the teacher´s english pronunciation.",4,"legal-tech-startups"
"897","This course is an excellent guide for knowing the keywords in Legal Tech. However, you should not expect to become a master in Legal Tech after passing such a course; that needs intelligence, experience, risk-taking, etc. You will become familiarized with the topics that you need to learn about and follow if you want to have a startup in the domain of Legal Tech. Overall, thank you, Marti, for sharing the key points we should consider in our future startup. This course was beneficial for me and gave me a holistic view of what are the steps I should take to execute my idea.",4,"legal-tech-startups"
"898","Very good course but i was expecting more detailed information on technology side of things. Instead it seems the course's focus is on entrepreneurship.Thank you very much for this course.",4,"legal-tech-startups"
"899","Very good overview on legal tech field and more important a good mix of general startup lessons as well as field specific insights.",4,"legal-tech-startups"
"900","It is easy to complete, and you defintely have an accurate idea of the business is changing",4,"legal-tech-startups"
"901","Excelente para adquirir conocimientos básicos sobre una start-up.",4,"legal-tech-startups"
"902","Explained and helped to understand how technology, legal sector and startups  merge, the role they each have now and their future impact. A good introduction into the world of technology and startups and their terminologies for legal Practitioners.",5,"legal-tech-startups"
"903","A very practical course. The course demystifies entrepreneurship especially for persons going into the legal tech space. The lectures are clear and easy to understand. Highly recommended.",5,"legal-tech-startups"
"904","I'm overwhelmed with gratitude. The course has been LITERALLY, LIFE-CHANGING. My name is Ramesh Chand Aggarwal.  I'm 58. I resigned from Bank of America in 1989 and for since then have been running a boutique consulting firm specializing in efficient marketing techniques, high-stakes communication and strategy consulting. I have been practicing law too.  Initially, I differed with Professor Martin specially when he talked about not spending so much time on business plans.  However, gradually as the course progressed I could the rationale and the wisdom behind what he was talking, specially business model Canvas and when I read the article:   https://hbr.org/2013/05/why-the-lean-start-up-changes-everything.  The course has given me more value than a 3-year course.  The material on growth hacking strategies,  the guidance on using technology it was amazing.  I used to think AI, Machine Learning and things like blockchain are just meant for big law firms.  I could not have been more wrong. Through AWS & Google Cloud it is as easy as using LinkedIn or Facebook.  I wish I had words to express my gratitude.  Thank you.  Thank you. Thank you.  I would love to be a mentor and do anything I can for Coursera or IE Business School.",5,"legal-tech-startups"
"905","I am currently leading the legal tech and innovation at a large conglomerate and found this course on the Coursera website and almost immediately got hooked. I worked pretty much round the clock in my free time / nights to complete the 4 weeks over the 10 days or so. I was also humbled a lot in terms of how much knowledge there is to explore in this space! Thanks once again for this introductory course and I really look forward to similar courses in this space.One thing worth mentioning in the course is that there are some readings that are archived on LexisNexis and are not accessible beyond the first 1 or 2 lines (even when googled independently). I would appreciate if all articles are made available as a PDF instead, so future students do not have this issue!",5,"legal-tech-startups"
"906","Thank you ie for this amazing and most helpfull course in this very important field of knowledge. You presented the information in very delightful way, especially through proffessor Marti Manent who made all complex issues seem easy to relize and understand.Thank you!",5,"legal-tech-startups"
"907","A very interesting lectures. They talk about the reality of the legal world, in a language that everyone can understand: I recommend it.Un curso fantastico. Versa sobre la realidad del mundo juridico en un lenguaje comprensible para todos: recomendado.",5,"legal-tech-startups"
"908","It is a good way to start in the legal tech world, Marti explains the concepts in a very understandable manner. Consider it is a basic to medium level curse. Definitely some resources and tools mentioned across the course needs to be updated urgently.",5,"legal-tech-startups"
"909","In my opinion, this MOOC curse is pioneer in the market. Thank you very much Coursera and IE Business School for providing such a good opportunity to learn about Legal Tech & Startups.",5,"legal-tech-startups"
"910","The Course is a excelent choice to get a overview on Legal Tech Ecosystem and to know principles about create and growth startup! Great for begginers in the area!",5,"legal-tech-startups"
"911","This is indeed a premium course brilliantly taught and with an amazingly rich content (study materials). I've learnt a great deal and had fun while at it.",5,"legal-tech-startups"
"912","This course seems to be so good that anyone can easily learn. The assignment and quizes are so good enough to evaluate ourselves.",5,"legal-tech-startups"
"913","Excelente contenido y desarrollo del curso. He aprendido mucho sobre el tema y espero poder aplicarlo pronto.",5,"legal-tech-startups"
"914","it's a well-organized course. it opened my eyes to so many ideas and opportunities in the legal market",5,"legal-tech-startups"
"915","The mode of learning and the content of this course is amazing, practical and very relevant. Thanks.",5,"legal-tech-startups"
"916","Très bon cours, dynamique, passionnant et accessible pour tous ! Je recommande vivement !",5,"legal-tech-startups"
"917","Really good and clear. Everyone who want to improve the legal profession should take it.",5,"legal-tech-startups"
"918","No words to say..covers most of the things needed for a startup in 4 weeks",5,"legal-tech-startups"
"919","Excelente para aprender los conceptos básicos de una startup legaltech.",5,"legal-tech-startups"
"920","Thank You for the exposure to so much useful information!",5,"legal-tech-startups"
"921","EXCELENTE MATERIAL Y EXPLICACIONES MUY BUENAS",5,"legal-tech-startups"
"922","Very good, interesting and practical course.",5,"legal-tech-startups"
"923","very simple and easy to understand",5,"legal-tech-startups"
"924","A great course!!",5,"legal-tech-startups"
"925","Very bad English. It's barely understandable.",1,"dermatology"
"926","My personal opinion is that the course is very superficial on some very interesting contents. She wants to have a large content but I think it will be better to focus on less contents and make it less superficial.",2,"dermatology"
"927","no se entiende muy bien el ingles, hay información que no es del todo correcta y poco clara",2,"dermatology"
"928","Well, the course content is very good. However, the questionnaires have much to improve. There are some open questions that do not seem to have an adequate answer. And the english subtitles are not quite good also",3,"dermatology"
"929","The course was full of valuable information but her accent and broken English was extremely difficult for me to understand.",3,"dermatology"
"930","The course is interesting, however, it is difficult to understand the professor and some of the video and test questions should be checked, as some of them do not register the right answer. Also, the ""open"" questions ask for other names of e.g. diseases and conditions that are not mentioned in the videos.",3,"dermatology"
"931","Las preguntas están un poco extrañas y no hay forma de aclarar dudas en las preguntas abiertas de quiz. El curso está muy completo pero no se le entiende bien a la ponente.",3,"dermatology"
"932","Spoken words were sometimes not clear.",3,"dermatology"
"933","The course is not as structured and the information is not clearly understandable. I needed to search in Google some of the terms she mentioned to understand completely. In the end I didn't finish the course because I opted to read a textbook from here instead. https://opentextbc.ca/anatomyandphysiology/chapter/5-1-layers-of-the-skin/Saves me time from watching the video and searching about terms afterwards.",1,"dermatology"
"934","Difficult to understand instructor",2,"dermatology"
"935","The course is very interesting, but I have a problem understanding what she is saying😞I have to use the subtitles !",4,"dermatology"
"936","The course provides heaps of information regarding Dermatology for those interested however, the English presented in the videos are slightly challenging to comprehend. Despite that, I have learned so much during the duration of this course and highly recommend it!",4,"dermatology"
"937","I am happy to have completed this course, I learnt a whole lot about skin interaction with the environment, diseases and how to recognize & differentiate skin conditions and diseases. Thanks.",4,"dermatology"
"938","I like this course because it gives you a very good introduction to the basics of dermatology, the main conditions and diseases, as well as the correct way to apply skincare",4,"dermatology"
"939","Interesting, useful content besides poor translation and difficulties to understand Professor's English.",4,"dermatology"
"940","There should be better subtittles because the accent of the professor its a little hard to understand",4,"dermatology"
"941","This couse give alll the information about skin and environment effect alll thingd",4,"dermatology"
"942","I wish the subtitles were more reliable but I learned what I intended to.",4,"dermatology"
"943","the course was so good . i have learnt a lot of things, thanks",4,"dermatology"
"944","Cant copy full body of lectures for future benefits",4,"dermatology"
"945","Gained good knowledge about the skin and skin care",4,"dermatology"
"946","Very informative and interesting .",4,"dermatology"
"947","This was a very scientific course",4,"dermatology"
"948","please, second part!",4,"dermatology"
"949","I'm really disappointed, because as someone who suffers with acne, I was personally interested in what this course had to offer. However, it was really difficult to keep up with the instructor, due to English not being her first language. Not only that, but the video didn't have sufficient editing to at least edit out the parts where she stutters and struggles to say something. This at least would have made it easier to keep up with her. I understand that english isn't everyone's first language and I respect the instructor for speaking it, even with an accent, but some actions could be taken to make the class more easy to understand for those who can't understand the instructor. This looks very poorly made overall and as though the lady is improvising what she's about to say.",1,"dermatology"
"950","I liked the course so much. It was very detailed and I learned a lot of interesting things. The tests are very, very difficult. This was the first course I had to repeat the test more times. I would like to say, that I do not like test where you can´t choose, not that I don´t know the answer, but because you know the answer and the system says - oh, that´s not correct. I didn´t know, where is the problem. You don´t have time to do it 10 times and try - big letter on the beginning etc. I think, that this course has many useful information and I would like to recommend this course.",5,"dermatology"
"951","For someone without a medical background this course was intense but manageable.",5,"dermatology"
"952","excellent course that should be taken by all medical staff",5,"dermatology"
"953","The course material is very practical and useful.",5,"dermatology"
"954","The course is very useful and very informative. It helped me to know the basics of the diseases and infections and how they can be managed. the instructor is very good.",5,"dermatology"
"955","iam enjoying the course , And have learnt alot towards my career as a skin care consultant. Dr Maimuna Sani Stores",5,"dermatology"
"956","I think this course is very useful. Thank you!",5,"dermatology"
"957","This Is so far The Best Course in Basic Dermatology  I have attended . Simplified yet very Informative. This “Trip” surely was very enjoyable As My Instructor Dr Irina Sargeeva kept me engaged with her knowledge.  It would definitely help me in my Practice.Thank You so much .",5,"dermatology"
"958","It is a course that goes from the most basic, quite complete, it is interesting that it includes the treatment in several of the pathologies, despite the limitation of the subtitles it is possible to understand, I am Spanish-speaking and I had no major problem.",5,"dermatology"
"959","He aprendido muchas cosas nuevas a raiz de este curso, a parte de que he mejorado mis terminologías en ingles en el área de dermatología. Conocer distintas patologías me permite ahora definir mis limites como esteticista o cosmiatra.",5,"dermatology"
"960","Completed very excellent dermatology trip to skin course from coursera.accept this course  achievement would be challenging in current  environmental situation.Thans me and thanks to coursera.",5,"dermatology"
"961","thank you for this experience it will help me very much in my job i will continue to study dermatology because i am really interesting on this",5,"dermatology"
"962","it's has been a great pleasure to become a part of it and it helps me to clear my concepts and  increase my knowledge in every aspects.",5,"dermatology"
"963","It was an excellent course in dermatology and  I give my thanks to the professor Irina Sergeeva and I wish all the best for her.",5,"dermatology"
"964","100% Worth Course great lectures as well coursera helps a lot in course thank you whole team",5,"dermatology"
"965","Excelente curso. Problems with de Certification for the person who has a financial aid",5,"dermatology"
"966","Really interesting! easy to understand. I recommend it 100%!",5,"dermatology"
"967","The course is very helpful and really interesting",5,"dermatology"
"968","Love it so much ..I've benifite alot from it",5,"dermatology"
"969","explained in very understandable manner",5,"dermatology"
"970","Thank you so much, I loved this course",5,"dermatology"
"971","An excellent course to improve skill",5,"dermatology"
"972","deep conceptual knowledge of skin",5,"dermatology"
"973","thank you for this course",5,"dermatology"
"974","It is hell, the course is just switching the deadlines, i already have completed my whole course, but haven't received my certificate yet. why ? there is no one who would solve my query or provide me proper guidance.",1,"antibiotic-stewardship"
"975","very monotonous, people are just reading the script, gasping for air sometimes to be able to talk so fast. extremely technical and not what i expected at all.",1,"antibiotic-stewardship"
"976","No me deja completar el curso a pesar de haber reiniciado mi cuenta y no puedo recibir ayuda para obtener mi certificado a pesar de haberlo pagado",1,"antibiotic-stewardship"
"977","NO RECIBI EL CERTIFICADO POR EL CURSO REALIZADO",1,"antibiotic-stewardship"
"978","No certification After completing course",1,"antibiotic-stewardship"
"979","Very important information, but too dense, pictures are not as interactive. Requieres lots of attention for being such a dense video",2,"antibiotic-stewardship"
"980","Thank you for the wonderful content but there are major technical glitches, no assignments or visibility of completion of course once the 4 weeks are done. I hope this is addressed for the future participants who want to enroll.",3,"antibiotic-stewardship"
"981","The information and instructors : wonderful. Getting your certificate upon completion: impossible. I finished this course over 8 weeks ago and still no certificate.",3,"antibiotic-stewardship"
"982","The course provides me with the basics of the antibiotic stewardship program that is not only implemented in hospitals but also in other healthcare settings. I have learned lots of new things such as methods measuring the efficacy of the program (especially comparing the observed trend in antimicrobial use after the intervention, to the projected trend in utilization if the intervention had not occurred; how to determine the priorities to first implement, etc.). Besides, I have been introduced to electronic health systems, clinical design support systems, or outpatient parenteral therapy,  which extremely interest me because they are not present in my country at that moment.I think it should be better if the course provides the lecture materials able to be downloaded to students, so I can quickly review what I have learned from the course without watching the videos again.Thank you very much!",4,"antibiotic-stewardship"
"983","Thanksfull Stanford center medical for this corse & all doctor's in Corsera 😍😍😍😍❤❤❤❤❤❤❤❤❤❤❤❤",4,"antibiotic-stewardship"
"984","Impressively put together. Demanding, but essential for anybody dealing with antimicrobial issues.",5,"antibiotic-stewardship"
"985","This course is worth gold, it has helped me a lot to advance my professional career. I am very grateful to the Stanford University School of Medicine for offering these courses of such good quality to the general public.",5,"antibiotic-stewardship"
"986","ITS AMAZING AND THE MOST INFORMATIVE COURSES I HAVE BEEN GO THROUGH IT",5,"antibiotic-stewardship"
"987","Very interesting topic that explains that how resistance develops in an individual and we can cope with that, how its helpful to diagnose the infection in selection of right drug. This course contains all material regarding drug problems. Thankx to coursera team for providing this excellent course.",5,"antibiotic-stewardship"
"988","it is clinically well explained course. it has some difficult sections for non-expert professionals like myself as a generic pharmacist. i recommend this to all clinicians and clinical pharmacists who are interested in or have passion to optimization of antimicrobials' use",5,"antibiotic-stewardship"
"989","Course was comprehensive and thorough - offered many different perspectives on antibiotic stewardship. A real call to action to solve the emerging public health threat that is the rise of multidrug resistant organisms.",5,"antibiotic-stewardship"
"990","Very informative. Offers fresh reviews on multiple infectious disease topics and treatments as well as a better view at treating some of those common ID states to promote lessened microbial resistance.",5,"antibiotic-stewardship"
"991","It was an amzing opportunity to know about effective way  of antibiotics administration  and their rational uses.I am greatful to course era.",5,"antibiotic-stewardship"
"992","An excellent course about antibiotic stewardship program. I was looking for such updated, compiled information from a long time.",5,"antibiotic-stewardship"
"993","This is awesome! I like this course very much.  It's very informative and engaging.  I",5,"antibiotic-stewardship"
"994","i like this course very much. it helps me to improve my knowledge .",5,"antibiotic-stewardship"
"995","great lecture to know the antibiotic history and WHO wording.",5,"antibiotic-stewardship"
"996","Excellent course, i'm really grateful for your training!",5,"antibiotic-stewardship"
"997","excellent program , very informative and factual.",5,"antibiotic-stewardship"
"998","Great training on antimicrobial stewardship.",5,"antibiotic-stewardship"
"999","This course is extremely useful for ASPs",5,"antibiotic-stewardship"
"1000","Excelent for clinical doctors in Mexico",5,"antibiotic-stewardship"
"1001","nice course its helpful for me !",5,"antibiotic-stewardship"
"1002","I can not take my certificate",5,"antibiotic-stewardship"
"1003","feedback is very poor from the quiz especially from the questions with multiple answers",2,"finance-healthcare-managers"
"1004","need more study material available mentors to assist students with questions. use investopedia. com to answer additional questions",2,"finance-healthcare-managers"
"1005","The presentation is too tedious.",2,"finance-healthcare-managers"
"1006","Lectures and slides were great. Quiz questions were poorly worded (vague) and used terms not raised in the course content making them more challenging then they should have been to complete.",3,"finance-healthcare-managers"
"1007","Some topics are very repetitive.",3,"finance-healthcare-managers"
"1008","must improve better in future",3,"finance-healthcare-managers"
"1009","Not interactive enough",3,"finance-healthcare-managers"
"1010","This course is very difficult and not for beginners.",1,"finance-healthcare-managers"
"1011","Level of Difficulty is good. Challenging at times to executives in firms who don't have much exposure to financial aspects of the firm. But grit will help you go through the course and complete it.",4,"finance-healthcare-managers"
"1012","Great way to learn , some topics are really hard to understand if you dont read some Financial Terms",4,"finance-healthcare-managers"
"1013","The module was very informative but lacked examples about the Healthcare industry.",4,"finance-healthcare-managers"
"1014","This course is very practical and will help me bridge the gap that sometimes exists between different areas of the business and Finance. Its contents are very useful and easy to apply in my business. Having videos, quizzes and powerpoint presentations makes the process more enjoyable. The reason I did not give 5 stars is that it became quite cumbersome to go back to redo the quizzes (all correct answers should be saved) and because I would have expected some Further Reading suggestions at the end of the course. But, I will certainly recommend this course to non-financial friends and colleges.",4,"finance-healthcare-managers"
"1015","I thought the course was great! The only thing I disliked was that sometimes I felt that the quiz questions didn't always match up exactly with the subjects and/or examples covered. Gets you to think though, so not necessarily a bad thing.",4,"finance-healthcare-managers"
"1016","It is a good course and was helpful. The multiple choice questions were tough because it felt like there wasn't enough information toanswer them effectively.",4,"finance-healthcare-managers"
"1017","Wish week 4 was one long example so that we could go into more detail into making the business model. Overall learned a lot and enjoyed the course.",4,"finance-healthcare-managers"
"1018","The course is really good and I recommended it to my colleagues. It doesn't get 5 stars from me because of the test for week 3 which seems weird.",4,"finance-healthcare-managers"
"1019","Everything is good, however it lacks explaining the quiz answers + quiz 3 was disaster.",4,"finance-healthcare-managers"
"1020","Good course, but module 4 should be more comprehensive, math driven, real life example.",4,"finance-healthcare-managers"
"1021","The Last Week was really good, you guys should learn it!!!",4,"finance-healthcare-managers"
"1022","lectures less detailed for solving quiz",4,"finance-healthcare-managers"
"1023","I am totally confused by this website , all video can not be played no matter download or online .please help .",1,"finance-healthcare-managers"
"1024","The course was OK. However, the quizzes do not match the wording of the lectures or accompanying material. Worse, many of the questions are the ""pick the best answers""  type which if you make even one mistake the whole question is wrong. There is zero feedback on the test results so you have no idea what was wrong. I would have just abandoned this course but it was required for the specialization. Finally got it done. Not a good learning experience and if I want to learn more of this stuff I will pick a better learner centric venue. Tests should be a teaching tool that aid in knowledge acquisition. Not a big, got ya!",2,"finance-healthcare-managers"
"1025","I understood well the last 2 modules of the course since they were explained well and in enough detail.  The first 2 modules were very confusing and took much longer to get through each video since I had to keep returning to previous sections. Unfortunately, there were YouTube videos that better explained some of the material.  I expected much more from an online course from Wharton.",2,"finance-healthcare-managers"
"1026","It was great. I had little issues in understanding little bit as i am medical background, it would be great if it had some medical examples.",5,"finance-healthcare-managers"
"1027","I do not have a background of Finance and Accounting. This course is really for me to learn the basics and apply it in my practice",5,"finance-healthcare-managers"
"1028","The classes were amazing and the quizzes helpful and challenging. I am a medical student in one of the top universities in my country, unfortunately our healthcare managing discipline does not even scrape the most fundamental aspect of managing, which is accounting. Most of the medical students in my country do not have the slightest idea of the economic dynamic behind healthcare, that's why I am recommending this course for all my colleagues. I hope that this knowledge will change our culture, that in most instances only result in the tragedy of commons.",5,"finance-healthcare-managers"
"1029","Everything i was looking for from this course and more.Both professors had good lecturing styles and kept the content interesting.The pace of content was considerate of the likely target audience.I wish some of the quizzes didn't have so many ""check all that apply"" questions.Overall, the best course in the Finance and Quantitative Modeling for Analysts Specialization",5,"finance-healthcare-managers"
"1030","II found it to be a great course for business analysis, from the managerial as well as the analysts' points of view. It also lays the foundations of predictive analytics, something which can be delved into in greater detail by those interested, through other courses.",5,"finance-healthcare-managers"
"1031","Great way of quickly learning accounting, financial analysis based on balance sheet, income statement and cash flow, analysis of risk of firm through DuPont analysis, and how to plan/predict changes in non-financial factors to improve profit.",5,"finance-healthcare-managers"
"1032","The course is amazing even commerce students can learn many things from this course. I must say I appreciate the hard work being put in by the professors. It gives a clear way on how to relate financial and non financial metrics.",5,"finance-healthcare-managers"
"1033","This was a really insightful and enjoyable course. The Professors were the best I could ask for to teach the subjects in this course - they made everything clear and to the point. I would highly recommend this course!",5,"finance-healthcare-managers"
"1034","Good in-depth look at the financial framework that we will need to be familiar with. I'm glad the math was not spared in this course. Tying the nonfinancial aspects to financial aspects was a well done lecture.",5,"finance-healthcare-managers"
"1035","This Course was very helpful and providing an excellent knowledge about Financial Results with proper integration with non-financial performance. I really enjoyed the course !",5,"finance-healthcare-managers"
"1036","Great course and great teachers.Both professors explain very well and in a very pleasant and easy manner.Thank you",5,"finance-healthcare-managers"
"1037","The course was well developed for people with no basics in finance to help improve their management skills",5,"finance-healthcare-managers"
"1038","Excellent finance course. Classes are well organized and explained. The strongest point was the examples.",5,"finance-healthcare-managers"
"1039","Great course.  I will immediately be able to apply what I have learned in healthcare job!  Great course!",5,"finance-healthcare-managers"
"1040","I am very please to complete the course. I think it will be helpful for my professional growth. Thanks",5,"finance-healthcare-managers"
"1041","Challenging and insightful programme. Very Tricky options to select. Thank you!",5,"finance-healthcare-managers"
"1042","Excelente, as a tool for health professionals starting on managing issues",5,"finance-healthcare-managers"
"1043","Great introduction to financial reporting and business analytics",5,"finance-healthcare-managers"
"1044","Solid content that is extremely relevant in today's workplace.",5,"finance-healthcare-managers"
"1045","Excellent overview of important concepts, well done!",5,"finance-healthcare-managers"
"1046","Great course.  I am glad I did this course.",5,"finance-healthcare-managers"
"1047","Quite well done.  Concentrated information.",5,"finance-healthcare-managers"
"1048","The course is well-equipped",5,"finance-healthcare-managers"
"1049","Comprehensive and Engaging",5,"finance-healthcare-managers"
"1050","excellent, a noble work!",5,"finance-healthcare-managers"
"1051","Is very usefull",5,"finance-healthcare-managers"
"1052","The ethics unit examples were interesting.  The reading assignment was an exercise in download and store.",4,"intro-to-healthcare"
"1053","This course is aimed at native English speakers. As a native Spanish speaker, it was somehow useful. They talked about interesting topics and issues that we should take into account to communicate effectively in healthcare settings.",4,"spanish-in-healthcare-settings"
"1054","Some of the quizzes were difficult in that I know that I would put the right answer, and it is even verified by some of the content in the modules, but it would still mark it as incorrect. This is especially relevant in the answers that needed to be typed out. Otherwise, the course was great!",4,"spanish-in-healthcare-settings"
"1055","The course is good.  There is a lot of information given.  I would have preferred smaller pieces of information and maybe some links to some practice exercises on the grammar points.",4,"spanish-in-healthcare-settings"
"1056","Very clear and well organized course.I am sure will help me in my communication with hispanic people in healthcare setting.Thank you!",4,"spanish-in-healthcare-settings"
"1057","The course is very organized and gives you a lot of tools and information to be successful in a Spanish health care setting.",4,"spanish-in-healthcare-settings"
"1058","This course is great for beginners who know some Spanish and want to expand on their medical Spanish.",4,"spanish-in-healthcare-settings"
"1059","The lectures and assignments questions are more about the history of the internet and HTML. although I've finished the course but it wasn't as good as i thought.",2,"html"
"1060","This course in okay. But if you want to know much more about Html you should take Class on Fullstack Web Development by The Hong Kong university of Science and Technology which I liked more than this. That course is wonderful and interesting too.",3,"html"
"1061","Could be the best course on HTML5, but autograder is a pure nightmare. There's a good chance to fail your final project because of technical 
issues. So, 5 stars for the content, 0 stars for the autograder, 3 stars
 as a final mark.",3,"html"
"1062","very very bad text size of quiz.mam teaching us acessability and himself providing very small text size for answer.",3,"html"
"1063","very simple . assignments are ok. I would prefer it if the assignments would be all applications and programming.",3,"html"
"1064","Overall, good course. I learned a lot about html tags, the need for understanding semantics, syntax, and accessibility. Only issue I had was that some of the questions for quiz and grading rubric need to be corrected. Other students mentioned the need for corrections in the forums. Thanks for having this course available.",4,"html"
"1065","I think it was a good overview of the subject and instilled good practices. I feel like the instructor should have involved the student with a little more hands-on coding throughout the course to get a better feel for it. Otherwise it was very informative and I learned some good things.",4,"html"
"1066","A good introduction to HTML5 with a nice emphasis on accessibility. I think it is a great idea to focus on design with best practice in mind, so you are more aware of bad habbits that would otherwise creep into your own developing style unnoticed.",4,"html"
"1067","a very well constructed course for everyone who wants to get hands on expertise in dealing with Html 5.i enjoyed every single lecture and the most important of all is you get your understanding of html 5 tested through a Final Project.",4,"html"
"1068","I wanted to get an understanding of the fundamentals of html and this was a great course. It doesn't babysit you so you have to get interactive with the coding to actually learn it.",4,"html"
"1069","This course is very useful for the beginners. They can learn the basics of web designing and hot publish your website. But some tags and attributes should be added in the course.",4,"html"
"1070","I am very happy to coursera and very much thankful to my instuctor who helped me in learning HTML5.THANKYOU Coursera whole family for providing me free this course.",4,"html"
"1071","good....but marking by autograder is very strict.....i created the exact same page, i run it and it was perfect but i did not get 1 point for that in quiz....",4,"html"
"1072","i very happy to have skill that make web page so i very happy thanks all teachers taking my lessons and all coursera teachers thanks all of you",4,"html"
"1073","The way of teaching by Collen mam is awesome. The course is very easy to understand and more engage me to do the course successfully.",4,"html"
"1074","Great introduction to HTML. Defiinitely have to try it out yourself. Videos are easy to follow and encourage lots of practice.",4,"html"
"1075","It was very good experience to learn HTML here and I am very thankful Coursera and Dr. Colleen Van Lent as well.",4,"html"
"1076","Even If you are a begginer you can start it and a little practice actually leads to completion of the course",4,"html"
"1077","Not so information about html tags and implimentation of codesbut it is good foor begginers",4,"html"
"1078","It is really a great start course for learning HTML. It is neat with practical examples.",4,"html"
"1079","It was really a good experience. I loved it and had improve my skills.",4,"html"
"1080","Good course and I learned the basics. Some how it could be better.",4,"html"
"1081","A decent non-overwhelming course to start front-end development.",4,"html"
"1082","Awesome lecture really enjoyed it thank you very much",4,"html"
"1083","some more graded assignments can be really helpful",4,"html"
"1084","i'm glad to joint this course thanks miss colleen.",4,"html"
"1085","great course for beginners to learn basic coding",4,"html"
"1086","Good For Learning Basic Concepts OF HTML 5.",4,"html"
"1087","great course has helped me a lot thank you",4,"html"
"1088","very good course for absolute biggeners",4,"html"
"1089","quite suitable for new beginners !>.<",4,"html"
"1090","good course for html 5 for beginners",4,"html"
"1091","It's very good, but nor perfect.",4,"html"
"1092","Very good. I have learned a lot.",4,"html"
"1093","for the beginner it is excellent",4,"html"
"1094","teaching was very effective",4,"html"
"1095","good course to learn html5",4,"html"
"1096","good understandable videos",4,"html"
"1097","It was awesome.",4,"html"
"1098","a good one!",4,"html"
"1099","Thanks to Colleen who taught so well about html5",5,"html"
"1100","He not allow two quiz examination",5,"html"
"1101","One of the best online courses on HTML5. The course syllabus was quite vivid, wide-based, and detailed, ranging from scratch to the best! Besides, the Course Instructor, Colleen van Lent  was outstanding as she guided through all the hooks and corners of HTML5 and discussed even the points where students can stumble upon or make flaws! Being a beginner with zero knowledge about web designing, this course is simply a boon to rely upon! I am whole-heartedly satisfied and have gathered much confidence up till now to explore more in the domain of Web Designing. The experience was simply Great!",5,"html"
"1102","I am a third year I.T student and took this course just to freshen up on my HTML knowledge. this course even covers some content (e.g. accessibility) that is not covered in my lecture slides and seminars. very good course. covers everything that my university taught us. for those of you who are not going the degree route, this course is an excellent start. for those of you like myself who already know HTML but haven't touched it in a while, this is a good refresher.",5,"html"
"1103","Absolutely loved this course! The course instructor started from the very basics and taught us everything from how a webpage works to how to create and put up our own webpages on the internet for everyone to see. A lot of focus was put on accessibility. This course really dives into how we can make our web page accessible to more and more people. This is a great course if you want an introduction to the world of HTML5.",5,"html"
"1104","An absolutely ideal introduction to HTML5 – exactly the type of introduction that I wish I had when I started learning HTML5 several years ago. I took this course as a refresher on HTML5, and found Dr van Lent's style to be friendly and engaging: she covered all the essential elements of HTML5 in an understandable manner. Highly recommended for beginners, or as a refresher for more advanced learners.",5,"html"
"1105","Well presented and explained. Covered good fundamental areas required to understand the web and HTML pages. One feedback is that the reading project to Shay Howe was marked for a few hours, while it took many days to complete delaying the overall schedule. So unsure whether I did that part right or not - so maybe instructions for that could be recast to make it clearer. Thank you.",5,"html"
"1106","The Instructor was very helpful and tries very hard to push the learners through the material. But as others may have said before, some of the information in the lessons is outdated a bit and/or the videos have outdated information. However,  the Instructor did a good job in mentioning that in the videos and such.",5,"html"
"1107","The theory does not take beginners in consideration",1,"music-theory"
"1108","Sadlly this is not for beginners! :(",1,"music-theory"
"1109","The instructor for this course is clearly an expert, and I enjoy the lectures. However, the course description says it is beginner level, but it is actually a pretty challenging course that, I think, assumes you have some background knowledge. If you have ever played piano and have some knowledge of the keyboard, and if you have a keyboard at home you can use to help you practice, that would helpful. There is a lot you need to memorize, so the 2-3 hours a week may not be enough. Also, you won't be able to do all the quiz questions on the phone app because the sound files don't work. I asked about this and was told this is a bug they are working on. I just have to use a laptop or desktop to do the course. I had hoped to be able to do some of it, at least, while commuting. Looking at the comments in the course, it appears that they have been working on this bug for some time, but no resolution.  I wish I had taken the course as a survey, not the $$ version.",2,"music-theory"
"1110","I am giving it 2 stars for several reasons. The main reason was the in video questions usually were asked about a pic seen very briefly before the question was asked. Half of these did not have a link to the pic. in question. Making you have to guess. Another reason is the teacher was pouring out tons of info but in such a fast pace and not in a language a beginner understands. Half the course I felt lost. Last, I am marked ad partial completion only because I am auditing the course, I watched everything, read everything, answered the discussion questions and everything else I needed to do. I did not take the tests because they were locked for paid participants, but I should show a completed for an audit like other courses do.",2,"music-theory"
"1111","Overall, a good introduction to music theory. I enjoyed the course, and am excited to apply it in practice. Cons: a few parts felt not so beginner-friendly (where we're expected to know certain things by ear). I also think the part about meter & time signatures was a bit rushed. For that section, it was difficult to do the assignments based on the limited things taught in the video. I think it would be clearer to beginners if more examples were worked through, and the quiz did not ask things outside of what was taught it in class.",3,"music-theory"
"1112","Confusing but informative",3,"music-theory"
"1113","This was a great course with a great instructor! Only reason I did not give it all four stars was simply because a lot of questions that really needed a visual to answer were not provided with said visual. There were a couple of questions in the quizzes that would not accept the correct answer (after I would specifically study those specific parts if I did not get them right the first time). The only other thing keeping me from giving it a full five would be the fact that the practice questions inside of the videos would not give you nearly enough time to look at whatever musical example you had to answer questions on. Would've been great if you could see them while you answer questions.",4,"music-theory"
"1114","Parte da transcrição não parece correta e a maneira como os exercícios estão ativando nas lições está bagunçada, fazendo com que precisemos voltar a lição para conferir alguma imagem a que o exercício se refere. As imagens talvez pudessem ser mais didáticas de maneira que pudessemos acompanhar melhor o raciocínio do professor nas lições, já que alguns alunos podem não conseguir atingir a capacidade pretendida por ele logo ao longo do curso e então não ter em certos dados fluidos na mente sempre.",4,"music-theory"
"1115","Professor Taggart is very knowledgeable on the topic. I learned a great deal from these lectures. The lectures are fast-paced and require some self-motivation to memorize key music theory facts and perseverance to work through the problems. The effort is well worth it to get a grasp of the music theory.",4,"music-theory"
"1116","Thank you! This is a commendable course! Learned so much stuff about music theory, although I have been playing piano for quite some time, the terminologies is really new to me. God will bless you a lot on teaching this stuff online.",4,"music-theory"
"1117","Very good course, though I thought there could have been more practice exercises to re enforce the lesson taught. Had an issue with the last quiz, seemed like two questions were not being graded. Overall enjoyed the course.",4,"music-theory"
"1118","This course had everything I needed. I learned a lot although some parts were hard to follow. I am better at playing things by ear. I know when to be in key and when things are out of tune.",4,"music-theory"
"1119","Love this course, gives a 360 degree of music basic knowledge",4,"music-theory"
"1120","Very well structured and
methodical",4,"music-theory"
"1121","I would have given this a 5 star rating if I was able to use the course quizzes.  The quizzes do not work and asking for help or reporting this is a problem. It's time consuming and the problem still is not fixed.I have spent the time I had for studying trying to take the quizzes that would not work. Despite having a tech try and help me the quizzes still do not function. really a bummer. Makes me not want to purchase classes.",1,"music-theory"
"1122","i feel the basic are not really thought but they are expected to be implied in the exams. really tried to make up with the lesson and tests but the basics still being thought to a beginner are incomplete. i found so many other sources who are teaching just out of passion and no experience in a much clear and easy way that i had to go and listen to their classes and then come back to attempting few questions here. i don't think how these MOOC classes are supposed to work. no offence but maybe there are a lot of people finding this class perfect but for a beginner like me its still difficult.",1,"music-theory"
"1123","Stating that this course is for beginners is simply misleading.  The discussion question for the second week is ""What is your favorite interval?"".  First of all, as a beginner, I just learned what an interval was (and even that information is presented as if you have knowledge that a beginner simply wouldn't), and without being able to recognize notes by ear (which a beginner certainly couldn't do, or at least this one can't) how would I have any idea how to answer this question?While some of this content is presented in a very basic manner that a beginner can grasp and use to build upon, by the time I got into intervals in the second week, I was simply lost, even after going through the entire first part of the second week again.Perhaps I'm simply not musically-minded enough for this course, but this level of content and method of instruction seems well beyond what a beginner course should offer.  And unfortunately, it's past my 14-day refund period with Coursera, so I'm out the certificate fee.",2,"music-theory"
"1124","Saying this course is for beginner is a bit misleading. Who enrolled this course should be able to read music sheet and know some basic about music theory. And the professor sometimes doesn't explain anything, he just give us some exercise that very hard for those who have no basic. Most of the time during this course, I have to use search engine to be able to understand the lectures. And I don't know how these theories can be applied to the actual experience of making or listening music.",3,"music-theory"
"1125","Sometimes the course feels too theoretical. Not recommend if you have zero music education background/experience in playing an instrument.",3,"music-theory"
"1126","I am very pleased with which the professor speaks. I am also happy in which the way that this course is developed for budding musicians. hat is to say those who cannot maybe even read sheet music. Though keep in mind I have downloaded free PDF's and such online so that I might better be able to understand the course. Sometimes a professor is just right; I like his personality.",5,"music-theory"
"1127","The course gives much practice and many useful hints to help students easily identify notes, chords and their inversions in sheet music. A very good help to any course in music theory!",5,"music-theory"
"1128","A great course to understand Music in a technical way. Has not just helped me understand the concepts but also has inspired me to learn an instrument and apply the concepts.",5,"music-theory"
"1129","I've learned a lot from this course. I've started out not knowing much about music theory and now I can even read sheet music. I'm a self taught guitarist and I've been playing for more than 12 years now, and I must say that it this course would have been impossible, had I not already known the basics through my over 10 years of practice. I certainly wasn't able to name triads or intervals, but I knew some basic chords and could tell what kind of notes I was playing. All in all, I'd definitely recommend this course to whoever is trying to get started with music theory, though keep in mind, that it requires a lot of work and memorisation.",5,"music-theory"
"1130","Many thanks to professor Taggart, this course is very explicative for a beginner level and it has many examples and excersices here and in another pages via lectures for a good understanding in music theory",5,"music-theory"
"1131","Course was quite tough , eventually I had given up on this course,  but consistency made me learn and I went through rigorous learning in finding the chords and middle C notes. Yes I made it in the end",5,"music-theory"
"1132","Excellent course and teacher. Recommended to anyone willing to commit to the task since it's a lot to learn in just 4 weeks. Thank you Professor Taggart.",5,"music-theory"
"1133","Contents are explained very clearly and thoroughly, it was very useful and accessible even though I knew very little about music theory.",5,"music-theory"
"1134","Great Course! As a beginner this course is really cool and the teacher explains really well, I'll totally recommend it!",5,"music-theory"
"1135","Really enjoyed this course and feel like it refreshed my memories as well as teaching me new things.",5,"music-theory"
"1136","This course is really helpful in learning new musical skills. Very interesting and complete content.",5,"music-theory"
"1137","This the best course if you want to clear the basics of music theory for basic music production.",5,"music-theory"
"1138","This is a great opportunity given out free of charge. Thank you so much Coursera and partners",5,"music-theory"
"1139","This course is very helpful for my music class! Thank you! God bless you more Coursera!",5,"music-theory"
"1140","the course is very great and good for all of the beginners of learning music theory!",5,"music-theory"
"1141","You shall never miss it!A true foundation of the music theory, simple but complete!",5,"music-theory"
"1142","Great Course, Already Told My Friend About It, I Learned So Much In So Little Time.",5,"music-theory"
"1143","Very pleased with this course! A great way to spend Corona Virus quarantine :)",5,"music-theory"
"1144","Brilliantly explained. The best parts are the mini-quizzes mid modules.",5,"music-theory"
"1145","GREAT COURSE FOR EVERYONE WHO WANTS TO KNOW MORE ABOUT MUSIC",5,"music-theory"
"1146","Thanks for providing us great support through this course.",5,"music-theory"
"1147","Muy buen curso. Fácil de entender y muy completo.",5,"music-theory"
"1148","Great course and the topics are well explained!",5,"music-theory"
"1149","I finish the course. How i get my Certificate?",5,"music-theory"
"1150","Super concise and to the point! Very helpful!",5,"music-theory"
"1151","Challenging, but very well-taught course.",5,"music-theory"
"1152","I recommend this every student of mine",5,"music-theory"
"1153","It is very helpful and effective.",5,"music-theory"
"1154","good explanation in a concise way",5,"music-theory"
"1155","Muy bueno y completo el curso",5,"music-theory"
"1156","The course started very well, the professor and the teaching was quite clear ( even if the video was really out of focus ). Later on in the course there were several points where the teacher is working on a spreadsheet but we cannot see the spreadsheet at all. I  could not  see what he was  doing or writing since the teacher was writing on a piece of paper that we could not see, so it's hard to follow, and often  his screen it is too small / not focused.  The course started extremely well, then it seemed the teacher just rushed to finish the course.  Luckily I took another course with coursera that was excellent or just based on this course,  I would abandon the system. I also found some errors in the excercizes  but I had no idea on how to report them.",2,"finance-for-non-financial-managers"
"1157","In the last two units the camera show the professor when it should be showing the spreadsheet, eventually I figured it out by re-doing the sessions. Poorly executed. My other comment is that in the first sessions the spreadsheet looks like a blur in the screen, again, p[poorly executed.",2,"finance-for-non-financial-managers"
"1158","Course material started good, then went into numbers and accounting dataWeek end content went very fast. Could not benefit from instructor examples since he was all the time looking at his screen and mentioning numbers and calculations without showing them on our screen to follow. So I could not track what he was doingIn lots of Quizes, I could not figure which values to use. Mostly went through logic and trial and error to figure out the answer. Some given equations didn't apply to quizes (like CAPM)",3,"finance-for-non-financial-managers"
"1159","Quite complicated for people with no finance backgroup. teacher approach is not taking this into consideration",3,"finance-for-non-financial-managers"
"1160","some videos were poor quality meaning i couldn't read some figures",3,"finance-for-non-financial-managers"
"1161","The subject matter was solid, exactly what I was hoping for at the level I was hoping for: a high level review of concepts and formulas for introductory corporate finance.  I give the course a few dings however because the material was not put together well: Some of the videos didn't track with his explanations right (i.e. he would spend several minutes working through a formula but the video only showed his face), I question a decent amount of the math in the quizzes, Only the end section quizzes showed the right answers, and none of the answers came with an explanation of how the math was supposed to work.  There was even a video in the middle which just showed him having technical difficulties and talking to someone off screen.  It's like no one cared enough to watch the videos before they were posted.  Pretty lame.",3,"finance-for-non-financial-managers"
"1162","A useful course for anyone wanting to understand the fundamentals of financial statement interpretation and evaluation. The learning design needs more attention, however. In many instances, the videos focus on the instructor talking to the camera, whereas showing his spreadsheet/actions would be far more instructive. At least once, a quiz tested knowledge of something which wasn't properly explained until a subsequent video. The supporting spreadsheets with examples were good to work with, but I was amazed that there was no single summary of all the formulas used throughout the course.",3,"finance-for-non-financial-managers"
"1163","I found it difficult to understand
the end videos mostly, due to not showing on screen when doing WACC. It was
good information, but I think a workbook and course notes should be provided as
a work along to match exactly what the instructor is teaching. On 3 occasions it
took me over 20 minutes to find a company in yahoo finance that had the detail
I needed to answer the questions.",3,"finance-for-non-financial-managers"
"1164","The content is very useful and good (4 to 5 stars)The lessons are a bit old (course is from 2014 or so) and sometimes the content could have been presented better (often the speaker is shown while it's better to see the slide / numbers / formula he's talking about)",3,"finance-for-non-financial-managers"
"1165","The last three weeks went through concepts too quick and the quality of video makes it hard to see the excel numbers. I liked the course at the beginning, but the latter part makes me feel the lack of quality.",3,"finance-for-non-financial-managers"
"1166","The last week was a mess",3,"finance-for-non-financial-managers"
"1167","Difficult to follow in the videos. Low resolution and not always showing the ""correct"" screen makes it hard to follow. Many times it is not clear what to look for in the income statement/balance sheet and in the Week 8 also the stock info as many times the words used in the statements are not the same that are used in the videos. Since there is no other lecture material it is difficult to understand. Especially if English is your second or third language it might cause some extra frustration since finance is a whole new language in itself. Many times the calculations just don't seem to add up. A solution instead of just a result after a completed assessment would have been nice to make sure that I actually used the correct numbers and not just ended up with the correct answer by chance.Lot's of potential, but as it is right now I would not recommend this cource.",2,"finance-for-non-financial-managers"
"1168","Basics were there, syllabus included everything I wanted to see and expected. However, a lot of the videos were really poorly produced, i.e. instructor spouting off numbers he was using to calculate values but never showing the actual balance sheet / income statement he was using. Literally just a video of him talking about the numbers and math he was doing (not good for visual learners). Also, the tests / exams were poorly done as some had questions that I am convinced did not even have a correct answer for them. Very poorly produced overall in my opinion.",2,"finance-for-non-financial-managers"
"1169","I learned a lot from this course and am glad I took it. There are a few technical issues, which, if resolved, would make some topics easier to understand and follow. For example, during Week #8, parts 2 and 3 on WACC, the camera never goes to the documents the instructor is referencing. He is explaining a somewhat complicated formula, and the students never see the spreadsheet or financial information he is referring to from Yahoo Finance. I had to listen to these segments several times to follow his instruction. It's like he forgot to switch over to the documents. I looked up other instruction on YouTube to try and follow the process. Otherwise, I appreciate learning how the concepts are applied to real-life situations. Thanks for offering the course.",4,"finance-for-non-financial-managers"
"1170","Overall, I found this to be a really strong course. Very much enjoyed Professor Smith's lessons each week and feel like I now have a excellent foundation of knowledge. The only reason why I didn't rank the course with five stars is because for a few of the lessons in Weeks 7 and 8, I had trouble following along because the video didn't show the documents to which Professor Smith was referring. A voiceover in these sections would've been helpful. Am sad to be done! Highly recommend.",4,"finance-for-non-financial-managers"
"1171","Really good course, very straightforward. The only suggesting I would make is to have the example sheets on screen to know exactly where certain figures come from and to show every single calculation, for a non finance background person can be quite hard to keep up and understand where certain figures and calculations are coming from.",4,"finance-for-non-financial-managers"
"1172","I really enjoyed this course and the instructor but there were some technical issues with the course. There is a lesson around Week 6 that recorded the instructor talking with the tech guy on how to properly use excel. Should have been edited out from the presentation...Other than that, I found the course VERY helpful.",4,"finance-for-non-financial-managers"
"1173","Well paced and a solid overview of basics with interesting evaluation methods presented at the end. Sometimes the videos wouldn't show the calculations that were done which made it more difficult to follow along and the low quality made it difficult to read but these do not stop one from learning.",4,"finance-for-non-financial-managers"
"1174","The course was excellent and simple for those of us from the non financial background. However, would appreciate  quick responses( atleast within 2 working days) to my activity/queries (which are still awaited). Thank you.",4,"finance-for-non-financial-managers"
"1175","very good , and i get more knowledge but please make the lecturer to make more practical problems that we can see and may he write by a pen to get us more involved by hid knowledge",4,"finance-for-non-financial-managers"
"1176","It was a good refresh for me of the financial basics from my educational period. Thanks for the good examples and for making these sessions a",4,"finance-for-non-financial-managers"
"1177","it was a good course with insights on basics of finance and as well as income statement, balance sheet, cashflow and various ratios",4,"finance-for-non-financial-managers"
"1178","Very knowledgeable course in decision making  and instructor has very well explained various topics. ...  I like it.",4,"finance-for-non-financial-managers"
"1179","It’s better if there is some classes to be live with the instructor",4,"finance-for-non-financial-managers"
"1180","It was very useful in upgrading the skills in basics of accounting",4,"finance-for-non-financial-managers"
"1181","Very good course and great instructor.",4,"finance-for-non-financial-managers"
"1182","Very useful for non financial managers",4,"finance-for-non-financial-managers"
"1183","Course content definitely below my expectations. You can get all the subject presented here in a $10 pocket book, which will describe with more details and have a better presentation of the examples.There were also a few theory misalignments. I tried to contact the professor and the monitors, but 3 weeks later, no feedback yet. I've lost my hopes already.My suggestion: Do it only if you need a certificate from a renowed school really bad.",1,"finance-for-non-financial-managers"
"1184","Amazing course in Finance for managers ,loved it.Specially the professor Tom's teaching style and amazing communication skills and detailing of the concepts.Will recommend every manager to take this course and save hell lot of money in going other colleges and spending huge money.An experience to cherish!!Thanks professor Thomas smith !!",5,"finance-for-non-financial-managers"
"1185","Very good course that helps you analyse balance sheets and income statements, and to evaluate company performance using various ratios. The course covers topics on investment decision techniques and cost of capital calculations that provides you methods/models to help you take the right decisions while perfoming your duties.",5,"finance-for-non-financial-managers"
"1186","The ""Finance for Non-Financial Managers"" course provided a good range of learning material and Prof Smith's delivery made the sessions interesting and lively. Some sections were much easier to follow than others, especially when calculations were shared on screen. However it was just as easy to replay and review the transcripts to fill in blanks for the more challenging sections.",5,"finance-for-non-financial-managers"
"1187","Very practical and useful, to know more about the projects and the costs that this involves in each stage, the return and the planning for each action that should be taken",5,"finance-for-non-financial-managers"
"1188","This course was really helpful for me. I now have general knowledge of finance and accounting. Big thanks to Tom Smith for his approach, everything was clear!",5,"finance-for-non-financial-managers"
"1189","The videos were informative and concise. The only issue I found was potential rounding errors with some of the numbers but this was usually non-consequential.",5,"finance-for-non-financial-managers"
"1190","Very practical and useful course; I have gained good knowledge about the investment; return, ratios, and CAPM. Thank you for the great course Dr. Smith",5,"finance-for-non-financial-managers"
"1191","Great course! I would recommend this to many of my team members and colleagues. Absolute value for money. Thanks Professor Smith and Coursera!",5,"finance-for-non-financial-managers"
"1192","Professional course. even though I am the non-financial manager, easy to understanding the knowledge from this co",5,"finance-for-non-financial-managers"
"1193","very helpful course. allowed me to have a clear vision, and better understand finance from a company´s standpoint",5,"finance-for-non-financial-managers"
"1194","Really great and good content. Its easy to learn and the instructor made it very simple, easier and practical",5,"finance-for-non-financial-managers"
"1195","All the basic knowledge about the assessing the value of a company is provided in the user-friendly manner.",5,"finance-for-non-financial-managers"
"1196","Tom Smith is a great professor; he makes the material interesting and understandable. Great course!",5,"finance-for-non-financial-managers"
"1197","This training was very clear and gave me some tools to understand the financial language",5,"finance-for-non-financial-managers"
"1198","Very informative, good examples and great instructor.  Easy to listen to.",5,"finance-for-non-financial-managers"
"1199","Very useful and easy to understand, I recap a lot of knowledge.  Thanks",5,"finance-for-non-financial-managers"
"1200","Very clear instructions and a quick recap of corporate finance.",5,"finance-for-non-financial-managers"
"1201","very useful to understand basic financial analysis thank you",5,"finance-for-non-financial-managers"
"1202","Everything was really understandable ! спасибо)))",5,"finance-for-non-financial-managers"
"1203","It was easy to follow and understand.Great Job",5,"finance-for-non-financial-managers"
"1204","Key Concept of Finance.",5,"finance-for-non-financial-managers"
"1205","too much reading  ....explanation is poor.... less understanding",1,"duke-behavioral-finance"
"1206","I believe many of the concepts in the quizzes were not covered in sufficient details neither in the videos nor in the supplementary materials. Overall there was not enough material provided on the subject.",2,"duke-behavioral-finance"
"1207","Not well structured.",2,"duke-behavioral-finance"
"1208","The program of the course is very interesting. To me a better link within the biases and the cases shown in the test would help a lot the students to memorize concepts faster. The reading material is quite a lot and sometimes it seems like more pencilled notes for a lecture that a real ""manual"", that is worth to have for study but also as a valuable take away after the course. To me it was so not easy to fully understand at the at a glance the connection between biases and real cases. If I may I suggest to split the course in 4/5 weeks (so to dilute a bit the assimilation), to structure a bit more the reading material (as a quick manual more than supporting slides) and to set more exercises to learn fast connecting biases with real examples or cases. This course has a lot of potential to me and in any case gave me a lot of food for thought! Thanks to Duke University and to its Professors for this opportunity!",3,"duke-behavioral-finance"
"1209","Very interesting topic and content, but it's mostly reading the PDFs, and the quizzes do not correlate well the with course. The four phases of a bubble was a large part of quiz 3 but was hardly discusses in the course.",3,"duke-behavioral-finance"
"1210","Very interesting course, but I think that it should have explanations in all quizzes as it has in the first one. Altough, there were some terms and bias that weren´t explained in the lectures or videos",3,"duke-behavioral-finance"
"1211","The first two weeks were great, they were more behavioural economics than behavioural finance specifically. The last week was not up to scratch, readings from the popular press, not experts.",3,"duke-behavioral-finance"
"1212","Very interesting topic and great instructors.Unfortunately, many things were not covered by video lectures. It often felt like there were parts missing.",3,"duke-behavioral-finance"
"1213","The lectures dont cover all the subjects discussed.I would be delighted to listen to lectures about economic bubbles and non rational behavior.",3,"duke-behavioral-finance"
"1214","I had a tougher time with this course than I thought I would. The supplemental materials were inadequate and I had a difficult time grasping the biases. Thankfully, the Internet was helpful. In all, I got a greater appreciation of behavioral economics. It is beyond money. It is in everything including the life choices we make.",4,"duke-behavioral-finance"
"1215","Very interesting course, I learned new terminology and it will be able to analyse certain behavior that I am noticing daily at work. The only minus that why is not 5 * is the presentations. They need a bit of work to be more attractive. PDF format is ok but not really helpfull to scroll down and read. Thank you!",4,"duke-behavioral-finance"
"1216","This is a very good course to gather knowledge about the behavioral biases of investors. I have also learned about various market crashes and the behavioral biases behind fueled the crash. Thanks for the financial aid and for a informative course.",4,"duke-behavioral-finance"
"1217","Lot of example from many aspects of daily life.Many be too few analysis of real crisis (except the subprimes) and would have expected more direct examples on actual trading errors to have a better link with finance & capital markets",4,"duke-behavioral-finance"
"1218","This course makes me realize how consumer commonly made a mistake while purchasing something, more when we decided to buy something big like house, car, and many more. It is beneficial for those who like marketing.",4,"duke-behavioral-finance"
"1219","Very interesting and fun to learn. The slides could have more details or provide reading to better understand the concepts separate to the examples. Thoroughly enjoyed though, would recommend!",4,"duke-behavioral-finance"
"1220","The course was extremely detailed and valuable for me. However, I do wish that there were answer explanations at the end of each quiz so I could see where I went wrong!",4,"duke-behavioral-finance"
"1221","Week 3's lecture and reading materials are inadequate for preparing for the week 3 quiz. I wish more videos and readings would have been uploaded.",4,"duke-behavioral-finance"
"1222","Interesting -supported by theory- insight on how financial decisions are made and in which false assumptions/predictions decision makers ¨fall¨.",4,"duke-behavioral-finance"
"1223","This is a good introductory course.  It is well taught and opened up a new level of understanding about decision-making processes and trends.",4,"duke-behavioral-finance"
"1224","Very helpful though it is short and rather confusing in search of better understanding, and to grasp concept of each theory.",4,"duke-behavioral-finance"
"1225","The quizzes could be more numerical and have more relevant questions. Convert some of the readings into animations",4,"duke-behavioral-finance"
"1226","I find it is more about learning concepts and identifying them, rather than applying them.",4,"duke-behavioral-finance"
"1227","Well designed Course to understand the Behavioral Fiance.",4,"duke-behavioral-finance"
"1228","The quizzes were very vague in my opinion and there wasn't enough resources provided",2,"duke-behavioral-finance"
"1229","Insightfull short course on psychological background on investing. Recommend this course for any investment professional or amateur to learn about the most common pitfalls in investing",5,"duke-behavioral-finance"
"1230","Thank you very much for provide such an excellent platform to learn. I want to learn this course “Behavioural Finance” from last 3 years but don’t have path and guidance. But by Coursera with Tata capital I get this opportunity. 

As far as course is concern Excellent course. Helps to establish the balance between probabilistic truth and illusions that infect our decision-making. Insightful short course on psychological background on investing. The course is well designed, especially the case study examples.
",5,"duke-behavioral-finance"
"1231","I got what I expected when I read the syllabus. This course will give you a general sense of the topic on hand. Discussions are mostly surface level but it is enough for you to understand different behaviours involved. Go take it if you want to start learning about behavioural finance and use this as a springboard to an in-depth journey",5,"duke-behavioral-finance"
"1232","Was maybe a little to high level for me but I enjoyed searching for things I did not understand. Thank you for making courses like this available.  I took it just because I was interested to recognize biases in my own investing. Knowing is being able to recognize and hopefully change them.",5,"duke-behavioral-finance"
"1233","This is a decent course. You do need to have taken Macro - and Micro Economics for this course. This course is an introductory course to the world of finance. This course in a nutshell, teaches how we waste money, how we allow ourselves to be influenced by people to make us spend our money",5,"duke-behavioral-finance"
"1234","This course has done an excellent job in teaching us new concepts and showing us our careless mistakes in investing through fun examples. Most of these matters often slip from our mind, but now, with the knowledge attained from this course, one can always look out for those little errors.",5,"duke-behavioral-finance"
"1235","Exciting and absolutely brain-tickling.The study material is very well compiled and examples provided are so innovative, thus making the concept very easy to understand. Kudos to the team of ""Behavioural Finance, Duke University""Thanks a lotRegards....Abhishek Sathe",5,"duke-behavioral-finance"
"1236","This's useful course for my Finance Major. It's not only offer the theory applying real life, but also helps Behavioral Finance of people is rational. I wish that The course would be advanced from another reputation universities. Thank Coursera so much.",5,"duke-behavioral-finance"
"1237","Excellent course. Quick and concise, but packed with hugely relevant theory for those in the financial services and investment management world. Well delivered and excellent tests to cement the knowledge. My thanks to the organisers for their work.",5,"duke-behavioral-finance"
"1238","While we attempt a quiz Please give us the reason of answer why it is wrong if reason will be displayed then we will be able to understand",5,"duke-behavioral-finance"
"1239","Very interesting and extremely useful in understanding and stopping oneself from making mistakes that we routinely make without thinking.",5,"duke-behavioral-finance"
"1240","Excellent study material and good for knowledge. I give full rating to this course - Duke University through coursera!!",5,"duke-behavioral-finance"
"1241","Thanks Dr. Emma Rasiel and whole Coursera team for developing and teaching such a realistic and concrete course.",5,"duke-behavioral-finance"
"1242","It was wonderful experience to take this course, the practical examples provided were excellent.",5,"duke-behavioral-finance"
"1243","Great introductory course to BF.  I will recommend it to all my colleagues.Thanks",5,"duke-behavioral-finance"
"1244","Good course for touching the high level of very interesting concepts.",5,"duke-behavioral-finance"
"1245","A fabulous course giving a complete overview with lots of examples.",5,"duke-behavioral-finance"
"1246","An excellent course. You get to learn a lot in a limited time.",5,"duke-behavioral-finance"
"1247","Great course!! An in deep course with a lot of material.",5,"duke-behavioral-finance"
"1248","Amazing course with many examples to explain it.",5,"duke-behavioral-finance"
"1249","¡Excelente curso! Insights muy interesantes.",5,"duke-behavioral-finance"
"1250","Great course, great topics, well covered!",5,"duke-behavioral-finance"
"1251","Nice course with good tutor",5,"duke-behavioral-finance"
"1252","Great course for beginners",5,"duke-behavioral-finance"
"1253","Lessons were confusing for a few reasons. The bees on Mars idea got old really quickly and didn't seem to relate much. The transcripts were full of errors, and I often had trouble following the narration of the lessons. Quizzes were on topics not covered yet. All in all, poorly executed, I regret to report.",2,"aws-fundamentals-addressing-security-risk"
"1254","This is one of the worst courses that I have ever done. The scope of new information is significant and these videos and notes clearly cannot give justice to the seriousness of the matter. The course is supposed to explain to beginners all this stuff and not just to list all the available AWS documentation pages. I am perfectly capable to go to the AWS website and read documentation myself - I do not need a course for that. What I expect from the course, is a creative (and I do not mean that ridiculous attempt to make this course “fun” which was, in fact, so awkward that it made me uncomfortable sometimes) approach to explain the material to students who are striving to really understand how things work and not just to sheepishly memorise all those names of the available services. In many ways, this course feels like shining marketing material with a clear goal to attract new clients to AWS rather than educational material for those who try to understand how it actually works and what all this means. Overall, the course feels disorganised, immature, raw, chaotic and sloppy. I agree with other reviewers of the course that quizzes often were rather random and consisted topics which supposed to be either in the future lessons or such details that were not covered altogether. P.S. Lots of errors and typos in video transcripts (""ash tree"" instead of S3, for example) and also quizzes, such as, for instance, JBDC connection instead of JDBC connection (Quiz Week 3, Quiz 2). What about attention to details?",2,"aws-fundamentals-addressing-security-risk"
"1255","Heavy accents, cheesy jokes, and lack of visuals made it difficult to stay engaged.",2,"aws-fundamentals-addressing-security-risk"
"1256","This course was much less useful than the initial course in the series.  Too much of the course was learned combing through the AWS web site pointed to vaguely in the related reading section.  If I just wanted to read AWS doc, I could do that without a course.  Quizzes were not well done, many question weren't addressed in the lectures or directly in the related reading, the answers were only found multiple clicks into the AWS web site.I also thought the bee problem was not helpful.  Would have been much more helpful to use two scenarios to secure: a greenfield application build and a legacy corporate application.",2,"aws-fundamentals-addressing-security-risk"
"1257","Important math; too much included in each short video so as to explain what was being introduced, instructors we’re more concerned about bee jokes than adequately conveying new knowledge to newbies.",2,"aws-fundamentals-addressing-security-risk"
"1258","just average ,i didnt like it at all ,the previous course aws cloud native was exceptionally good",2,"aws-fundamentals-addressing-security-risk"
"1259","I don't want to offense anyone and I understand that instructors were trying to be creative. It's my honest feedback: too many bees... It's very distractive, when I was trying to concentrate on some important things like security and it's hard to accept serious information from instructors in bee costume... Personally for me it would be more explanatory if you would use some near real world example instead of bee, honey, bee queen, buzz, etc...",3,"aws-fundamentals-addressing-security-risk"
"1260","While the course contains a lot of information and a good overview for the services provided, there is little real world examples given for context for when and where they should be applied. Quizes also don't always seem related to the topic provided or require that you search for the information as it was not provided either in the videos or the referenced notes.",3,"aws-fundamentals-addressing-security-risk"
"1261","Great content on the Reading documents. The videos were intended to be made more interesting with a little theatre on the parallel with bees and space exploration. In week 2 the theatre became a distraction. The Well Architected Framework was introduced in week 4 but questions came up in earlier weeks. Otherwise, a good course.",3,"aws-fundamentals-addressing-security-risk"
"1262","A lot of information!!Way too many topics thrown at you (like in marketing videos) and not enough hands-on examples to them.This supposed to be a ""Security with marketing within reason""-course not ""Marketing Security stuff in AWS""-course....",3,"aws-fundamentals-addressing-security-risk"
"1263","Content was excellent. The instructors were not good because there English was horrible. The examples with bees was very distracting from the content.",3,"aws-fundamentals-addressing-security-risk"
"1264","Try to improve the explanation part and use examples for a better understanding of students.",3,"aws-fundamentals-addressing-security-risk"
"1265","the course in itself is good, but the instructors are super annoying.",3,"aws-fundamentals-addressing-security-risk"
"1266","The course need virtual labs like google cloud has with qwiklabs",3,"aws-fundamentals-addressing-security-risk"
"1267","Should be more explainatory",3,"aws-fundamentals-addressing-security-risk"
"1268","Course videos and reading materials are well explained. Rudy is awesome dude, Hong as well, but I didn't understand Hong sometimes, thanks to subs. But demo and some projects wasn't enough, I hope AWS will add some projects for us, hands-on experience definitely required.",4,"aws-fundamentals-addressing-security-risk"
"1269","Great course, I struggled to hear/understand the lady. I had to read the lecture when she was giving it. She knows the subject matter very well, but the accent I struggled with.",4,"aws-fundamentals-addressing-security-risk"
"1270","The content of the course met my expectations. However it would have been better if more time is spent on demos. The instructors rushed through many of the important concepts.",4,"aws-fundamentals-addressing-security-risk"
"1271","I liked the course however it became a more complex one because of the non-native english speakers. That sometimes really was an isseu for me.",4,"aws-fundamentals-addressing-security-risk"
"1272","I suggest adding more practical activities or projects. Or to increase the number of questions in the intermediate quizzes.",4,"aws-fundamentals-addressing-security-risk"
"1273","This course was helpful in aligning previously understood security knowledge with the AWS terms and applications. It was a rapid way to become aware of the standard AWS tools to help secure a cloud based application or data storage. The pace of the course, depth of coverage and use of practical examples will be helpful to experienced professionals who are moving their career from on-prem equipment to AWS.",5,"aws-fundamentals-addressing-security-risk"
"1274","The course was informational and interesting. The bee theme was fun too. Initially it was difficult to understand what Hong was saying due to her accent but 15 minutes in, i got used to her pronunciations. Overall the energy was very good. The quizes were not too easy but not so tough as to make the student feel helpless. Thanks for your efforts in making the videos,.",5,"aws-fundamentals-addressing-security-risk"
"1275","Excellent Experience. Couldn't expect anything better. Both the instructors were cheerful throughout the duration of the course and made me build my colony on MARS. Thanks from Elon Musk as well.",5,"aws-fundamentals-addressing-security-risk"
"1276","Hello ,I learnt many new things from the course The course was too good and helpful to me as I am pursuing my degree in information technology ..",5,"aws-fundamentals-addressing-security-risk"
"1277","Very good course to get started with AWS servicesYou gave us a smile throughout the course it was a pleasure to learn by your side thank you",5,"aws-fundamentals-addressing-security-risk"
"1278","Course content is very meticulously laid out. Totally recommended for anyone trying to learn or having AWS as their Cloud Service Provider.",5,"aws-fundamentals-addressing-security-risk"
"1279","Thanks CourseEra for adding this course. And big Thank to AWS team and instructors who has explained each and every concepts in detailed.",5,"aws-fundamentals-addressing-security-risk"
"1280","Good way of learning too much new things, but these things need to be put in practice ASAP, otherwise it will be hard to remember all.",5,"aws-fundamentals-addressing-security-risk"
"1281","Very good course for beginners. Course material with a hands-on demo is required for a better understanding of the course.",5,"aws-fundamentals-addressing-security-risk"
"1282","fantastic course. Looks like getting back to AWS after 3 years will be very much enjoyable after completing this course.",5,"aws-fundamentals-addressing-security-risk"
"1283","It's very useful to anyone would like to know how to secure his/her own environment",5,"aws-fundamentals-addressing-security-risk"
"1284","This course tells the details about security issues on AWS cloud platform.",5,"aws-fundamentals-addressing-security-risk"
"1285","I learned a lot about aws cloud and complete security knowledge about aws.",5,"aws-fundamentals-addressing-security-risk"
"1286","awesome course and  topics were nicely explained by the instructors:)",5,"aws-fundamentals-addressing-security-risk"
"1287","create a course on aws certified cloud practitioner 2020 or SAA-C02",5,"aws-fundamentals-addressing-security-risk"
"1288","Exelente vamos aprendiendo a buen ritmo y cin buenas explicaciones.",5,"aws-fundamentals-addressing-security-risk"
"1289","Though the content is theoretical but very useful.",5,"aws-fundamentals-addressing-security-risk"
"1290","A nice course. I really love the instructors.",5,"aws-fundamentals-addressing-security-risk"
"1291","Effortless learning and fun-filled sessions.",5,"aws-fundamentals-addressing-security-risk"
"1292","Tough one, requires in-depth studying",5,"aws-fundamentals-addressing-security-risk"
"1293","It awesome to learn AWS at coursera!",5,"aws-fundamentals-addressing-security-risk"
"1294","Thanks for awesome guideline.",5,"aws-fundamentals-addressing-security-risk"
"1295","Very Very Interesting Course",5,"aws-fundamentals-addressing-security-risk"
"1296","Great Course from course era",5,"aws-fundamentals-addressing-security-risk"
"1297","Nice technical course",5,"aws-fundamentals-addressing-security-risk"
"1298","thank u very much",5,"aws-fundamentals-addressing-security-risk"
"1299","Very good course",5,"aws-fundamentals-addressing-security-risk"
"1300","Super basic. Didn't get a peer review so the course remained incomplete for me. The system wouldn't let me extend my deadlines either, so I consider this a waste of money and time.",1,"wine"
"1301","I really appreciate online learning like this. However, this isn't a free class at all. If one wants to go past module one, you have to buy the course. On top on this, one needs to spend money on sixteen bottles of wine, estimated at $150-200. I understand that to taste wine means one must buy wine, but the added cost of the course makes this too expensive for me to even look into.",2,"wine"
"1302","The instructor could have showed us how to snif or sip wine for example instead of just talking and explaining verbally and posting illustrative pictures.The videos tend to be boring since we have to listen and imagine what the instructor is talking about instead of watching a real demonstration.",2,"wine"
"1303","Major defect, no contact with the teacher. Never participated in discussions, never answered to our questions. Absent. main reason why I would not recommend it to others, even though it was pleasant.",3,"wine"
"1304","I really enjoyed this course, however, I didn't like how you had to fully buy the course in order to get all the content.",4,"wine"
"1305","John Buechsenstein is superb. Unfortunately the peer assignment rating procedure is a nightmare and should be rethink-ed and restructured. Not all the students are able to do their job well and can be frustrating for a serious learner.",4,"wine"
"1306","Impressive, one learns a great deal about tasting techniques but also the basics of grape and wine variations.  I just wish I had a better for detecting the aromas!",4,"wine"
"1307","Yes the course is excellent. Learnt more about sensory analysis of different wines",4,"wine"
"1308","Great information ! the more I learned  from this class the more I realized how little I knew.Thank you for offering this class at an affordable price. I hope that you will send more info about your future classes. The instructor is amazing. That you for taking the time to put together this great material. Special thanks to the application developers, amazing work on this app no issues not so ever and very easy to use.",5,"wine"
"1309","Teacher is so amazing! It's a pleasure to listen and so easy to understand (I'm saying as a not native speaker). Presentations are beautiful, clear, minimalist and accurate. You did such a great job, thank you a lot! I'm still studying, but this course made my life easier by giving all of information that I was searching for.",5,"wine"
"1310","I personally view this course as  concise and clear. I feel I achieved enough knowledge on the subject and  see myself ready to use in my day to day life. It was never boring! Thank you for this  great learning experience !",5,"wine"
"1311","This is a great source of information about wine and of course wine tasting. The work to do home is very learning focus and this type of practice helps you grab the information and retain it.",5,"wine"
"1312","A very well developed course that makes so easy to learn about wine tasting without physical presence. Above all you learn techniques so you can continue experimentiting by yourself.",5,"wine"
"1313","Excellent course.  I tell everyone I know about it.  It was was very informative, but also interactive, fun, with real-world applicability.  Do yourself a favor and sign up!",5,"wine"
"1314","Excellent course! Easily approachable through the style of John Buechsenstein. A must for any wine drinker end enjoyer!",5,"wine"
"1315","I find this course most helpful. Great communication, great professor. Thanks so much for this opportuny.",5,"wine"
"1316","Very well conceived, organized and executed. The video instructions were excellent - clear and easy to follow. Having assignments to purchase, taste and describes wines as well as their pairing  with food enhanced greatly the learning experience. I recommend this course highly to those looking for a solid framework for understanding the wonders of the world of wine.",5,"wine"
"1317","A really great overview and introduction to wine analysis. I thought the tutor was great and easy to learn from. Class Video's are all engaging and I feel I've managed to learn a lot through self taught study. I would recommend this course to anyone wanting a manageable work load and to learn about wine!",5,"wine"
"1318","Muy buen curso, con buenos contenidos, bien realizadas las clases y muy bien cumplidos los objetivos del mismo.Creo que en algún momento debería haber una evaluación del profesor y que no recaiga la mayor parte del ramo en la responsabilidad de los compañeros (por la ponderación de la última actividad)",5,"wine"
"1319","Amazing course! Complete, very open for students to understand and go after things! I always wanted to learn more about wines and even though I actually worked in a wineyard for a couple months, all I wanted was here! I never Imagined I would've learned all this during a quarantine.",5,"wine"
"1320","This was a great class.  I learned technical terms, how to create aroma standards and how to pair wine with foods.  I will definitely use what I have learned in this class.  I really enjoyed this class it was a lot fun.",5,"wine"
"1321","This was a fantastic course to learn more about the Wine Sensory techniques and how to differentiate between wines, find faults and learn about pairing wine with food.",5,"wine"
"1322","This course was awesome, you learn a deep understanding on the sensorial appreciation of the wine, the way wine taste won't the same  after this course.",5,"wine"
"1323","very interesting ha lot of useful information and tips about wine tasting!I've enjoyed it and appreciated the simple but professional way to show them",5,"wine"
"1324","Amazing course. I am in the coffee business and this formal training in sensory analysis is going to be incredibly useful for me.",5,"wine"
"1325","I learned so much and would recommend to anyone interested in Wine. But more importantly anyone who works in the beverage field!",5,"wine"
"1326","I am a gastronomy student. it benefited me a lot in terms of content and information. It was nice to attend this course.",5,"wine"
"1327","Really great course for learning more about wine analysis, wine tasting and types of wines and its regions.",5,"wine"
"1328","Very clear, very informative and very funny! All what I have learned will be useful each time I drink wine!",5,"wine"
"1329","The course was full fledged but it lacked topics like how to store opened wines and in what conditions",5,"wine"
"1330","It was simply awesome the Professor was also too good at teaching the course. Thank you so much.!",5,"wine"
"1331","An excellent introductory course into the world of wine, beginning with wine tasting techniques",5,"wine"
"1332","I've been drinking and studying wines for 30 years and I still got a lot out this class.",5,"wine"
"1333","It is a good and interesting course! Thank you for possibilityto become familiar!",5,"wine"
"1334","Good course - reviewed it only but may come back for the purchased version.",5,"wine"
"1335","Great course if you're a wine lover and want to improve your knowledge!",5,"wine"
"1336","I enjoyed this course a lot, and I strongly recommend it.",5,"wine"
"1337","Great class. Activities really enhanced the learning.",5,"wine"
"1338","Great course. Very informative and well presented.",5,"wine"
"1339","Its a very intresting course, and I learnt a lot",5,"wine"
"1340","This course is very useful for my career path!",5,"wine"
"1341","in-depth knowledge about wine tasting.",5,"wine"
"1342","Good choice and experience! Thanks!",5,"wine"
"1343","Good course, accurate information",5,"wine"
"1344","I have already learned so much.",5,"wine"
"1345","Your teaching was awesome",5,"wine"
"1346","Had excellent experience.",5,"wine"
"1347","Thanks a lot great course",5,"wine"
"1348","its very interesting",5,"wine"
"1349","I loved it",5,"wine"
"1350","The lecture rash in the material if you are not expert in convergences, sigma algebra, and many intermediate statements of probability it will hard to follow this running,The lecture reread material and do not build intuition, I found this course as wasting time",2,"stochasticprocesses"
"1351","The course is too abstruse and cramming. DO NOT recommend it for anyone who are looking for a solid and indepth understanding of stochastic processes.",2,"stochasticprocesses"
"1352","Theoretical course , practical examples should be more",3,"stochasticprocesses"
"1353","Even after finishing this course I am still feeling a bit ambivalent about it. While there are some parts of the course in which applied concepts are introduced quite vividly, there are other parts where practical examples are widely missing. In certain chapters proofs and more advanced mathematical statements are given.  However, the course neither is a typical mathematical introduction to stochastic processes, as there often is a huge lack of mathematical rigorousness and preciseness. Hence, after finishing this course you will have a good overview about a broad variety of topics from the theory of stochastic processes but you will neither really understand the mathematical theory, nor how to apply the concepts.",3,"stochasticprocesses"
"1354","The course is of mixed experiences. I enjoyed the clear derivations and proofs. However, after introducing a lot of seemly important concepts and spending a lot of time in proofs, there are barely any content on why we are doing these. OK, I got it that things like ergodicity, spectral functions seems important since the instructor spent more than half an hour showing the proofs and properties, but then the instructor stopped without mentioning anything about if a stochastic process is ergodic, then what? To me, I learned many new fancy terms but still have little ideas of how it can be helpful if I try to look at a stock price process, for example.",3,"stochasticprocesses"
"1355","Nice course :) But it takes time to be adopted to the teaching style...",3,"stochasticprocesses"
"1356","more sums are required that needed to be explained",3,"stochasticprocesses"
"1357","mediocre explanation and lack of exercise.",3,"stochasticprocesses"
"1358","Underdeveloped: Lots of mistakes, lacks of intuition, no explanation whatsoever of quiz questions.",1,"stochasticprocesses"
"1359","course doesn't provide adequate intuition of the subject matter which is very crucial for it,",1,"stochasticprocesses"
"1360","Good course.  A bit heavy on the theory side but if you can absorb the theory the practitioner's side is that much easier.  The last topic of the course was Levy processes so the course ended just as it was getting interesting (that's not a complaint but a compliment).  Would be interested in a follow-up to the course (eg. Stochastic Processes II) to expand on concepts for quantitative finance.",4,"stochasticprocesses"
"1361","This was a good course of stochastic poroceses. I found it quite challenging, specially the last two weeks, and i recomend this course to people who at least have taken an introductory class of probabilistic models. Also, I recomend the instrutor to give feedback to the quizes, like giving the answers and short explanations.",4,"stochasticprocesses"
"1362","The course is good and but strongly recommend not to study without fundamental knowledge of statistics. Having knowledge like Bayesian statistics will be better I think.",4,"stochasticprocesses"
"1363","If you are looking to review concepts this course is fine; however, the mathematics surrounding the proofs is hastily presented and skips several steps. I would say the course is taught at a level beyond that of a student enrolled in a Master's in Statistics.",4,"stochasticprocesses"
"1364","This was a good class, but it is probably a bit unique among a lot of the options you have in Coursera.General Overview:This class is ENTIRELY about the formal mathematical principles surrounding a very specific, niche academic topic.  You won't need to touch a computer to do any of the assignments, and the course material is entirely comprised of mathematically formulating a bunch of different concepts.  Best Parts:In terms of subject material, this is without a doubt one of the most unique classes on Coursera.  It covers a variety of unique concepts that I don't think are covered anywhere else, and by the time you're finished you're covering material that is very differentiated.  There's really not a lot of coverage anywhere about something like a Levy Process........this is the exact kind of thing you'd probably have to go to graduate school in order to get exposure to, and for a lot of the material covered, many of the top google links about my queries were the lecture videos I was watching about the topic at hand.  This class is very useful for refining your mathematical pedigree.  If you feel like you're weak on on formal math and are trying to bootstrap your own knowledge on quantitative topics, there are probably few better resources than a class like this.Worst Parts:There is basically no attempt to go into useful, practical applications of the material covered.  None of the examples given in class are concrete, and basically everything is covered at the level of derivatives and integrals on a whiteboard.  After 8 weeks I still wouldn't have much of an idea about how to actually implement most of the things covered in class.I DO have some useful memory pointers about the formal theory behind a lot of interesting things that I didn't have before, but if I actually wanted to model insurance claims according to a compound poisson process I don't think I'd know where to start.There is no attempt to simplify the material, and a good amount of background knowledge is assumed in the coverage of class material.  So be prepared to do some additional work on your own if you want to be able to fully understand the contents of the material.Overall, I found this to be a unique class with certain benefits I don't think I would find anywhere else on the internet.  And while it is very particular in what it does and doesn't do for you, I found it to be a worthwhile endeavor and enjoyed the chance to engage with its material.",4,"stochasticprocesses"
"1365","The content of the course is excellent and the lectures are very clear. However, there are recurrent errors in the exercises and even in the final exam which have not been corrected.",4,"stochasticprocesses"
"1366","The course was really good but some pdf with detailed problems or some videos with tangible examples could have made it perfect.",4,"stochasticprocesses"
"1367","Course was outlined very well. Basic definitions with examples and important theorems were covered  efficiently.",4,"stochasticprocesses"
"1368","Very heavy emphasis on theorems and proofs, not much application of these tools is actually done",4,"stochasticprocesses"
"1369","O curso deveria ter mais exemplos que se encaixam na vida real. A parte teórica foi excelente.",4,"stochasticprocesses"
"1370","Very good introduction course, but with few mistakes in the lectures, quizs and final.",4,"stochasticprocesses"
"1371","Nice course but a lot of typos in the slides.",4,"stochasticprocesses"
"1372","Shittiest course I've ever done on Coursera. The professor couldn't explain a thing",1,"stochasticprocesses"
"1373","Too many errors in the quiz. It makes students confused about what is asked and why the answer is that. Students keep guessing what the question is asking or what typo the correct answer may have.",2,"stochasticprocesses"
"1374","This was helpful but I still feel I don't understand stochastic processes. Folks taking this course should know that it's pretty tough, compared to most Coursera courses.",5,"stochasticprocesses"
"1375","The course is remarkable in that it encompasses a wide range of topics and delivers them in a structured and accessible way with virtually no effect on mathematical rigour. I liked this course more than the one I had in my university because it gave me intuition about stochastic processes and a basic framework using which I can now solve real-world problems. I would appreciate more practical tasks and more active forum discussions though.",5,"stochasticprocesses"
"1376","Thank you for the course, Vladimir!It was gentle intro in Stochastic Processes (there's no any other course on this platform. I remember only the course by ФизТех. But I couldn't find it here and it was rather scaring for a beginner)It would be cool if you could add some more topics in quantitative finance or add some optional exercises. Or the separate course can be created (with coding exercises too).",5,"stochasticprocesses"
"1377","This course is a good introduction to the theory of stochastic processes.Lecturer explains theory pretty clearly.Sometimes misprints occurs in quizes, but they are not so critical.",5,"stochasticprocesses"
"1378","Great course! The subject material was well covered and it gave me the tools to tackle more advanced stochastic, like population dynamics or quantitative finance.",5,"stochasticprocesses"
"1379","It's great for a beginner to learn the basic ideas about stochatic processes.",5,"stochasticprocesses"
"1380","I very much liked how the course was conducted. I started this course mainly to learn more about *Gaussian Filters*, because they are used for mapping in robotics. I feel I have a stronger basis to venture the subject.",5,"stochasticprocesses"
"1381","The most challenging course I did so far on Coursera, nevertheless it is one of the best. I really enjoyed learning more on probability and would like to have a course on measure theory by the same autors.",5,"stochasticprocesses"
"1382","I loved the course! Vladimir is really a good professor! I hope I can attend to his other lectures.",5,"stochasticprocesses"
"1383","This course has less number of quiz questions but sufficient and well designed questions.",5,"stochasticprocesses"
"1384","An interesting and formal presentation of the content, with a comprehensive language.",5,"stochasticprocesses"
"1385","Well presented course. I enjoyed it and was challenged a great deal. Thank you.",5,"stochasticprocesses"
"1386","Excellent course on stochastic processes. Very well explained and illustrated.",5,"stochasticprocesses"
"1387","It is a great theoretical course. But not enough illustrations and examples.",5,"stochasticprocesses"
"1388","It was a great course but could be better with more practice problems",5,"stochasticprocesses"
"1389","Great lectures, great quizzes, great exams! Worth every minute.",5,"stochasticprocesses"
"1390","REALLY NICE CLASS! I HAVE LEARNED SO MUCH! THANK YOU PROFESSOR!",5,"stochasticprocesses"
"1391","This is an excellent course and the videos are very good.",5,"stochasticprocesses"
"1392","Thank you for providing an excellent resource.",5,"stochasticprocesses"
"1393","Excellent course. Challenging and enriching.",5,"stochasticprocesses"
"1394","The course is very helpful and informative.",5,"stochasticprocesses"
"1395","Rigorous. Mr Panov is very good!",5,"stochasticprocesses"
"1396","Very solid course!",5,"stochasticprocesses"
"1397","太难了！TOO DIFFICULT",5,"stochasticprocesses"
"1398","it was very good",5,"stochasticprocesses"
"1399","I watched the first couple of lectures and it seems messy and unorganised. Worst part is the absence of references whatsoever. Critiques to what they called neoclassical theory, which I suppose is the mainstream one, are based mainly on straw man.For example the lesson on households talks mainly about gender stereotypes, which of course are interesting, but then it really makes me wonder what the professor wanted to discuss. Second, and worst of all, with a completely cooked up example the professor claims neoclassical economics posits gender stereotypes are good for the economy, whereas with some other theory this is not true anymore. This is ludicrous at best. This is really not what economics is about. Look up for a course on history of economic thought instead. There are plenty available online, or better, get a book.",1,"intro-economic-theories"
"1400","This is by far the worst course I have ever attended on Coursera. The quality of the content in the videos is very low; there are no slides available to download; the tutorials are very trivial.",1,"intro-economic-theories"
"1401","This course is painfully dull. The lectures are all scripted and and not at all engaging. The random quiz questions pop ups are often unclear. Very disappointed.",1,"intro-economic-theories"
"1402","The instructor was mostly using jargons. The way of presentation was quite boring and difficult to make sense of.",1,"intro-economic-theories"
"1403","Far too many errors like neoclassical economics only deals with normal goods.  A really dumb error or prejudice.",1,"intro-economic-theories"
"1404","Usage of familiar and known terms would be helpful",1,"intro-economic-theories"
"1405","This course offers an introduction to economics from four different perspectives (social , institutional, Post-Keynesian and Neo-Classic economics). It offers a pluralist perspective, this means, ""pluralist"" in the sense that looks at some issues from different angles (which makes it very interesting).  The courses are very interesting and with a light touch of humour. With a more dedicated effort on small details (such as some small typos and errors in tests, and improvement of the pedagogy in somme aspects) this could make an even better course!",3,"intro-economic-theories"
"1406","Essay reviews do not work the way it should",3,"intro-economic-theories"
"1407","Easy to achieve a passing grade on assignments, however you will be required to do your own research.",4,"intro-economic-theories"
"1408","its very interesting course and the prof's are very well explained each and every topic with few examples clean and clearly.....",4,"intro-economic-theories"
"1409","Very interesting as it extends to many different aspects of economy and society",4,"intro-economic-theories"
"1410","Good detailed course...",4,"intro-economic-theories"
"1411","Wonderfully compiled course. I had no interest in economics prior to this, and now I am quite happy I did this.",5,"intro-economic-theories"
"1412","The course is designed in a good way to learn the topics covered with the convenience of downloading the videos and watching it again and again until you grasp the essence. The Tutorials were also helpful as well as the Pop-up Professor with good insights. The self paced learning environment was supportive in completing the course without worrying too much about the deadlines.",5,"intro-economic-theories"
"1413","This course has been highly helpful in understanding how theories have policy implications and the need for triangulation to solve the societal problems. Economic theories have been explained very well and will be very helpful for people who aim to understand economic theories and ways to take forward the theories.",5,"intro-economic-theories"
"1414","This course provides a comprehensive understanding of the economy from a pluralist perspective, changes your vision of modern macroeconomics and all business-models in general, gives you a large number of answers to the common question ""why?"".   Strongly recommended.",5,"intro-economic-theories"
"1415","Excellent course on Theories on economics which has given un the insight of economics via various theory. Really useful to understand many financial aspects / issues on different prospective",5,"intro-economic-theories"
"1416","A very simple way of teaching here, with all relevant examples, clarity of communication and diagrams, graphs, made this easy to understand conceptually.",5,"intro-economic-theories"
"1417","this course provide step by step guide to the economics i loved it",5,"intro-economic-theories"
"1418","I love this course! It succeeded my expectations. I am currently finishing my Masters in Finance Dissertation, and I wanted to learn the basics of the Economic Theories. This course made me reach that goal, and it enhanced my understanding on where is world economy heading. Thank you very much Professors Irene Van Staveren, Rod Van Tulder and Maria Dafnomili.",5,"intro-economic-theories"
"1419","It was a very enriching and wonderful learning experience for me... Many concepts of economics were clarified in clear and lucid manner.This was my first online course and I really enjoyed listening to the lectures and tutorial videos were great too.Thank Ypu for the enlightenment.",5,"intro-economic-theories"
"1420","Extremely good! I have been looking for a different career path because I was feeling that my interests and skills were not been contemplated in my original field, natural science. I dare now to say that I found my way. Irene is an amazing instructor and an inspiring figure!",5,"intro-economic-theories"
"1421","Excellent module... Lots of insights... Without much economics background,this course has enlightened me for further research in various topics ..very good facilitators..",5,"intro-economic-theories"
"1422","Lessons are simple enough to follow but may require some extra reading to fully understand some concepts, but overall it's a good introduction to economics.",5,"intro-economic-theories"
"1423","Thank you Irene, Rob and Maria! For someone with a Science/Medical background, this course was constant source of surprises and ""aha"" moments.",5,"intro-economic-theories"
"1424","Learning with Coursera was a great journey and an excellent boost for my career,  and I'm looking forward to go deeper with their offers.",5,"intro-economic-theories"
"1425","It was a great learning experience . Course materials and tutorials were easy to follow. Thank you",5,"intro-economic-theories"
"1426","I enjoyed learning this course!! Thank you professor and also pop-up professor!!",5,"intro-economic-theories"
"1427","very nicely taught but takes time in peers reviewing",5,"intro-economic-theories"
"1428","It was helpful,  really nice course for beginners.",5,"intro-economic-theories"
"1429","Very good course ..... great opportunity to learn",5,"intro-economic-theories"
"1430","Good Learning and best peer grading system.",5,"intro-economic-theories"
"1431","Very Informative Learning Session.",5,"intro-economic-theories"
"1432","This is very helpful for me",5,"intro-economic-theories"
"1433","Amazing. My wife loves it",5,"intro-economic-theories"
"1434","good, in depth course",5,"intro-economic-theories"
"1435","i wanted to learn this, how it was commited and i was very happy to get the chance to learn about dialogflow. But now, i think, this is only a google cloud promotion. Things to know before starting course:You have to know about Python, AngularJs - Best if you know every thing about google cloud.The Lady who explains is working with snippets at week 2- so u can press stop and try to do it like her - think you will not success.The Community is a shame - For every problem with the course some indian first level supporters type: Send a request to Qwirklabs - Really? Even when the Python code wich is given not is working? (Environment is fine).Until now, i don't know, how to store my project and run it with the other runtime - this is not that good explained.So there is no chance to pass the exam... even if u want",1,"conversational-experiences-dialogflow"
"1436","There are serious issues with this course for many of the labs. Instructions are incorrect and do not result in the proper results.",1,"conversational-experiences-dialogflow"
"1437","quite distracting and hard to follow due to instructor heavy brazilian/portugese accent for certain video segments",1,"conversational-experiences-dialogflow"
"1438","Bad Learning experience through labs it needs to be more elaborative.",2,"conversational-experiences-dialogflow"
"1439","A good course covering the basics of Dialogflow. The labs on Pizza ordering bot were great and gave a practical hands-on experience of Dialogflow",3,"conversational-experiences-dialogflow"
"1440","The first module was explained in detail but the second module went really fast and it was a bit difficult to grasp the concepts for a beginner like me.But the course is very informative indeed and gives you a whole new perspective to build chatbots without thinking of the underlying complex infrastructure.",3,"conversational-experiences-dialogflow"
"1441","not the most up to date in some topics. But I had a good experience navigating the course.",3,"conversational-experiences-dialogflow"
"1442","The lab activities were not that well prepared. I believe this course should be longer. The hour and a half intended for each lab is not enough to fully explore all of DialogFlow features.",4,"conversational-experiences-dialogflow"
"1443","The course is fine for a basic introduction to Dialogflow but the time restrictions on the labs are a hindrance and they are also buggy. This is not the course if you are looking are looking for deeper handling of multiple contexts / bots, development and deployment outside of G Cloud.",4,"conversational-experiences-dialogflow"
"1444","The course was a great introduction to Dialogflow, and Google Cloud Platform (in general). However, some commands in the labs don't run and either give a wrong message or take a long time without response. This results in being unable to complete some of the labs.",4,"conversational-experiences-dialogflow"
"1445","The first week instructions were stellar. Second week instructions were harder o follow and included a few errors that made it difficult to complete the exercises. Overall, a great introduction to Dialogflow and I learned a lot.",4,"conversational-experiences-dialogflow"
"1446","A lot of useful knowledge, fun to know how conversational experiences works. The labs need some update though since Dialogflow have changed since the instructions were created",4,"conversational-experiences-dialogflow"
"1447","Very good course, the content is very good but i would have liked to go with more time over some of the topics and integrations.",4,"conversational-experiences-dialogflow"
"1448","since dialogflow is constantly developing, the course needs to be mended according to it.",4,"conversational-experiences-dialogflow"
"1449","More information about how to synchronize chatbot with FireBase - read in /out",4,"conversational-experiences-dialogflow"
"1450","Good explanation but the Week 2 part is very boring.",4,"conversational-experiences-dialogflow"
"1451","Course explains the concepts well.",4,"conversational-experiences-dialogflow"
"1452","i think the tutorial can do better",4,"conversational-experiences-dialogflow"
"1453","Tras finalizar el curso creo que seria capaz de implementar un chatbot sencillo, únicamente utilizando Dialogflow. Sin embargo,  no sería capaz de implementar un ChatBot que lea los datos de fuentes externas. He entendido los  componentes necesarios para generar un chatbot, pero en los últimos laboratorios he seguido los pasos sin entender bien lo que se hace. Básicamente, al no tener conocimiento de Python y el concepto de notebooks, no sé cómo implementarlo en otros proyectos... en definitiva, necesitaría algo mas de detalle en los últimos laboratorios.",2,"conversational-experiences-dialogflow"
"1454","El curso estaba bien, hasta la parte de conexión a App Engine. Seguí los pasos tal como se mencionaba en los último laboratorios, pero al momento de querer probar el chatbot, no entregaba ninguna respuesta.Lo encuentro bastante mal, ya que estaba bastante emocionado de aprender esto y poder aplicarlo en mi trabajo, es por esto que pido si podrían revisar este problema, ya que estaría feliz de volver a hacer los laboratorios.",2,"conversational-experiences-dialogflow"
"1455","All exercises are under GCP, too limited!No explanation how to transfer same processes outside GCP.",3,"conversational-experiences-dialogflow"
"1456","Totally recommended! It teaches about how to create an agent(chatbots) with Dialogflow,using Natural Language API,intents,entities,contexts,fulfillments and also what to do to take chatbots into production,learns about webhook with basic authentication,custom UI and so on.The hands-on lab is interactive and leads to step-by-step instruction in Qwiklabs.",5,"conversational-experiences-dialogflow"
"1457","I am glad that this course comes with lab activities. This will be very important to my line of work as I currently work in an AI company and my general research interest is User Experience. This is a very good tool for both beginners and experienced devs alike.",5,"conversational-experiences-dialogflow"
"1458","It was such an amazing experience!!! This course is tailor-made for any individual who wishes to build/design their own conversational UI using Dialogflow. The practical labs offer an immersive teaching method and is very efficient too.",5,"conversational-experiences-dialogflow"
"1459","I loved it! Easy to follow, full hands-on. I liked the two use cases because of the variety of complexity. I would love to see more on DialogFlow and using, for example, hosting the webhook somewhere else rather than GCP and so on.",5,"conversational-experiences-dialogflow"
"1460","This course provides you every insight you need to develop a Chatbot using Dialogflow.All the teaching staff have immense knowledge about the topic . As you would expect it is a Google course so makes every sense signing up for!",5,"conversational-experiences-dialogflow"
"1461","It was perfect.I really love it,its simplicity,easy understanding,you guys really made it easy.A big thank you to the Coursera Team, I'll look forward to doing more project with you guys.Thanks xoxo",5,"conversational-experiences-dialogflow"
"1462","Awesome course that throws more light into how ML can be utilised to perform a lot of actions and how a lot could be done using existing learnings instead of redoing them all the time.",5,"conversational-experiences-dialogflow"
"1463","This Course helped me to get familiar with Dialogflow with its exceptional video tutorials and informative graded assignments! Great Hands-On Experience for a beginner!",5,"conversational-experiences-dialogflow"
"1464","Great! I would have liked some more deep insights into Google Assistent, but it was still awesome. I can now get my new skills and deploy my Chatbot",5,"conversational-experiences-dialogflow"
"1465","This was a great course and with lots of content tough in an easy way. Maybe there could be a link for the Python script that explains the script.",5,"conversational-experiences-dialogflow"
"1466","This course was very helpful! I highly recommend people who are working on bot-development and virtual agent development should take this course!",5,"conversational-experiences-dialogflow"
"1467","The ""Building Conversational Experiences with Dialogflow"" course is designed in a way which covers up all the topics in a very easier way.",5,"conversational-experiences-dialogflow"
"1468","Great tutorial course on how to use Google DialogFlow. They cover enough so you could build your own chatbot agent and deploy it.",5,"conversational-experiences-dialogflow"
"1469","Very beautiful orientation of the lectures. Instructors were so good with their knowledge and also with their presentation.",5,"conversational-experiences-dialogflow"
"1470","It was a great experience to learn about Dialogflow. It makes things a lot much easier to do in real life.",5,"conversational-experiences-dialogflow"
"1471","This course is very useful for me to make dialog based on conversational Experiences.",5,"conversational-experiences-dialogflow"
"1472","Very complete. I really liked the practices on Qwiklabs and I learned a lot",5,"conversational-experiences-dialogflow"
"1473","It gave a very good interactive information to get started with Dialogflow",5,"conversational-experiences-dialogflow"
"1474","Quite a good and rather complete introduction to DialogFlow.",5,"conversational-experiences-dialogflow"
"1475","I really like the course material, it is really helpful.",5,"conversational-experiences-dialogflow"
"1476","Great course with interactive learning using qwiklabs.",5,"conversational-experiences-dialogflow"
"1477","Beauifully Explained! Thank you Google! :D",5,"conversational-experiences-dialogflow"
"1478","The lab in this course was very helpful",5,"conversational-experiences-dialogflow"
"1479","great learning experience",5,"conversational-experiences-dialogflow"
"1480","Excelente curso. Gracias!",5,"conversational-experiences-dialogflow"
"1481","It's good to study!",5,"conversational-experiences-dialogflow"
"1482","Very good to learn",5,"conversational-experiences-dialogflow"
"1483","It was excellent.",5,"conversational-experiences-dialogflow"
"1484","This course covers a lot of very interesting material and is presented in a calm, clear, organized manner.  I thought the selected materials were well-chosen and presented in a way that captured the most important ideas of the philosophers discussed.  I would not recommend this course to anyone with any formal background in philosophy, as the pace is somewhat slow, and the course spends a lot of time covering some basics of philosophy. (This may be an unfair critique, since I covered this material in college.  I was drawn to this course as a refresher, but also hoping to learn something new or gain a new perspective on material I had already read. Rather, this is very much an introductory survey.)  As a technical issue, I did not like the ""pop quizzes"" interspersed into the videos.  These were annoying, breaking up the flow of the lecture merely to reiterate basic points.  These interruptions added no value.  I also disliked the introduction to each video: while it was well-produced, it was repetitive.  The into music should be only on the first video, or, at most, on the first video of every section.  Not each and every video.  It may seem like a little thing, but each video is short, which means you're listening to the same musical into every 5 minutes or so.  This is maddening.  I skipped over it, but I'd prefer if the videos were edited in a way that acknowledges that people will likely be ""binge watching"" these, and formatted to flow one into the other seamlessly.",3,"plato"
"1485","

The content of the course is quite striking since this knowledge is not found everywhere, free and especially taught by a connoisseur. However, the videos are quite tedious since, in my opinion, the voice and tone of the teacher comes a time when it does not transmit energy and therefore is tedious, especially because they could help her with images, examples, animations etc. that could be more interesting and even more striking.",3,"plato"
"1486","The course material is OK; the lectures are fun and interesting, but to pass the course you need to submit an assignment that is subjected to peer review and you will need to get approval by all of your peers. However the act of subscribing to a MOOC alone does not make people suited to review other peoples work...",3,"plato"
"1487","The professor is animated and clearly loves her subject. I don't think we need to stop so frequently to ask a quiz question though. It's best to keep going on one subject without interruption.",3,"plato"
"1488","Content is interesting but the teaching style could be more engaging",3,"plato"
"1489","Am I not getting any certificate for completing this course or what?",1,"plato"
"1490","can give a better explanation in simple term rather more reading content. But overall a good beginner course",2,"plato"
"1491","Loved the lectures and the content. Personally I found some of the readings to be too long in one sitting without some guidance. I found myself struggling through long sections, not really understanding until I heard the lecture. Rather than two long readings then 4 or 5 videos in a row, I think it would be more effective to have a shorter reading, then the relevant lecture, then another reading etc. One other issue was the instructions for the assignment initially were quite vague. I read the prompt and then began. It only said to write a letter talking about 2 aspects of the Republic. Only when I finished and went to submit did I go to page two which specified that the two points had to be Plato's view of Justice in a person and why it is always better to be just. As a result, I had to go back and redo the assignment. Other than those two things, loved the course.",4,"plato"
"1492","Well organized and I really enjoyed this course; I took both this course and the follow up course on Aristotle. Both were excellent. However, for some unexplained reason, I thought the professor's course on Aristotle was more interesting (hence I cage it five stars) while I thought that this course was slightly confusing in terms of the quizzes and prompts. Having said that, this course is definitely worth your time and effort. My approach was to read the lecture first while taking notes and then listen to the lecture and fill in the blanks. The readings make much more sense AFTER reading/listening to the lecture than before. Just my take on how I 'studied' for the quizzes, etc. Enjoy, it's worth the effort.",4,"plato"
"1493","The biggest strength of this course is that it makes one read the ancient texts, thus giving a direct exposure to the ideas of some great thinkers. Alongside, it also gives some idea of Greek history and culture. I think the difficulty level should have been a bit higher. The quizzes are way too simple to assess the interest of the student. Dr. Meyer teaches in a simple and easy-to-understand manner. I'll certainly take the second course in this series. An amazing experience overall!",4,"plato"
"1494","I touch this course because it is outside my comfort zone and throughout I felt challenged.  So I feel really good that I was able to complete the course successfully.  It opened my eyes to how close these ancient philosophers were compared today's latest theories in physics regarding the reality of the universe.Well worth it.",4,"plato"
"1495","I like the course. I thank the professor for simplifying abstract concepts to students with no special knowledge in philosophy like myself. It would have been great if there were slides associated with the course. I hope there would be more courses discussing more recent philosophers like Nietzsche and Kant.",4,"plato"
"1496","Liked it a lot: pretty straight forward, nice introduction, although I missed a bit of a timeline (or figure of a timeline - I actually had this image from wikipedia always available: https://en.wikipedia.org/wiki/Pre-Socratic_philosophy#/media/File:Presocratic_graph.svg)",4,"plato"
"1497","I enjoyed every aspect of this course except Timaeus.  Not being mathematically inclined I felt all of the discussion of triangles and what this was supposed to have shown was a waste of time.  Better to tell us what he is trying to say, show a few examples, and move on.",4,"plato"
"1498","very knowledgeable professor. only recommendation for the course is to make single quizzes not two per week. either way you can do them at your own pace. It is an introduction course, but very well presented and it goes through many important texts",4,"plato"
"1499","The content of the philosophical texts of ancient Greece are distilled with a great deal of clarity. My only complaint is that it seemed a bit brief. For instance, there are 10 books in the republic, but only a handful of those are explored.",4,"plato"
"1500","It was a nice course, I successfully completed all the weeks and wrote my graduation assignment, but I did not get the certificate of the course, it is a lot with the money of my country.  I wish there was a more reasonable turret.",4,"plato"
"1501","This is a very nice introduction to the ancient Greek philosophers and their contributions to how we understand the world around us. I recognize that modern religions reflect many of the Ancient Greeks' thoughts.",4,"plato"
"1502","This course is pretty good. I'm not a fan of peer reviewing, I'd rather have TA's do it, but I realize that is logistically impossible. Other than that the professor is pretty good and makes phil",4,"plato"
"1503","I am immensely grateful for shared knowledgeability. This course was an incredibly gratifying experience that serves as an introduction to the magnificent world of philosophy!",4,"plato"
"1504","Dr. Meyer is a systematic and thorough presenter, and does an excellent job of making the material accessible, without oversimplifying.",4,"plato"
"1505","Very interesting and challenging. I need to spend a lot of time on the reading assignment, but I enjoyed the reading very much.",4,"plato"
"1506","Very straightforward course. The professor explains things well, and I found this a very good intro to ancient philosophy.",4,"plato"
"1507","I think it was an enriching course. Though not many other students to engage with.",4,"plato"
"1508","everything is fine but the music before each lecture is so loud and annoying",4,"plato"
"1509","Very interesting , well designed and presented,  introductory course",4,"plato"
"1510","Great course, interesting topics and explanations, thanks !",4,"plato"
"1511","Very interesting but some parts too solid.Many Thanks.",4,"plato"
"1512","Loved the way Dr Susan's way of explaining.",4,"plato"
"1513","Very interesting and well structure course.",4,"plato"
"1514","Interesting material well presented.",4,"plato"
"1515","Initially, I was excited about this course, but I lost interest due to two things. First, while the beginning segments about how we know the Presocratics was great,  the presentation of the early Milesians was shallow and did not deepen my understanding of their world and thought. Then, the section on Parmenides made me lose faith in the teacher - she presented his main ideas in such a way as to obscure his vision, which is of what we now call a multiverse, a world in which all things exist potentially. The best part of the course was that it made me seek out other writers about Parmenides.",2,"plato"
"1516","My experience with this course was fantastic. I could learn deeply about Ancient Philosophy and Plato's work, their relation and their vision of the world of that time, the start of what we know today as scientific inquiry and the revolution they made by trying to investigate the principles of the universe. The insights from the professor were interesting and made me gain confidence in what I was studying. I had the feeling of being doing real Philosophy using the ""logos"" during the discussion on Forums and while working on the final project and reviewing other people's work. I would like to thank the University of Pennsylvania, the professor Meyer and Coursera for this amazing opportunity.",5,"plato"
"1517","Good intro to early Greek philosophy.  Dr Meyer has a simple and subtly humorous approach to the material.  Dr Meyer makes the subject approachable so that the student wants to do further reading.",5,"plato"
"1518","Excellent Course guide (Professor Meyer) and Materials.Very short but effective lectures.Its difficult to provide whole theme in short lectures but Professor has done this job fabulously.",5,"plato"
"1519","What a great class! This was my first foray into the history of philosophy, and this was the perfect introductory class. The professor, Susan Meyer, is exceptional. Her lectures are interesting, intellectual, and clever. I learned a great deal, and while the class was challenging, it was so interesting that I didn't mind doing the work. I even found myself reading non-assigned texts for my own enjoyment. I am grateful I found this class, and look forward to part two.",5,"plato"
"1520","Excellent course. This course has opened up ancient philosophy to me and made it accessible. I feel I have finished the course a good understanding of such keys texts as Plato's Republic. Excellent Course guide (Professor Meyer) and Materials.  Pr. Sauvé-Meyer keeps the material very engaging, and makes it very clear and easily accessible. Knowing how difficult the original texts are sometimes, this is very valuable.",5,"plato"
"1521","This course was wonderful.  Dr. Meyer does a wonderful job taking deep topics and making them very understandable and relatable, the mark of a good educator!For those who have inquiring minds and a love of knowledge, the course offers a great deal.  It takes you back to those Naturalist philosophers who preceded Socrates and winds through all the way to the amazing Dialogs of Plato.  Highly recommended.",5,"plato"
"1522","This was my 13th Coursera class and among the best I've taken through this platform. Dr. Susan Sauve Meyer chose the right excerpts and provided the necessary context for students to better understand Plato's meaning and message. She didn't spoon-feed the material but guided students through it, as a good professor does. I actually feel better about the world after taking this course because it made me  optimistic about the possibility that good is the central force. Two suggestions for improvement: Nearly every text reading says it will take 10 minutes to read, but I found that they each took me about 40 minutes because I didn't want to speed read them but pore over them. I think that estimated reading time should be changed on the syllabus to at least 20 minutes. Also, I was surprised at the lack of discussion that the weekly prompts generated. I made a point to read others' comments on the question and to at least give a thumb's up or say I concurred. But I noticed that nearly all the posts had no comments or reactions, and my posts also generated none. That was disappointing and unlike what I've experienced in other Coursera classes. I'm not sure how to change that, as it wasn't the instructor's fault. But perhaps Dr. Sauve Meyer at the end of each lecture could encourage students to interact in the discussion forums. Another option might be to ask people to comment on at least one. I realize that pondering the weekly question was a mental exercise that benefitted me. But it did feel like I was throwing comments into a void -- to take a cue from the course, it raised the question: Does my opinion exist if no one reads it.",5,"plato"
"1523","I LOVED THIS COURSE! I've always been interested in philosophy and took a few courses in college. That's was over 10 years and I needed a lot of review and refreshers. I am so glad I took this course. The reading material is easy to access and could be easily read on the monitor or by print. The videos were phenomenal. Well organized, the presentation of the videos were excellent and short. Most of the videos are about 7-10 minutes with the exception of the last unit. The instructor has a clear voice and she talks slowly, so it's a lot like being in a class. The videos are short so I was constantly motivated to get through one more video, but you will be doing a lot of pausing, thinking, reviewing and writing important information down. The info is given in bite sizes, so it is easy to absorb. Quizzes were a bit tough, so they require a review of the material before taking them. But overall, I learned so much, and filled in so many gaps that I had forgotten along the way. I would recommend this course to everyone.",5,"plato"
"1524","The lectures were excellent and very clear. The material was familiar to me but still very interesting. I could not be happier with the instructor's demeanour and competence. My only issue was with some of the questions in the quizzes. Being impatient, it was easy to be misdirected into thinking that the question was about one thing when it was about another. That is not a critique of the course because the problem was with my somewhat cavalier approach. Just keep in mind that if you take the course to pay as much attention as possible and to read every word and punctuation mark as it was intended.",5,"plato"
"1525","I have thoroughly enjoyed this course. I cannot thank Professor Susan Meyer enough. This course has made classics accessible to those who do not have the good fortune of receiving an education in Latin and  classical Greek during their school years. She has also demystified Philosophy and sparked my interest in the subject. In truth, I have never thought I am able to do philosophy. I have found this course so good that I have decided to do the sequel. What is more, I might even go on to read for a combined degree in English and Philosophy with the University of London International Programme.",5,"plato"
"1526","The course is well organised and presented in a pleasant and sober way. I especially liked the reconstructions of the arguments in the text. I enjoyed the written test at the end with the option of writing a variation of the dialogue. I think reading the texts yourself (obviously in translation) brings a lot of value added. I tried to do it before listening to the lectures. That got more and more difficult, as actually reading the texts was too much and the texts also got gradually a bit more difficult to read. The indicated time for reading (usually 10 minutes) is not even close to correct.",5,"plato"
"1527","I had lots of fun learning about the earliest Greek philosophers as well as studying Socratic dialogues further in depth. While not all of Plato's ideas will seem meaningful to us today, Susan does an excellent job of explaining their ultimate significance. Her lectures were clear and interesting (with the possible of exception of the Timaeus lesson which features denser-than-usual Platonic ideas). I highly recommend this course to anyone who would like to increase their knowledge of Greek philosophy!",5,"plato"
"1528","Fantastic course. I know the English translation of the text is hard to follow sometime, but Professor Meyer breaks it down wonderfully. The best part about this philosophy course is that it's strictly about the Plato, Socrates, and the written material. The past philosophy lectures I've heard from professors but their personal opinion and interpretation of the text. I don't care about your personal philosophy I care about Plato and Socrates! Again take this course, Professor Meyer is fantastic!",5,"plato"
"1529","My first class on coursera and it was a perfect choice! I really benefited from the structured learning that the course has to offer. The combination effect of reading, receiving lectures, quizzes, peer reviews and essay writing made the learning of more abstract ancient philosophy  more substantial and sustainable in my mind. This is best discovery during the pandemic. And since professor Meyer is such a knowledgeable, cool and brilliant lecturer on these topics, I’m taking her next class!",5,"plato"
"1530","This is a great introduction to Ancient philosophy for all of those who want to obtain more knowledge about the invaluable legacy of the Greek miracle ! I deeply recommend this course, which brought be excellent additional material in Ancient philosophy useful to every philosophy student but also to anyone who wants to acquire in depth general knowledge of the roots of our civilisation, the whole brilliantly taught in a rigorous and entertaining fashion ! Thank you Professor Meyer !",5,"plato"
"1531","I found this course excellent, the lectures were interesting and inspiring and very helpful to get into the philosophy.  The reading was challenging and thought provoking.  The quizzes were very good and necessary in helping to absorb the knowledge.  Long ago when I was a college student I studied languages, literature and history.  I have had some very good professors and professor Mayer lives up to the excellence one hopes for in a course.    Thank you.  Sincerely, Susan Farranto",5,"plato"
"1532","This class was great! I wasn't sure how the online format would work, but I see now that the whole thing is catered so the learner won't fail. It is truly a course for learners to take for the sake of learning and I've done just that! I know so much about the perspectives and ideas of ancient philosophers. Grappling with some of their work was so difficult at times, I think I even argue better than I did going in! I will certainly be taking part 2.",5,"plato"
"1533","There are not prepare and configure some commands.",1,"google-kubernetes-engine"
"1534","The last lab cannot be finished without fixing the Jenkins file in your dev branch, as the ""Fixed configuration"" option that the lab tells you to pick isn't available. Several labs weren't graded after having completed them; ended up taking them twice or thrice before it was picked up.",2,"google-kubernetes-engine"
"1535","Too superficial and without lab access absolutely useless! Need more value for free course and more real-world examples!",2,"google-kubernetes-engine"
"1536","The first bits were fine, the jenkins and spinnaker parts... just, ""why""? I'm never going to use either of these (we're on a different CI provider), the install process -- which is the bulk of the labs -- has nothing to do with Kubernetes outside of watching things get deployed, and, frankly, I don't need a lab to learn how to watch install scripts. (Rather, I know how to make an intern do that.) The first part of this course was good, the last part was really _not_.",3,"google-kubernetes-engine"
"1537","Good. Need some more documentation to understand the concepts better.",3,"google-kubernetes-engine"
"1538","The videos do not explain much. The labs are good.",3,"google-kubernetes-engine"
"1539","I was expecting a more in-depth architecture dive.",3,"google-kubernetes-engine"
"1540","One guy deer in a headlight reading off a script.  The other is reading notes like reading a fiction.  Non-engaging course.",1,"google-kubernetes-engine"
"1541","The obligatory lab has been broken for over two months and they have not fixed it, what a waste of time and money",1,"google-kubernetes-engine"
"1542","It took sooooooo long to solve the problem with Spinnaker, that I cannot give more than one *, sorry.",1,"google-kubernetes-engine"
"1543","Covers a lot of ground and gives valuable insight, IMHO the only drawback is that is targeted to Google Cloud, so the examples would need significant effort to be reproduced in other environment i.e AWS, Azure or Minicube. I also have to mention the very good support, while I needed it, been stuck in one of the labs.",4,"google-kubernetes-engine"
"1544","CLear and detailed instructions by the instructors, enough time allowed to practice them,  overall now experience!",4,"google-kubernetes-engine"
"1545","Labs were great.But the videos need to be improved, especially the explanations of the topics with the audio.",4,"google-kubernetes-engine"
"1546","Excellent course if one is looking to continue with GKE. However labs can be more interavtive.",4,"google-kubernetes-engine"
"1547","Independently if obtaining or not the certificate, the knowledge check should be opened!",4,"google-kubernetes-engine"
"1548","The labs have small issues, but the content of the course is great.",4,"google-kubernetes-engine"
"1549","Em alguns momentos achei os laboratórios um pouco confusos",4,"google-kubernetes-engine"
"1550","some parts need to be updated and debugged.",4,"google-kubernetes-engine"
"1551","If you want to start Kubernetes, keep this!",4,"google-kubernetes-engine"
"1552","This course is very useful. thank you.",4,"google-kubernetes-engine"
"1553","not enough explanation in the lab.",4,"google-kubernetes-engine"
"1554","need more quiz",4,"google-kubernetes-engine"
"1555","I really had an awesome experience on this course with Google Cloud Platform for Kubernetes Applications and a working Continuous Delivery pipeline architecture. If you're interested in Kubernetes and CI/CD pipelines for using it on GCP, this course will give you everything to kick start your applications with those mentioned technologies. The lab sessions were somewhat lengthy but more comprehensive with hands-on experience. Thank you!",5,"google-kubernetes-engine"
"1556","Fantastic crash-course that crams a vast amount of information into a small learning window.  The slides can be difficult to understand, but the labs are excellent for solidifying knowledge as they are provisioned with long time periods to slowly absorb the online descriptions.",5,"google-kubernetes-engine"
"1557","This is an amazing course to have hands on experience with Kubernetes and also get an understanding of how it can be utilized for your own apps. Labs are designed in such a way that by the end of the course, you tend to remember the commands and use them almost unconsciously.",5,"google-kubernetes-engine"
"1558","It was an good experience for me to use Kubernetes Engine. I could understand  why we use docker, kubernetes and jenkins. If i have another chances like this I wanna participate.",5,"google-kubernetes-engine"
"1559","Excellent course. Lots of hands-on and good amount of videos. I need to redo the Jenkin's lab and Spinnaker's lab again to be able to apply the concepts in real world.",5,"google-kubernetes-engine"
"1560","This is an excellent course, thank you very much!I've been using Kubernetes for two years as a software engineer, but I definitely learned a lot from this course.",5,"google-kubernetes-engine"
"1561","This course gave me a better understanding of kubernetes and how it can be incorporated to a CI and CD pipeline for automation and container orchestration.",5,"google-kubernetes-engine"
"1562","This course was fantastic. I was successfully able to finish all the lab work on time. Gained good insight about using Kubernetes",5,"google-kubernetes-engine"
"1563","Good labs!Thou, it would be better if we had practice labs with skipped steps, so a student would make some steps by himself.",5,"google-kubernetes-engine"
"1564","Very good overview and concept for Kuberneter which can management docker container in google cloud platform",5,"google-kubernetes-engine"
"1565","A very practical course. This was so useful to getting started with kubernetes. Great!",5,"google-kubernetes-engine"
"1566","Both GCP Trainers are very knowledgeable and know how to convey complex concepts.",5,"google-kubernetes-engine"
"1567","Great introduction to Kubernetes in a controlled environment on Google Cloud.",5,"google-kubernetes-engine"
"1568","Thank you, It's good for me to understand Kubernetes Engine, docker",5,"google-kubernetes-engine"
"1569","Great course for getting started with google Kubernetes",5,"google-kubernetes-engine"
"1570","great course, content, amazing labs. thnx google",5,"google-kubernetes-engine"
"1571","Great course for learning basics of kubernetes",5,"google-kubernetes-engine"
"1572","Good. Best explanation about kubernetes.",5,"google-kubernetes-engine"
"1573","Nice Course Overview good for starter",5,"google-kubernetes-engine"
"1574","in some jenkins lab build faied.",5,"google-kubernetes-engine"
"1575","Very good job, thanks for all",5,"google-kubernetes-engine"
"1576","This  course is very useful.",5,"google-kubernetes-engine"
"1577","great to know the course",5,"google-kubernetes-engine"
"1578","Great tool to working",5,"google-kubernetes-engine"
"1579","grate nice class",5,"google-kubernetes-engine"
"1580","Useful and nice",5,"google-kubernetes-engine"
"1581","좋은 강의ㅇ",5,"google-kubernetes-engine"
"1582","The course is basically read Azure documentation.",1,"cloud-azure-intro"
"1583","This is not worth your time. It's basically just a couple of links to Azure documentation. I don't see any structure with regard to the material. Just a couple of texts on networks and VMs. There is literally no original content. The quizzes are scarce, of little relevance and contain errors. The discussion forum is not maintained. Waste of money.",1,"cloud-azure-intro"
"1584","this is the worst course I have ever taken.  I will avoid coursera in the future if at all possible.  the training is painful, poorly conceived, and poorly presented.  it was a waste of money that I regret.the only reason this has 1 star is because I could not submit with 0 stars.",1,"cloud-azure-intro"
"1585","2 minutes videos and then everything is a link to Microsoft's online documentation. Some quiz quiz correct answers don't seem to be correct. Some quiz questions are not for the module you are currently on.",1,"cloud-azure-intro"
"1586","Not that good",1,"cloud-azure-intro"
"1587","The course itself is fine. What I didn't like was that most of the content was publicly available material from Mifcrosoft to read while I was expecting more guided content and videos created specially for the course.",3,"cloud-azure-intro"
"1588","so many documents with less videos",3,"cloud-azure-intro"
"1589","content was good. However mostly referred to Microsoft documents. It has very less videos. Actually course era should simplify the azure content and provide it. which was my expectation, but it didn't happen.",3,"cloud-azure-intro"
"1590","Less videos in the course.",3,"cloud-azure-intro"
"1591","Course is more on reading, ideally it should be more practical exercise like you actually create Resources, VMs, apply policies locks etc etc.",4,"cloud-azure-intro"
"1592","The course frequently links to outdated MS material.  The content of modules and following quizes are misaligned. There was no lesson in IMA altough there was half a quiz about it. Azure is a rapidly developing platform and you need to keep up with the changes and fix this courses internal structure. Even tough there were a lot of problems with the course I still got what I was looking for ie. a basic understanding of Azure.",4,"cloud-azure-intro"
"1593","Curso corto y básico, para entender las principales características de Microsoft Azure. Si podes lee aparte, es un curso que en un día lo haces tranquilo. Los Quiz son sencillos y en caso de error los podes hacer otra vez. Lo único que critico es que las preguntas del cuestionario son todas  iguales, por lo que si lo haces mal, las preguntas son las mismas. A pesar de todo es un buen curso para comenzar.",4,"cloud-azure-intro"
"1594","A lot of the content was just reading/following the Microsoft documentation. The structure of the course was helpful for learning and I was satisfied it overall. Only suggestion is to include more videos from the instructor rather than relying on the MSFT wiki.",4,"cloud-azure-intro"
"1595","It's not a complicated course but you need the dedication to read all the documents related to the things that are thought in the course.",4,"cloud-azure-intro"
"1596","Overall gives good understanding of MS Azure. I think my objective is met. But of course I need to do a lot more reading",4,"cloud-azure-intro"
"1597","Hubiera sido un poco mejor más ejercicios prácticas en lugar de teoría",4,"cloud-azure-intro"
"1598","Good !! must take course for people interested in learning azure",4,"cloud-azure-intro"
"1599","A few misplaced exams but an overall good course. Learnt alot.",4,"cloud-azure-intro"
"1600","Not student compatible and not explined in detail..",4,"cloud-azure-intro"
"1601","Easy and fun to learn",4,"cloud-azure-intro"
"1602","I find this is an excellent course and very much useful for my Organizations initiative of Azure Lift and Shift of the legacy medical imaging applications. Course content had good breadth and depth.",5,"cloud-azure-intro"
"1603","The course covered the essential information for familiarizing with how Azure works and is configured. The introduction to Azure PowerShell, CLI, and portal were very helpful.",5,"cloud-azure-intro"
"1604","This course really helps me in understanding the fundamental concepts of Azure.Thanks to instructor,learnquest and coursera in helping me achieving this feet.",5,"cloud-azure-intro"
"1605","A thorough and insightful course with a good balance of tutorials and concepts. If you need to understand Azure, this course is a valuable resource.",5,"cloud-azure-intro"
"1606","Todos os conceitos basicos de Azure estão aqui, além da possibilidade de se aprofundar mais e mais com os materiais e links em cada uma das lições.",5,"cloud-azure-intro"
"1607","Its a nice course. I am started with Azure LearnQuest certification. To improve my knowledge utilizing like this in free time.",5,"cloud-azure-intro"
"1608","I am so glad to complete this course and The content provided is simple and understandable.",5,"cloud-azure-intro"
"1609","Great course. Gave me a lot of information and guidance about my career in Microsoft Azure",5,"cloud-azure-intro"
"1610","Excelente curso, da una vista general sobre Azure, funciones, seguridad entre otras",5,"cloud-azure-intro"
"1611","thanks alot for this course now i understand what is the microsoft azure",5,"cloud-azure-intro"
"1612","Great introductory course about the Microsoft Azure cloud platform.",5,"cloud-azure-intro"
"1613","I would recommend this course to get clear your concepts on cloud.",5,"cloud-azure-intro"
"1614","Excellent course..  I am excited to keep learning Azure!  Thanks",5,"cloud-azure-intro"
"1615","Thank you for giving me the opportunity to attend this course",5,"cloud-azure-intro"
"1616","GOOD COURSE .As a beginner Im able to know more about Azure",5,"cloud-azure-intro"
"1617","Course content is best and very basic best for beginners !",5,"cloud-azure-intro"
"1618","it was great experience of learning from LearnQuest.",5,"cloud-azure-intro"
"1619","Great knowledgeable course for starting with Azure",5,"cloud-azure-intro"
"1620","it was very help full to increase carrier part",5,"cloud-azure-intro"
"1621","I had so much fun getting started with  Azure",5,"cloud-azure-intro"
"1622","So useful and easy to learn..go for it",5,"cloud-azure-intro"
"1623","Great for beginning with Azure",5,"cloud-azure-intro"
"1624","Thank you for the knowledge!!!",5,"cloud-azure-intro"
"1625","GOOD BEGINNER COURSE FOR AZURE",5,"cloud-azure-intro"
"1626","It used me a lot",5,"cloud-azure-intro"
"1627","Nice and useful",5,"cloud-azure-intro"
"1628","Instruction is brutal.",1,"r-programming"
"1629","The videos aren't narrated by a robotic voice-over, which is good!  Unfortunately, they are very simplistic and not actually that helpful at teaching R functions.  The swirl package they have you use is actually a much better way to cover the source material, and I advise doing all the exercises.  Unfortunately the programming assignments are very random and don't really apply what you have just been taught, so all in all I do not recommend this course.",2,"r-programming"
"1630","There is a disconnect between what is taught and what is assigned.",2,"r-programming"
"1631","Tutorials are indispensible for students to complete the assignments.",3,"r-programming"
"1632","I seemed to have technical issues with for loops. certain things would work on a friend's computer, but wouldn't run on mine. The tools explained in the weekly lectures seem completely unrelated to the weekly programming assignments. I lost a LOT of time with the week 2 assignment because of the lack of guidance. I would have been completely hopeless if I hadn't found the reading section that actually taught the skills needed for the assignment.",3,"r-programming"
"1633","Everything begins slowly and everything is nicely explained at the beginning. But then suddenly the level of difficulty escalates ... for someone without any previous knowledge it is nearly impossible to finish the assignments independently ...",3,"r-programming"
"1634","OK as introduction to R, the course works through data structures, functions, etc.  Swirl exercises are helpful.  Assignments involving basic data analysis start to get interesting.",3,"r-programming"
"1635","Course does not do a good job actually explaining R or training you on how to properly use it. The lectures go over the material very fast and you do not get much out of them, and then the assignments throw complex problems that are very difficult. You spend most of your time Googling to learn it, and I find that I would have learned R better if I just did that to start without this course. Maybe if you aren't new to R and have a programming background, it may not be so bad, but if you are new to R and not an experienced programmer, this is not the class to take to learn it.",1,"r-programming"
"1636","Pros: - If you don't know R well, or at all, you will learn a lot about R! - The projects were sufficiently challenging and used real data. Great experience.Cons: - Some knowledge required in the assignments are not covered at all in the lectures, or even the textbook. - The week 2 assignment was a bit less clear than it could've been.Other thoughts: I wouldn't recommend this course for someone new to programming. You should have at least SOME programming experience. Even for someone with some coding experience it can be quite challenging. But that's what makes it so FUN!",4,"r-programming"
"1637","A little difficult and fast but you do get to learn a lot. The plus point is that Coursera provides ample of time to get through with this course which really worked for me since and I'm working and studying both.",4,"r-programming"
"1638","Good course overall. The course would be better if the learning activities better prepared you for the difficulty of the final programming assignment.",4,"r-programming"
"1639","A very good course. But i would have preferred much more exercises and may be instructor could have been a bit slow too. Overall I am quite satisfied.",4,"r-programming"
"1640","I am not fully satisfied with the course content, but I truly appreciate 1) Swirl Exercises 2) Peer reviewed assignments and 3) Mentor's assistance!",4,"r-programming"
"1641","Assignment 3, Q4 was exceptionally hard. Would've been good to have more easy questions leading up to it, as it was I felt dropped off the deep end.",4,"r-programming"
"1642","Bom curso mas poderia ter alguns vídeos ensinando mais sobre funções e outros parâmetros, pois é bem fraco as vídeo aulas.",4,"r-programming"
"1643","Slides and videos are a bit insufficient in order to finish course projects.Apart from that, this course is awesome!",4,"r-programming"
"1644","This was an excellent course that taught concepts and has constructive assignments to apply the concepts.",4,"r-programming"
"1645","Slightly outdated course, but otherwise good practice.",4,"r-programming"
"1646","Great content delivered at a solid pace.",4,"r-programming"
"1647","Very informative for starters.",4,"r-programming"
"1648","I had really high hopes for this course.  I am not a programmer, though in college I learned C, C++, and used MATLAB a fair amount.  I wanted to learn R because it is a free software versus paying a licencing fee to use SPSS which I have done in the past.  I had already completed the first week of the course and the first week in this course.  I went through the slides and I didn't really feel like I learned any actual programming so then to expect to answer questions where you had to program seemed a bit out of left field.  As a comparison it felt like they had an hour worth of slides talking about different trees and how to differentiate them then asked you to drive a tank.I then took the time go through two swirl assignments which I hoped was going to fill in the many gaps left by the slides.  They were definitely more helpful than the slide show, but I still felt like they would teach you how to add then ask you to multiply.So in general my recommendation would be not to take the course unless you have a fairly solid understand of programming, otherwise you will do what I did and just wasted $50.",1,"r-programming"
"1649","I am a programming beginner and this class took me many many hours to work through seemingly simple assignments. When I did arrive at the right answer, I was happy and proud and recognized my growth. I guess that's the nature of programming. I found that the swirl practice assignments were helpful, if not simply enjoyable. In the forums there were a select few mentors that were quite helpful. I did almost prefer the robotic voice of the Data Science Toolbox over the videos that were presented here. I would have not been able to do the final assignment without dplyr knowledge from Getting and Cleaning Data. Continuing on!",5,"r-programming"
"1650","Indubitably a great starting point for someone who is new to R programming language. The course curriculum is so intutive and well decorated such that it was a challenging task for someone like me who belongs to a CS graduate background.",5,"r-programming"
"1651","A great introduction to slightly more complicated R programming. Basic concepts covered well and it builds nicely to the point where you feel like you can apply your knowledge to real world examples",5,"r-programming"
"1652","Excellent course, structure, content, and tools have been selected correctly.Happy to have overcome all the high-level challenges in it, I feel rewarded with the knowledge",5,"r-programming"
"1653","Blew through this course during the COVID-19 lockdown. Loved it. The interactive swirl activities are profoundly helpful. Kudos to Nick Carchedi!",5,"r-programming"
"1654","Really enjoy this course even i have done lot of programming and expert in other language but content is good and very easy to understand",5,"r-programming"
"1655","Nice introduction to R well adjusted pace and project requiring more than just applying what is explained in the video",5,"r-programming"
"1656","Good Intro to R.Basics of ggplot2 should have been covered along with base graphs or as a separate unit",5,"r-programming"
"1657","Well explained, good exercises! Happy that I had a little knowledge in R programming before though!",5,"r-programming"
"1658","This is a great course to get a hands-on-introduction to R programming and basics!",5,"r-programming"
"1659","I liked the course but would prefer if there were more exercises and assignments.",5,"r-programming"
"1660","Very good intro. The volume is very hard to hear on my most videos.",5,"r-programming"
"1661","This is a hard and practical course. I've learned a lot.",5,"r-programming"
"1662","Thank you for this course, I have learned a lot.",5,"r-programming"
"1663","Excelente curso me gustó mucho porque aprendí.",5,"r-programming"
"1664","Great course, absolutely complete and useful",5,"r-programming"
"1665","Excelent course ! It is very fun in my view",5,"r-programming"
"1666","Well presented and heaps of contents.",5,"r-programming"
"1667","Great intro to R Programming. Thanks",5,"r-programming"
"1668","Está bastante bien para iniciarse",5,"r-programming"
"1669","Very good course for beginners.",5,"r-programming"
"1670","I really enjoy this course!",5,"r-programming"
"1671","Good course for beginners",5,"r-programming"
"1672","Nice learning experience!",5,"r-programming"
"1673","Nice coverage of concepts",5,"r-programming"
"1674","Very fundamental course",5,"r-programming"
"1675","This was excellent.",5,"r-programming"
"1676","It was excelent",5,"r-programming"
"1677","Nothing against the instructor, he was really nice. But the content is extremely basic, to the extent that the whole course could be completed in one day. At least the previous courses had graded assignments, but this one was way too easy.",3,"natural-language-processing-tensorflow"
"1678","One example in case of text classification could have been theoretically worked out. For example classification using RNN/LSTM. How a word vector is passed as input to one unit of lstm? To view in on paper would make concepts more clear.",3,"natural-language-processing-tensorflow"
"1679","The course is overall good .  If you are proficient in python then it would be very easy for you.",3,"natural-language-processing-tensorflow"
"1680","good overall! but the course materials are maybe too basic...",3,"natural-language-processing-tensorflow"
"1681","Could be more detailed, lots of doubts are still there.",3,"natural-language-processing-tensorflow"
"1682","I wish there were more graded projects.",3,"natural-language-processing-tensorflow"
"1683","not enough programming exercises",3,"natural-language-processing-tensorflow"
"1684","Need more practice",3,"natural-language-processing-tensorflow"
"1685","Some of the things in the exercises are incorrect and the exercises aren't graded. Quiz for week 4 was essentially the same as the Quiz for week 3. This course didn't have enough material to be considered a full course. Most of the topics were rushed through without giving enough background, with external links for details and even practice tutorials.",1,"natural-language-processing-tensorflow"
"1686","Compared to Andrew's original M/L course, and the most recent Deeplearning specialization, this series of courses is very lightweight.  The material is very good, well organized and clear.  But it can be covered fairly quickly.  This last one, natural language processing, can be completed in an afternoon, all four weeks.  This is a bit annoying, as the courses appear so far apart, I have paid over $40 for each of these three, for what could essentially be a weekend course (all three courses combined).Nothing wrong with the material, and I often use and refer to Laurence's code examples.  I just wish there was more material in these courses.",2,"natural-language-processing-tensorflow"
"1687","Good course that gives you basic understanding of word embeddings, sequence analysis, and many other things. Thank you for Mr. Moroney and the entire Coursera team for making it available.",4,"natural-language-processing-tensorflow"
"1688","First 2 courses of this specialization were really good. This course was little less than what I expected. Maybe you can keep graded assignments like before.",4,"natural-language-processing-tensorflow"
"1689","The course was really nice and well explained. But I felt weekly programming assignments missing. That could add more value to the course.",4,"natural-language-processing-tensorflow"
"1690","Good course. Taught a lot about natural language processing. You should know how machine learning works in order to take this course.",4,"natural-language-processing-tensorflow"
"1691","Nice courses. Include embedding, RNN, LSTM, CNN ,GRU.  It's better to have seq2seq, attention and more advanced model.",4,"natural-language-processing-tensorflow"
"1692","intro level course. all projects are toy models. would like to see industry-level projects.",4,"natural-language-processing-tensorflow"
"1693","

The course is fun, and also helpful. It would be 5-star if there were graded assignments.",4,"natural-language-processing-tensorflow"
"1694","A little too superficial, but great introduction to NLP resources on tensorflow",4,"natural-language-processing-tensorflow"
"1695","Needed some graded exercises, but the rest was all on point!",4,"natural-language-processing-tensorflow"
"1696","Nice and clear",4,"natural-language-processing-tensorflow"
"1697","Too basic. It could have been done in a simple blog post",1,"natural-language-processing-tensorflow"
"1698","Quality of this course is not good compared to previous two courses. It is super percised and many things are not well-explained or explained very briefly! The second course was better structured and valueable. I was hoping that this one is as well, because I am very interested in NLP than Image Processing.",1,"natural-language-processing-tensorflow"
"1699","Nothing to say besides disappointing!",1,"natural-language-processing-tensorflow"
"1700","Very limited practice examples for learners. Also the example are very simple. The course should have been made much detailed and much real example problems. For instance, in the Week 4, topic 'Text Generation', generating a Shakespeare poem seemed to be a very silly example. The quality of Coursera Courses are becoming very poor.",2,"natural-language-processing-tensorflow"
"1701","I wish assignments were provided the same way as in the previous two courses",2,"natural-language-processing-tensorflow"
"1702","Great course for anyone interested in NLP! This course focuses on practical learning instead of overburdening students with theory. Would recommend this to every NLP beginner/enthusiast out there!!",5,"natural-language-processing-tensorflow"
"1703","The content was quite good. I felt contented after watching all the videos in the course as I wanted some hands on experience in TensorFlow. Just a small suggestion to increase the volume of the videos. I faced a tough time watching videos on the Coursera app in my mobile. Coming to content wise, an excellent course to begin your path in NLP. Looking forward for the last course in the specialization.",5,"natural-language-processing-tensorflow"
"1704","Another outstanding course by Laurence Moroney. I like the clear and concise way that Laurence teached the complex subjects and his step-by-step approach to building up the models without getting bogged down with too much jargon or theory (and math!) behind the models. The courses (& exercises) are helping me apply the concepts to very practical problems. I enjoyed this course - Thanks Laurence!",5,"natural-language-processing-tensorflow"
"1705","Another great course with Laurence. Basic processing for NLP, tokenization and word embeddings, then onto RNN and LSTM for sentiment and finally LSTMs for word prediction. Years ago did a project using LISP and a knowledge system with a similar objective to the latter. Fascinating and motivating to see how a NN does it.",5,"natural-language-processing-tensorflow"
"1706","This is a really good course for the students who has a passion towards deep learning.  Clear explanations, great presentation and easy to understand even for a beginner. Really enjoyed doing this course.  Thank you Mr.Laurence Moroney and thank you Coursera.",5,"natural-language-processing-tensorflow"
"1707","Thank you Coursera or giving this wonderful course! This course really helped me in strengthening my knowledge on Natural Language processing and better understanding of the different architectures like RNN,LSTM and applying them in real world problem",5,"natural-language-processing-tensorflow"
"1708","Thanks to the instructor for creating such an amazing and awesome course.It was an amazing journey to start from very basic to advanced stuff.This the best course for Nlp with Tensorflow.I would definitely recommend this course.",5,"natural-language-processing-tensorflow"
"1709","The specialization covers brief introduction to the concepts of Computer Vision and Natural Language Processing. It introduces to TensorFlow and gives a hands-on practical experience over the tool through simple assignments.",5,"natural-language-processing-tensorflow"
"1710","Nice way to start NLP first try to get some essence from this course and then dive deeper into mathematics. Because when you see happening things in front of your eye then you want to know more about it.Highly recommended",5,"natural-language-processing-tensorflow"
"1711","It was awesome to learn how to create texts without having the technical skills for it. Also, it is shocking knowing about the millions of applications this topic can have in the real world. Excellent Course!",5,"natural-language-processing-tensorflow"
"1712","The first time ever that I found a NLP course interesting, and short and easy to understand. Most courses use lot of jargon and make it way too hard to understand.",5,"natural-language-processing-tensorflow"
"1713","This course has been very useful for me as a beginner on NLP. Concepts are very well explained with examples and exercises. I would like to recommend this course.",5,"natural-language-processing-tensorflow"
"1714","It was so good to learn from these two teachers, it was really a wonder full experience and the way they diluted the complex topics was just mind bobling",5,"natural-language-processing-tensorflow"
"1715","This Course Is a great Example Of NLP Using Natural Language Procession And In this course start from basics of NLP to the predicting word of the poetry.",5,"natural-language-processing-tensorflow"
"1716","Great course for beginners in NLP in TF,my only complaint was in some videos the audio was so low that I had to completely rely on subtitles.",5,"natural-language-processing-tensorflow"
"1717","Very nice combination of theory on the one side and coding on the other. Everything was explained in a crystal clear fashion.",5,"natural-language-processing-tensorflow"
"1718","Course should have included with some exercises around word2vec and glove",5,"natural-language-processing-tensorflow"
"1719","5 Stars for practical knowledge on sequence based models",5,"natural-language-processing-tensorflow"
"1720","Good optional course embedding with sequence models",5,"natural-language-processing-tensorflow"
"1721","this is a great course with great contents.",5,"natural-language-processing-tensorflow"
"1722","Very good for the beginners",5,"natural-language-processing-tensorflow"
"1723","Great learning experience",5,"natural-language-processing-tensorflow"
"1724","Very interesting course",5,"natural-language-processing-tensorflow"
"1725","Going to be very useful",5,"natural-language-processing-tensorflow"
"1726","I can't understand due to audio and presentation, and it's just the first week. I expected a whole lot better.",1,"introduction-cybersecurity-cyber-attacks"
"1727","Heavy emphasis on videos and, sadly, they are not well structured. The teaching staff is made up of employees that do not master English and it makes the learning experience somewhat painful. They speak in incomplete sentences, overly using words such as ""so"", ""someone"", ""somebody"", and peppered with filler words.Also, the transcripts, which could be an alternative, are just horrible. I suggest using well-made PDFs, using the same presentation slides but with clear text explanations.",3,"introduction-cybersecurity-cyber-attacks"
"1728","Great information, the subtitles are a little off and the audio is somewhat hard to hear. I had to re-watch some of the videos in order to fully understand what was being said.But other than that, it was really good information. A good foundation into CyberSecurity. I cannot wait to learn more!",3,"introduction-cybersecurity-cyber-attacks"
"1729","Information is decent but the audio is absolutely horrible. Cannot believe that IBM allows such thing to be published under their brand.",3,"introduction-cybersecurity-cyber-attacks"
"1730","Even though it has the content for a good cyber security basics the explanation is boring.",3,"introduction-cybersecurity-cyber-attacks"
"1731","This course is quite useful but would do great if the practical part is also included.!!",3,"introduction-cybersecurity-cyber-attacks"
"1732","increase your audio quality please",3,"introduction-cybersecurity-cyber-attacks"
"1733","Poor Sound quality",1,"introduction-cybersecurity-cyber-attacks"
"1734","This course was very hastily put together. Two of the speakers were difficult to understand. One repeated himself so often that after a couple of videos I started to loose my enthusiasm. The speaker knew his material and had a nice friendly voice but he lacked specific vocabulary and consequently in a many places the ideas he was discussing got lost. Lacking essential vocabulary, he kept going back and changing words, confusing the issue. His explanations were difficult to listen to and read.. To make matters worse. In several instances, the accompanying transcripts of videos didn't match what was said,  and could have been edited to clarify what the speaker was trying to communicate, but were delivered nonetheless. I had to transcribe every video which was both tedious and frustrating. Some videos text was too fuzzy to read.  Lastly, every video began with the same static graphic of the hacker was uninteresting and boring. Overall, this course lacks development and polish.  IBM is capable of better!",2,"introduction-cybersecurity-cyber-attacks"
"1735","Content coverage is great and at just the right level of detail. Love that it is taught by IBM - top notch expertise.  However, the audio quality can be very bad, which wasn't helped by the text translations either (also bad and obviously without technical knowledge).  Overall, great course for the price and format.",4,"introduction-cybersecurity-cyber-attacks"
"1736","ofcourse, it was knowledgable and consisted of people genius in their field. however, the sound quality of these lectures were very poor and intercepted the student's ability to study for long hours",4,"introduction-cybersecurity-cyber-attacks"
"1737","Is a very good course. With valuable information about cybersecurity. Recommended for beginners to want to introduce in this are. The only thing is that some videos have a poor quality of audio.",4,"introduction-cybersecurity-cyber-attacks"
"1738","Great content. It does give a comprehensive overview of cybersecurity concepts, however, it is not a technical course (no hands-on practices) which is why I took one star off.",4,"introduction-cybersecurity-cyber-attacks"
"1739","It focuses  more on theoretical knowledge..should focus on videos with practical explanations showing how to use  tools perhaps...great lectures..",4,"introduction-cybersecurity-cyber-attacks"
"1740","everything was amazing however it would be perfect if the videos where in higher quality.thank you",4,"introduction-cybersecurity-cyber-attacks"
"1741","i have learn a lot from this course. thanku ibm and coursera for this wonderful course!!",4,"introduction-cybersecurity-cyber-attacks"
"1742","please make sure that video sound are clear and make videos length less than 8 min.",4,"introduction-cybersecurity-cyber-attacks"
"1743","its very useful to know the basics of cybersecurity and its tools",4,"introduction-cybersecurity-cyber-attacks"
"1744","Thank you for the wonderful opportunity. It's really useful.",4,"introduction-cybersecurity-cyber-attacks"
"1745","This course was really very interesting and informative.",4,"introduction-cybersecurity-cyber-attacks"
"1746","Very Basic and Easy.",4,"introduction-cybersecurity-cyber-attacks"
"1747","if aa person instruct the course and explain the content then it will be goo to understand",2,"introduction-cybersecurity-cyber-attacks"
"1748","I understand lot of things like, types of firewalls how its working,lot of cyber security tools and one of the best thing latest updates about cybersecurity threats, and there sites, where we can view reports.Iam very thankfull to my teaches who help me in this course.",5,"introduction-cybersecurity-cyber-attacks"
"1749","A very interesting and useful course to learn. The knowledge is applicable in every way as the world is becoming more digitalized everywhere.",5,"introduction-cybersecurity-cyber-attacks"
"1750","This course provided me with useful resources and tools that will help me with my current studies and for future career opportunities.",5,"introduction-cybersecurity-cyber-attacks"
"1751","very useful course , its make you more aware and understanding about cyber security domain and its current concerns . Thanks TO IBM  .",5,"introduction-cybersecurity-cyber-attacks"
"1752","Some subtitles had grammatical errors which may make some misunderstandings for those who don’t have good command of English.",5,"introduction-cybersecurity-cyber-attacks"
"1753","Very good oportunity. I was introduced in the cyber security with great professionals and IBM with all your 'know-how'",5,"introduction-cybersecurity-cyber-attacks"
"1754","Very good beginner level course...and refers to quite a few useful links/resources where you can get more information.",5,"introduction-cybersecurity-cyber-attacks"
"1755","It is very fully course to learn about cyber security.I have gained a lot knowledge through this course",5,"introduction-cybersecurity-cyber-attacks"
"1756","I enjoyed the class and learned a great deal. Looking forward to completing the 4 class program.",5,"introduction-cybersecurity-cyber-attacks"
"1757","I enjoyed a lot learning this course and also helped me to increase my knowledge.",5,"introduction-cybersecurity-cyber-attacks"
"1758","I Really enjoyed doing this course.It actually explains the concepts in depth.",5,"introduction-cybersecurity-cyber-attacks"
"1759","Nice course, suitable for IT professionals working in environment.",5,"introduction-cybersecurity-cyber-attacks"
"1760","Great course for every person who want to start cyber-security job",5,"introduction-cybersecurity-cyber-attacks"
"1761","if we ha the practical examples we can understand easily",5,"introduction-cybersecurity-cyber-attacks"
"1762","Basics of Cybersecurity have been explained excellently.",5,"introduction-cybersecurity-cyber-attacks"
"1763","BEST EVER JOURNEY WITH *CYBER ANALYST* BASIC KNOWLEDGE!",5,"introduction-cybersecurity-cyber-attacks"
"1764","Excellent course for introduction to cybersecurity .",5,"introduction-cybersecurity-cyber-attacks"
"1765","Excellent for beginners who are into this field",5,"introduction-cybersecurity-cyber-attacks"
"1766","Its Excellent Course great Source of knowledge",5,"introduction-cybersecurity-cyber-attacks"
"1767","Great course for Cyber security fundamentals.",5,"introduction-cybersecurity-cyber-attacks"
"1768","Informative and pretty straight forward",5,"introduction-cybersecurity-cyber-attacks"
"1769","Brief but great information. Thanks.",5,"introduction-cybersecurity-cyber-attacks"
"1770","Very helpful and a very good start.",5,"introduction-cybersecurity-cyber-attacks"
"1771","Basic are covered very well.",5,"introduction-cybersecurity-cyber-attacks"
"1772","Great course for beginners",5,"introduction-cybersecurity-cyber-attacks"
"1773","It was amazing",5,"introduction-cybersecurity-cyber-attacks"
"1774","I enjoyed the course, but I think the exercises could be improved a bit. Especially in the last two ones could have better explanations and examples of what's expected from the answer.",3,"python-data-analysis"
"1775","overall good introductory!!!",3,"python-data-analysis"
"1776","Excellent assignments, lectures very fast-paced and didn't cover all the material needed for assignments (which was kinda the point - you learn Python by trying it over and over again not by imitating what you saw in a lecture).",4,"python-data-analysis"
"1777","The explanation and content in teaching video is too brief for the assignment. It cannot not provide sufficient concept and knowledge for student to complete it, especially who not familiar with pandas.",4,"python-data-analysis"
"1778","Overall quite good, but the auto-graded assignment can lead to a lot of time spent less on comprehension and more nit-picky details (more than the R-based data science specialization).",4,"python-data-analysis"
"1779","Great course requiring a lot of dedication. However, got issues with the auto grader that made me loose a lot of time unfortunately. Good tips to resolve issues from discussion forums.",4,"python-data-analysis"
"1780","You must have to add key important reference in this course so that students get easily access to only those material which is really needed in this life of data science programing",4,"python-data-analysis"
"1781","Course content is good. The Assignments were great. It was comfortable in reviewing the concepts in the Jupyter notebooks provided. Overall the course seemed good to me.",4,"python-data-analysis"
"1782","Good course, if a bit fast paced, expect a great deal of searching through documentation and stackoverflow, but it is to be expected from an intermediate level course.",4,"python-data-analysis"
"1783","I dont put the biggest mark because sometimes you have spend a lot of time trying to resolver a problem with and csv file and it is something related with format....",4,"python-data-analysis"
"1784","if you are new to the field this should be in your way to excel. had a great time . pls do refer to the books suggested it is surely necessary",4,"python-data-analysis"
"1785","assignments quite challenging , way more time needed than the est. times given by coursera. happy I could finish it. on to the next course !",4,"python-data-analysis"
"1786","Very good assignments and good overview of many different topics. Videos are well made and I'd like to listen to them.",4,"python-data-analysis"
"1787","Pace of lectures is rather fast and doesn't fit to homework level (which is much harder). But overall course is OK",4,"python-data-analysis"
"1788","It is indeed a great course for those who already have some programming skills. The instructors are really good.",4,"python-data-analysis"
"1789","The course is quite complete but it lacks a bit of extra formation towards the last exercise.",4,"python-data-analysis"
"1790","The course is quite challenging on weekly assignments. I learned a lot striving to pass.",4,"python-data-analysis"
"1791","expected much more but its good",4,"python-data-analysis"
"1792","The topic explanations and videos are very simple compared to the level of difficulty of the assignments. Also, assignments are ambiguous, it takes a lot of time and forum visits to completely understand what is being asked.",2,"python-data-analysis"
"1793","I think all the assignments in this course are interesting and well designed. I learned more from doing the assignments than watching the videos. Yes, it took me a lot of time searching and reading stack overflow and other similar resources, but I did learn from them. Most of my frustration was in fact coming from their outdated Autotrader - for those who plan to do the assignments on local Jupyter Notebook, you'll run into some confusion and frustration with their Autograder as their Pandas are not as updated as your Pandas. This means that even though your code can run perfectly correct on your local, it doesn't mean it would do the same with the Autograde after you uploaded for grading. I spent tons of time, not on debugging exactly, but on figuring out why my code won't just execute after submission. I guess my advice to avoid similar frustration would be just writing assignments in the Jupyter Notebook on Coursera. As for the video lectures, I agree that they could and should be made better in terms of pedagogy. I'm sure the professor and the teaching assistance are absolutely knowledgable on the subject, but their teaching style is way too stiff. Basically they were just reading off a prepared script, which was not colloquial at all, and they rush through it. I don't think coding skills can be taught in the way of lectures as if delivering a TV speech. Honestly, lots of free youtube videos are better at online teaching than this course. This is an intermediate level course in python, but entitling it as 'Introduction to Data Science in Python' kinda devalued how much of strength people have to spend on finishing it.  But all in all, I did learn a lot from completing this course, thanks to the well-designed assignments. I would recommend this course to those who wouldn't mind spending more time doing their own thinking and research.",3,"python-data-analysis"
"1794","the course should be updated and assignment questions are unclear",3,"python-data-analysis"
"1795","This course is a high level and precise introduction to the python programming skills necessary for any data analysis exercise. It is adequately paced which is great for anyone who has some prior knowledge of python. The assignments are particularly challenging which I thoroughly enjoyed. The lectures would effectively introduce a concept and the assignment to follow would test the understanding thoroughly - a structure which in my opinion worked great!",5,"python-data-analysis"
"1796","It's been a phenomenal course. Highly recommended for new comers. Instructor teaching style was marvelous . Professionalism was there. Moreover course demand reasonable analytic and programming skills to do it properly quickly with proper understanding.  Learnt alot of new ways of data manupulation which i have not done before. Thank You Coursera Team for making it possible",5,"python-data-analysis"
"1797","This is a really good course that can help you to get the basic knowledge about the usefulness and power of Python in Data Science. I feel like the videos could have been a little not information and not so rushed. That being said, it is a wonderful course!",5,"python-data-analysis"
"1798","Great course to start python data science. I'm not software engineer but was able to finish with the great contents and forums. (it was difficult and time consuming though.)",5,"python-data-analysis"
"1799","Amazing. Highly recommended for someone who doesn't have much working knowledge of python and is looking forward to build some data science skills quickly and effectively.",5,"python-data-analysis"
"1800","very very helpful and practical BUT very difficult for people with no programming background. Still, great course with lots of practice and hands-on projects.",5,"python-data-analysis"
"1801","It was an insightful and wonderful learning experience. I learned a lot and the classes are both clear, to the point, and interesting.",5,"python-data-analysis"
"1802","The course is really good learnt a lot things while involved in solving assignments,liked the lectures of brooks immensely.",5,"python-data-analysis"
"1803","Extremelly intese and helpful, you can definutely master Pandas in a week if you practice 4-5 hours per day",5,"python-data-analysis"
"1804","Very good course, challenging and encouraging the student to learn both from the course and by himself.",5,"python-data-analysis"
"1805","This course helps me to go over some Python skills and partly improve my programming skills.",5,"python-data-analysis"
"1806","great course ! sometimes could be challenging, but totally worth the time you invest in it",5,"python-data-analysis"
"1807","Las asignaciones estuvieron un poco difíciles pero pude aprender bastante.",5,"python-data-analysis"
"1808","Я научился работать с массивом данным с инструментами Python.",5,"python-data-analysis"
"1809","One of the best courses to learn data science and python.",5,"python-data-analysis"
"1810","Absolutely stellar content and challenging assingments.",5,"python-data-analysis"
"1811","Great introduction to some basic operation of pandas.",5,"python-data-analysis"
"1812","Outstanding Course!I have learnt a lot from here",5,"python-data-analysis"
"1813","This is the best platform to learn new things.",5,"python-data-analysis"
"1814","One of the best place to start in Data Science",5,"python-data-analysis"
"1815","Awesome curse
to start with data science.",5,"python-data-analysis"
"1816","Challenging course but worth the effort!",5,"python-data-analysis"
"1817","This is a good course. Just take it.",5,"python-data-analysis"
"1818","Amazing learning experience!!",5,"python-data-analysis"
"1819","Solid introduction to pandas.",5,"python-data-analysis"
"1820","Amazing CourseThanks a lot!",5,"python-data-analysis"
"1821","love this amazing course.",5,"python-data-analysis"
"1822","it's a good one",5,"python-data-analysis"
"1823","Я пришел на этот курс в надежде на то что я хоть выучу хотя-бы основы языка Пайтон. Курс превратился в олимпиаду по математики. Первая неделя курса была интересна но потом когда начали давать кучу заданий то я понял что создатели курса наверно перепутали название. Это было не учеба Пайтон а то как решать математические задачи на логику. Потом начинаться учеба того как работает теоремы в математике.",1,"python-osnovy-programmirovaniya"
"1824","необьяснимая ошибка в первом задании. Неадекватный парсер заданий.",1,"python-osnovy-programmirovaniya"
"1825","Мне не понравилось. Статьи из гугла дают больше информации (и не пытаются навязать свое оформление кода в отличии от курса). Две трети времени уходит на борьбу с проверкой оформления, правила которого не даны в каком то отдельном документе а раскиданы по лекциям (и есть сомнения что они даны там все, я по ответам проверки больше их изучал).",1,"python-osnovy-programmirovaniya"
"1826","В целом курс неплох для начинающих, оценка думаю будет логична на уровне 3.5. Не более.У нас был в свое время подобный на паскале в университете.... Не всегда понятные требования задач(можно двусмысленно их трактовать). Есть задачи где подумать и это хорошо. Структура хорошая, с небольшими огрехами... вместо структуры использовать класс... когда объяснялись структуры упоминания о словарях не было, а это не есть структура разве? последняя неделя рассинхрон задач и лекций в середине, хотя может так и задумано. Ну я думаю можно было добавить задач на построение графического представления результата решения (хотя бы необязательно)",3,"python-osnovy-programmirovaniya"
"1827","В целом у меня хорошие впечатления о курсе. Много материала, много практики. Охват на базовом уровне довольно широкий, подача структурирована. По началу бесил тестер, проверяющий задания, он реально цепляетя к мелочам, типа отступа в 2 строки между описанием функций или между телом функции и основным скриптом. Но к этому быстро привыкаешь. Дисциплинирует.Иногда для решения задач требуются знания математики. Но всё в пределах школьной программы.Порой не всё очевидно, и материалов лекции не достаточно для решения задачи, и приходится погуглить.Единственное нарекание к материалу - это 9-я неделя ООП. Где лекция с объяснениями идёт после задачи. Выглядит это как-то странно. Кроме того, ООП (ввиду сложноститемы) следует уделить больше внимания, учитывая, что курс для начинающих.",4,"python-osnovy-programmirovaniya"
"1828","Курс безусловно интересный и полезный. Задания для меня лично, как человека впервые столкнувшегося с программированием, были трудноваты. Дополнительные трудности создавали не вполне корректные формулировки самих заданий (не прописанные источники ввода, отсутствие ссылок на чувствительные требования к оформлению и т.п), справиться с которыми иногда помогал только форум; не всегда логичная подача материала в лекциях;  тесты, условия которых скрыты; сломанный порядок лекция/задание (материл к заданию объясняется в лекции расположенной после задания - как догадаться?). Но, в целом, большая благодарность создателям курса! Благодаря курсу я создал определенный базис для решения своих сугубо практических задач в области финансовых рынков. Спасибо!",4,"python-osnovy-programmirovaniya"
"1829","Курс хороший и полезный. В последних двух неделях были сложности, в основном из-за недостаточно полного описания требований к заданию (особенно в функциональном программировании).Курсу, на мой взгляд, не хватает более реалистичных примеров и реализации кода питона на объектах имеющих отношения к реальному миру, алгоритмы ради алгоритмов и бесполезны, и запоминаются хуже.Курсом, в целом, доволен, считаю его успешным.",4,"python-osnovy-programmirovaniya"
"1830","Курс не плох, но не более. Оценка 4. Почему 4 - не всегда связная подача материала (некоторым темы пропускаются, некоторые не указаны к рассмотрению), минимальная поддержка по задачам со стороны создателей теста. Новичку будет довольно сложно на последних неделях понять почему не принимаются задачи и что пошло не так, т.к. информативных ошибок в большинстве тестов нет.",4,"python-osnovy-programmirovaniya"
"1831","Доброго времени суток. Очень нравится лектор, хорошо объясняет на не сложных но и в тоже время на нетривиальных примерах, но иногда расстраивало огромное количество задач которые лишь отнимали время, некоторые из них были полезны, но некоторые прям загоняли в скуку.В любом случае спасибо вам и вашей команде.Удачи!",4,"python-osnovy-programmirovaniya"
"1832","Начиная с третьей недели задания очень сильно усложняются, если честно. Хотелось бы поменьше заданий на 3-5 неделе и побольше объяснений, тогда есть хоть какие-то шансы понять, что дальше",4,"python-osnovy-programmirovaniya"
"1833","Дают недостаточно информации для решения некоторых задач. Подойдёт для людей, которые хотят закрепить свои навыки в питоне. Задачи подобраны хорошо. Спасибо за курс!",4,"python-osnovy-programmirovaniya"
"1834","В качестве ознакомления с языком приятный курс. Мне кажется, теории могло быть чуть больше, иногда даже на решение задач её не хватает, приходится гуглить.",4,"python-osnovy-programmirovaniya"
"1835","Интересно и увлекательно, но много информации пришлось гуглить чтобы понять сами методики операций. Такие как решето Эрастофена например.",4,"python-osnovy-programmirovaniya"
"1836","Спасибо за курс. Было очень полезно. Задачи подобраны так, чтобы освоить специфику этого языка.",4,"python-osnovy-programmirovaniya"
"1837","Очень хороший курс. С его помощью получилось освоить основы программирования на языке Python.",4,"python-osnovy-programmirovaniya"
"1838","Некоторые задачи высосаны из пальца, где создается искусственаная, ненужная сложность задания",4,"python-osnovy-programmirovaniya"
"1839","Все отлично, кроме некоторых заданий, которые надо бы доработать.",4,"python-osnovy-programmirovaniya"
"1840","Мне действительно неловко ставить такую низкую оценку, однако, она отражает мои впечатления по его завершению. Как можно догадаться, основной повод для недовольства - последние две недели (предпоследняя - в меньшей степени, последняя - в значительной). Чтобы выполнить задания последней недели, надо несколько месяцев посвятить только изучению ООП, встроенного же материала не хватает даже на то, чтобы понять где и как искать информацию для решения задач. Если почитать обсуждения задач последней недели, то становится очевидно, что я не одинок в своих оценках. Первые же 7 недель курса мне в целом понравились - много разнообразных заданий, понятные лекции, разжевано в меру. Задумка неплохая, сделано много, однако (на мой вкус) курс требует серьезных доработок, в текущем виде я бы не мог его рекомендовать кому-либо.P.S.:На мой вопрос в обсуждениях мне так никто и не ответил.",2,"python-osnovy-programmirovaniya"
"1841","Для нулевого уровня знаний курс подойдёт, но только не 9 неделя. Тема ООП не раскрыта от слова совсем.Чтобы решить 3 практические задачи, необходимо изучить теорию на сторонних ресурсах, либо внимательно прочитать все ветки форума и из них сложить решение.Платить за этот курс точно не стоит, а как бесплатный курс для понимания нравится вам python или нет рекомендую.",3,"python-osnovy-programmirovaniya"
"1842","Начало курса просто прекрасное - понятные объяснения, хорошие задачи основные и отличные тренировочные, которые заставляют подумать. А вот две последние недели дают повод предположить что их делали как попало, ""на коленке"", лишь бы что-то сделать. Материал сумбурный, невнятный, примеров мало, тонкости не объясняются.Тем не менее курс хороший, но хотелось бы увидеть его доработанную версию, а то и продолжение уже с учетом исправленных ошибок.",3,"python-osnovy-programmirovaniya"
"1843","За материал - 5, за тестовые задания - 2. Никто не отвечает на вопросы по заданиям уже более 4 месяцев. Некоторые тесты фейлятся по причинам, которые никто теперь не объяснит. При этом локально тесты с теми же самыми входными данными проходят успешно. В общем, сейчас этот курс работает по принципу ""вот вам материал, тестовые задания и отъе***есь от нас"". При таком отношении никакого желания выполнять тестовые задания нет, хотя сначала было интересно.",3,"python-osnovy-programmirovaniya"
"1844","Курс очень хорош, но последние недели сделаны ужасно, все скомкано и не понятно, и приходиться все учить и искать материал самостоятельно",3,"python-osnovy-programmirovaniya"
"1845","Курс не для новичков в программировании. Требует хороших знаний математики. Тестировочная система выбешивает! Преподаватель говорил, что подобный вывод сообщений об ошибке соответствует полному непрофессионализму авторов! Сами авторы в своей некомпетентности расписались. Кто не располагает большим объемом времени и нервов не советую. После половины курса решал только обязательные задачи. Желания купить курс не появилось.  Как курс для ознакомления с Питоном, чтобы решить становиться программистом или нет, очень подходит.",3,"python-osnovy-programmirovaniya"
"1846","Самое то для знакомства и понимания основ устройства языка. Мне как маркетологу зашло, местами было немного сложно из-за отсутствия технического бэкграунда - но это решаемо. Удачи!",5,"python-osnovy-programmirovaniya"
"1847","Курс хороший, материалы, объяснения достаточно полные. Очень много практических задач. Конечно хотелось бы увидеть варианты решения задач в версии авторов курса.Ошибки возникающие при решениях не всегда были очевидными, автоответ зачастую не давал особой информации, приходилось тратить прилично времени для понимания причин, хорошо, что был форум для участников курса, где были ответы на возникающие вопросы.",5,"python-osnovy-programmirovaniya"
"1848","Из всех курсов по Python для начинающих, с которыми довелось ознакомиться, этот, безусловно, самый качественный. Лектор излагает информацию доступно, дополнительные текстовые материалы очень удобны для закрепления пройденного. Команда курса оперативно отвечает на вопросы, и, поскольку это уже не первая сессия, многие ответы можно найти на форумах недели.Можно убрать разделы, посвященные рекурсии, функциональному программированию и ООП, и курс ничего не потеряет, т.к. эти темы раскрыты крайне поверхностно и непонятны для новичка.Хотелось бы уделить больше внимания синтаксису языка и логике выполнения программ, а не конкретным алгоритмам - многие элементарные вещи для начинающего являются проблемой, а по алгоритмам существуют отдельные курсы, которые можно проходить после изучения основ языка.Спасибо авторам и всей команде за интересный курс!",5,"python-osnovy-programmirovaniya"
"1849","Очень понравились понятные и четкие объяснения преподавателя в лекциях и обилие тестовых задач. Не понравилась логика тестов в задачах на поздних этапах обучения. В простых задачах ""в 3 строки"" просто определить проблемное место, из-за которого не проходится тест. А более сложных многомерных задачах ошибка вида Runtime error серьезно тормозит процесс обучения из-за необходимости гадать, в чем же вообще ошибка. Было бы гораздо удобнее разбираться с ошибками, если бы был известен тип теста.Тем не менее, общее впечатление сугубо положительное, и полученные знания кажутся полными и без провалов. Огромное спасибо команде создателей.",5,"python-osnovy-programmirovaniya"
"1850","Понравился курс, очень рад, что система тестирования заданий сделана открытой для всех, а не только оплативших. Есть ряд заданий, думаю авторы и сами о них знают, где, как мне кажется, time limit сделан чересчур низким, и не принимает вполне разумные и возможно не оптимальные, но правильные решения. С учетом того что курс для начинающих, а инструментами позволяющими оценить оптимальность того или иного алгоритма начинающие ещё не владеют, считаю, что тесты на время исполнения некорректны, кроме случаев где явно указано каким алгоритмом, или контейнером пользоваться, и time limit тест проверяет именно это.",5,"python-osnovy-programmirovaniya"
"1851","Достаточно понятные лекции с небольшой недосказанностью для самостоятельного обучения. Много тестов буквально вбивают основы в память. Много тренировочных заданий, не обязательных для выполнения, но часто добавляющие мелкую монету в копилку знаний. В целом, достаточно отзывчивые сотрудники курса. Из недостатков можно отметить только не всегда прозрачные тесты. Резюмируя, отличный курс для начинающих.",5,"python-osnovy-programmirovaniya"
"1852","В целом довольно понятное изложение, несколько напрягают отсылки в решениях задач к методам, которые не рассматривались явно на самом курсе, поэтому Гугл и форум в помощь. База же языка доведена более чем подробно, за что огромное спасибо.И... последнее видео курса заканчивается словами ""подробнее об этом мы поговорим в следующем видео"", которого нет... Видимо, где-то есть вторая часть курса :)",5,"python-osnovy-programmirovaniya"
"1853","Понятные, не очень загруженные в плохом смысле лекции. В них изложен самый необходимый материал. Интересные задания. Однако по многим зданиям непонятна система оценивания. И вы можете биться с одним заданием текущей недели столько же времени, что и со всеми остальными вместе взятыми. Именно из-за того, что не знаете, какая именно у вас ошибка. Форум очень сильно помогает в этом вопросе.",5,"python-osnovy-programmirovaniya"
"1854","Отличный курс! Единственное, последняя неделя недокомлектована обучающими материалами, при том, что ООП это самая сложная тема и в построении классов очень много нюансов. Программисту жизненно важно уметь гуглить, но мне кажется, закладывать такую необходимость в курс по Основам программирования не совсем логично. Тем не менее, огромное спасибо за этот курс!",5,"python-osnovy-programmirovaniya"
"1855","Классный курс. Пройдя курс я получил: основы работы с языком, набор задач, решая которые я закрепил полученные знания, курс хорошо структурирован, под конец задачи логично перетикают из одной в другю. Данная база знаний мне дала возможность углубиться в изучения языка уже самостоятельно. Это мне и было нужно. Спасибо.",5,"python-osnovy-programmirovaniya"
"1856","Курс интересный и прокачивающий умения, но есть некоторые нюансы, например, в первых неделях больше математики, чем программирования. Также выпадения одного текста на все ошибки вгоняют меня в депрессию. Но лекции на отличном уровне, как и помощь в обсуждениях. Тысяча благодарностей за курс.",5,"python-osnovy-programmirovaniya"
"1857","Курс сам по себе неплохой. Имея средние знания в с++ смог дойти до 5 недели за полторы реальных. Далее пошла какая-то муть. Очень много людей возмущается сложностью заданий, может это и хорошо. Для первичного ознакомления с питоном курс рекомендую!",5,"python-osnovy-programmirovaniya"
"1858","Очень хороший, подробный курс. Понравился стиль подачи материала, подробное изложение теории и большое количество практических задач. Теория по 8-й и 9-й неделям изложена слишком сжата. Пришлось добирать информацию в других источниках.",5,"python-osnovy-programmirovaniya"
"1859","Отличный курс для начала понимания программирования, работы алгоритмов, синтаксиса питона, в некоторых задачах были не совсем однозначные условия, что затрудняло прохождение. В целом - здорово, но не очень просто",5,"python-osnovy-programmirovaniya"
"1860","Спасибо за курс. Всем, кто хочет сделать первые шаги в программировании, рекомендую. Не скажу, что курс простой, но самостоятельно с помощью предоставленных в курсе материалов разобраться можно",5,"python-osnovy-programmirovaniya"
"1861","Классно, что есть много практических задач - сложных и не очень, разбираясь в которых, читая форум и интернеты, потихоньку въезжаешь в курс дела. Ставлю класс.",5,"python-osnovy-programmirovaniya"
"1862","Отличный курс! Огромное спасибо!Очень понравилось, как его ведёт автор.Хочется ещё таких же курсов от Михаила Густокашина.",5,"python-osnovy-programmirovaniya"
"1863","Отличный преподаватель. Много задач и примеров. Практически с нуля освоил язык. Спасибо!",5,"python-osnovy-programmirovaniya"
"1864","Курс очень понравился, превосходный преподаватель. Немного завидую студентам ВШЭ :)",5,"python-osnovy-programmirovaniya"
"1865","Очень крутой курс! Спасибо огромное! Задачи лёгкие 12 летнему ребёнку норм!",5,"python-osnovy-programmirovaniya"
"1866","Очень полезный и интересный курс. Доведено до моей головы очень доходчиво.",5,"python-osnovy-programmirovaniya"
"1867","Отличное начало для погружения в программирование в целом",5,"python-osnovy-programmirovaniya"
"1868","Прекрасное объяснение материала, доступно для понимания.",5,"python-osnovy-programmirovaniya"
"1869","Лучшее из того, что можно взять для новичка!",5,"python-osnovy-programmirovaniya"
"1870","Как вводный курс достаточно хороший",5,"python-osnovy-programmirovaniya"
"1871","Супер полезен для начинающих",5,"python-osnovy-programmirovaniya"
"1872","Muy muy per muy básico, recomendaría a los propietarios del curso hacerlo un poco más genérico en el aspecto de no utilizar un IDE, si no un editor de texto plano. No quedé satisfecho con nigún vídeo :( una disculpa.",1,"aprendiendo-programar-python"
"1873","En mi opinión el curso es básico en la parte teórica, los vídeos en general se entienden bastante bien. Lo complicado del curso son los cuestionarios prácticos que son difíciles de responder con los conocimientos impartidos en las clases, el alumno debe recurrir a material complementario en la red para poder solucionarlos.",3,"aprendiendo-programar-python"
"1874","Me parece que los videos son muy buenos resúmenes para introducirse en el mundo de la programación. Sin embargo, creo que faltan muchísimos ejercicios prácticos, hay un gran salto entre la teoría y la práctica que se hace muy difícil para alguien sin muchos conocimientos matemáticos.",3,"aprendiendo-programar-python"
"1875","Hubiera ayudado un poco de teoría adicional para poder hacer los ejercicios con diferentes métodos y dejar a la creatividad de los estudiantes hacerse cargo de los problemas.",3,"aprendiendo-programar-python"
"1876","Es un curso que requiere conocimientos intermedios, ademas de esto los ejercicios no van a acorde al nivel de los videos mostrados en el curso.",3,"aprendiendo-programar-python"
"1877","Fallas en varios ejercicios y adicional a ello los instructores por lo que se puede leer en los foros no atienden las respectivas inquietudes.",3,"aprendiendo-programar-python"
"1878","El curso es una porquería. Primero que nada, en los exámenes evalúan cosas que no explicaron antes y que nunca explican. Y tampoco instan a buscar en foros ni lo dicen en ningún momento. Segundo, los profesores están desaparecidos, por lo que se avanza en el curso gracias a la buena voluntad del resto de los y las alumnas. Además, tiene errores de ortografía y de caligrafía, y las preguntas de los exámenes son ambiguas. No consuman su tiempo en este curso. Busquen cursos de más calidad. Lamentablemente, todavía no los hay en español...",1,"aprendiendo-programar-python"
"1879","Fácil de entender y bien explicados los temas. Los ejercicios fueron buenos en cuanto a exigencia. Solo hubiera preferido que enseñaran funciones antes de poner ejercicios que las involucren, ya que en las primeras semanas es difícil resolver los ejercicios que los tienen al no haber visto nunca este tema.",4,"aprendiendo-programar-python"
"1880","El curso te introduce a los conocimientos de Python y el programa esta bien elaborado, sin embargo los ejercicios poseen un grado de dificultad superior a los conocimientos enseñados en los videos por lo cual hay que realizar investigaciones en otras plataformas. Recomiendo realizar este curso.",4,"aprendiendo-programar-python"
"1881","El contenido es muy bueno. Los videos son claros. Hay algunos errores en los enunciados prácticos, que confunden en la resolución. Creo que se requieren conocimientos previos sobre programación (en otro lenguaje) para poder resolver los ejercicios prácticos en tiempo y forma.",4,"aprendiendo-programar-python"
"1882","Los videos del curso, no están alineados con las tareas asignadas en la práctica, son nivel intermedio - alto, respecto a lo que se enseña en los datos del curso. Se recomienda modificar estas evaluaciones para que estén más acorde con un curso de introducción",4,"aprendiendo-programar-python"
"1883","Me parece une excelente curso, sin embargo para lo que estan iniciando en la programacion, y especificamente en python, las pruebas de los modulos mas avanzados se hacen bastante complicados, sin embargo fomenta la investigacion adicional.",4,"aprendiendo-programar-python"
"1884","El curso es una excelente introducción a Python para quienes no conocemos el lenguaje. Algunas preguntas de los cuestionarios son un poco capciosas, pero en general te lleva de menos a mas y puedes notar tu avance",4,"aprendiendo-programar-python"
"1885","No esta mal , el problema principal son los ejercicios , algunos estan mal explicados , tendrian que dar mas ejemplos , pero fuera de eso parece un buen curso , al menos para lo basico",4,"aprendiendo-programar-python"
"1886","Falta más apoyo de parte de  los profesores en las respuestas a las dudas o errores que se presentan en la redacción o respuestas de  los cuestionarios.",4,"aprendiendo-programar-python"
"1887","Muy buen curso para adentrarse en la programación en un excelente lenguaje de programación como lo es Python.",4,"aprendiendo-programar-python"
"1888","La unica critica, es que luego de este estaria bueno uno mas avanzado...",4,"aprendiendo-programar-python"
"1889","Te da mucha informacion pero exige mucho para un principiante",4,"aprendiendo-programar-python"
"1890","Ben contenido, bien explicado y buena metodología",4,"aprendiendo-programar-python"
"1891","Muy bueno e interactivo.",4,"aprendiendo-programar-python"
"1892","Profesores muy buenos!",4,"aprendiendo-programar-python"
"1893","Demasiados cuestionarios y poca enseñanza. Se omiten muchas funciones útiles y las preguntas en los cuestionarios no son claras, utilizando términos no revisados en el curso",2,"aprendiendo-programar-python"
"1894","Bueno, por dónde empezar... la verdad en la introducción del curso me pareció interesante el tema de cómo aplicar la programación en la vida cotidiana. Sin embargo, hasta la segunda semana funcionó bien el curso, porque me di cuenta con el paso a la siguiente semana (3) que lo pedido en los cuestionarios correspondían al material de los videos de la semana 4, entonces: ¿cómo es posible evaluar algo que los instructores aún no han mostrado? entiendo que un@ debería (porque no es una obligación) avanzar más por su cuenta o bajo la propia responsabilidad, pero no es algo correcto (en lo personal) que decidan planificar en el curso la pregunta que les plantee anteriormente. Si bien, hubo personas que invirtieron su dinero (el cual no es menor ya que el pago del curso es en usd y puede variar mucho) en su momento y además pagaron por lo que se les está cobrando para obtener el certificado, ya que manifestaron en los foros su opinión. Lo cual en lo personal considero que es un abuso.Para finalizar considero que los instructores leyeron todo lo que tenían que decir del panel (se ve reflejado en los videos ya que hay largos segundos de silencio) y no opinaron o tuvieron libertad de explicar desde lo personal lo que es lo que se quiere explicar.",2,"aprendiendo-programar-python"
"1895","Es un curso muy completo, pero aclaro que tienes que tener conocimientos previos para empezar a programar, hay cosas muy complejas en este curso que muchos no podrán resolver con excelencia.",5,"aprendiendo-programar-python"
"1896","Excelente curso para comenzar el mundo de la programación y especialmente como lo es el lenguaje python. Debido la amplia utilización de este lenguaje para diferentes aplicaciones",5,"aprendiendo-programar-python"
"1897","Es un excelente curso, porque no solo es útil para el aprendizaje en python, sino que también sirve para profundizar en el pensamiento analítico y entender la programación. A mí, por ejemplo, me ayudó a afianzar conocimiento que pongo en práctica en el lenguaje de programación en R.Los profesores son estupendos y el método de enseñanza (objetivo, cuerpo y conclusiones) es el más indicado. Por tanto, cada lección es una mina oro y vale la pena.Desafortunadamente no pude pagar el curso, así que me quedé sin certificado, pero como dicen, lo importante es lo que se queda en la cabeza.",5,"aprendiendo-programar-python"
"1898","Soy profesor de programación en una Universidad, y este me ha parecido un muy buen curso introductorio. Me encanto el primer vídeo. El proyecto de la Red Social es genial para ir aplicando cada tema y al final obtener un proyecto funcional. Lo recomiendo ampliamente.",5,"aprendiendo-programar-python"
"1899","En transcurso del curso, considere que algunos ejercicios eran excesivamente complejos para el nivel que explican las materias, pro luego considere que si no tenia cierta dificultad, uno no le dedicaría tiempo a estudiar en profundidad la materia.",5,"aprendiendo-programar-python"
"1900","Buen curso introductorio. Una revisión base de diferentes elementos, desde aspectos muy básicos, al rabajo con funciones, archivos, y manejo inicial de datos.",5,"aprendiendo-programar-python"
"1901","¡Excelente!El contenido es de primera.Felicidades a todos, por el trabajo mostrado en el desarrollo d este curso. Especial reconocimiento a los docentes.",5,"aprendiendo-programar-python"
"1902","Me ayudo bastante para mi formación como profesional y estudiante de una escuela profesional de ciencias. Gracias por todo.",5,"aprendiendo-programar-python"
"1903","Excelente Curso, se agradece la generacion de los videos y los test que realmente permiten poner en practica lo aprendido.",5,"aprendiendo-programar-python"
"1904","El curso es bueno, necesitas repasar bastante las actividades que se realizan son desafiantes. Recomendado 100 %",5,"aprendiendo-programar-python"
"1905","Muy bueno y efectivo el curso, deberían continuar con una segunda parte. Felicitaciones y Muchas Gracias",5,"aprendiendo-programar-python"
"1906","clases muy puntuales y si se aprende muy bien el lenguaje python.  Gracias por todo",5,"aprendiendo-programar-python"
"1907","Un curso muy interactivo, extrovertido, interesante, sobre todo bien explicado.",5,"aprendiendo-programar-python"
"1908","Nice course, lectures are easy to follow and the quizzes are engaging.",5,"aprendiendo-programar-python"
"1909","Excelente curso, muy bien esplicado y buenos videos turoriales",5,"aprendiendo-programar-python"
"1910","Gracias por permitirme realizar este curso, es excelente !!!",5,"aprendiendo-programar-python"
"1911","Es muy buen curso, para iniciar a programar con Python",5,"aprendiendo-programar-python"
"1912","Cumplio con el objetivo de iniciarme en el lenguaje",5,"aprendiendo-programar-python"
"1913","Muy bueno para ser un curso introductorio a Python",5,"aprendiendo-programar-python"
"1914","Me encanto el curso fueron muy especificos.",5,"aprendiendo-programar-python"
"1915","muy buencurso facil de entender y muy util",5,"aprendiendo-programar-python"
"1916","Me encantó el curso, lo recomiendo.",5,"aprendiendo-programar-python"
"1917","Explica muy bien la docente!",5,"aprendiendo-programar-python"
"1918","Muy Bueno!!! Recomendado!!!",5,"aprendiendo-programar-python"
"1919","buen curso para empezar.",5,"aprendiendo-programar-python"
