,course_id2,description,rating
0,accounting-data-analytics-python,"
### Strengths in Teaching Strategies

Based on the student comments provided, the following strengths have been identified regarding the instructor's teaching strategies and course design.

#### 1. Solid Video Explanations
*   **Description:** Students positively evaluated the instructional videos, indicating that the video-based explanations were reliable and clear, serving as a stable foundation for the course material.
*   **Implementation Details:** The instructor utilizes video explanations to deliver content. Students specifically noted that the ""video explanations were solid,"" suggesting the production quality, clarity, or pedagogical approach within the videos was effective and appreciated by learners.

#### 2. High-Quality Course Content
*   **Description:** The core subject matter and curriculum materials were perceived as strong and substantive by students, providing a good basis for learning.
*   **Implementation Details:** The course includes ""good content"" that students found valuable. The material is sufficient in scope and quality to support the learning objectives, as evidenced by the explicit comment that the ""Course had good content.""

#### 3. Strong Alignment Between Assessments and Content
*   **Description:** Students identified a clear and supportive connection between the course material and the assessment methods, specifically quizzes, reducing ambiguity in what is expected for evaluation.
*   **Implementation Details:** The instructor has ensured that quizzes are directly derived from and reinforced by the instructional materials. Students noted that ""Quiz content was well-supported within course content,"" indicating that learners could successfully prepare for quizzes using the provided resources without needing external validation.

#### 4. Effectiveness and Accessibility for Beginner Learners
*   **Description:** The course is highly effective for its target audience of beginners, successfully making Python programming accessible and easy to learn, resulting in high student satisfaction.
*   **Implementation Details:** The instructional design is tailored to support novice learners effectively.
    *   Students described the course as a ""Great program for beginners"" and a ""Great beginner's course.""
    *   The approach is characterized as ""basic and easy to learn,"" which students view positively, leading to outcomes where students are ""very happy to completed this course.""
    *   The overall sentiment reflects a ""Really Nice course"" that successfully meets the needs of those starting out in Python programming.",3.2857142857142856
1,analytics-excel,"
Based on the student comments and the classified practices, the following strengths in teaching strategies have been identified. These strengths focus on the effective aspects of the course design, content delivery, and learning outcomes as reported by students.

### **1. Application of Statistical Concepts in Business and Excel Context**
*   **Description:** The course successfully bridges theoretical statistical concepts with practical, professional applications. Students value the connection between mathematical principles and their utility in business environments, as well as the hands-on mastery of Excel as a tool for data analysis.
*   **Implementation Details:**
    *   The curriculum emphasizes the ""applicability and the usefulness"" of statistical concepts in business contexts.
    *   Students gain ""hands-on experience with excel"" and report that the course provides ""excellent training in helping me to master excel.""
    *   The course offers ""very useful applications"" and provides ""valuable insights on data analysis using Excel.""
    *   Instruction includes learning ""topics like model testing"" (""teste de modelos"") in addition to basic management of the tool.
    *   The course is viewed as a ""great statistic refresher"" combined with practical tool usage.

### **2. Cultivation of Data Analyst Mindset and Independent Thinking**
*   **Description:** Beyond technical skills, the course fosters the analytical thinking patterns and independent problem-solving approach required of data analysts. It encourages students to develop autonomy in their learning process.
*   **Implementation Details:**
    *   Students report that the course ""enabled me to think the way a data analyst need to think.""
    *   The course design promotes ""independent growth"" and encourages students to ""get to know the topics by own research.""
    *   The content ""sheds a light on data analyst job,"" providing insight into the scientific background and role expectations of data science.
    *   Students appreciate the course for pushing them to engage deeply with the material and develop a professional perspective.

### **3. Project-Based Learning with Real-World Integration**
*   **Description:** The course utilizes a project-based approach that allows students to synthesize their learning by applying concepts to comprehensive assignments. This strategy is highly valued for its relevance and ability to consolidate knowledge through real-world cases.
*   **Implementation Details:**
    *   The course culminates in a ""Final Project"" where students are ""able to apply the concept learned.""
    *   Students highlight that the Final Project ""makes it all worth it,"" indicating high perceived value in the capstone experience.
    *   Assignments involve applying mathematical methods to ""real case[s],"" grounding the theory in practical scenarios.
    *   The structure encourages the application of math methods to real-world situations, reinforcing the relevance of the coursework.

### **4. Construction of Predictive Models for Decision Support**
*   **Description:** The curriculum includes specific instruction on building statistical models that have direct utility in decision-making processes. Students appreciate learning how to construct models that solve actual problems.
*   **Implementation Details:**
    *   Students learn how to ""build an effective binary classification model"" to support decision-making processes.
    *   The course materials support this modeling work by providing detailed resources that assist in understanding the calculations and logic.
    *   The instruction covers the fundamentals and practical applications of modeling, including model testing.

### **5. Intellectual Rigor and Rewarding Challenge**
*   **Description:** For students with appropriate prerequisites, the course offers a rigorous learning environment that challenges them to deepen their understanding. This rigor is viewed positively as a mechanism for growth and mastery.
*   **Implementation Details:**
    *   The course is described as ""challenging and therefore worth doing.""
    *   It is noted as a course that ""rewards conscientious effort,"" suggesting that the assessment and content design recognize and validate hard work.
    *   The course ""does a great job pushing you to learn more"" about analyzing data in Excel.
    *   Students with prior background (e.g., university statistics) find the course effectively builds upon and contextualizes their existing knowledge.

### **6. High-Quality Instructional Materials and Tutorials**
*   **Description:** Specific elements of the course resources, particularly the Excel files and video instruction, are praised for their excellence, detail, and effectiveness in supporting learning.
*   **Implementation Details:**
    *   Students describe the ""materials provided"" and ""video tutorials"" as ""excellent.""
    *   The Excel files used in the course are characterized as ""very detailed,"" which greatly assists students in understanding what the lecturer talks about and how to perform calculations in Excel.
    *   The professor's delivery is noted as excellent, with the video tutorials contributing to a positive learning experience.
    *   The course is regarded as having ""excellent"" fundamentals and ""very useful applications.""

### **7. High Student Engagement and Overall Satisfaction**
*   **Description:** A significant portion of the student body reports high levels of engagement, enjoyment, and satisfaction with the course. The overall learning experience is perceived as valuable and positive.
*   **Implementation Details:**
    *   Students use strong positive affect language, stating they ""Loved it,"" found the course ""very enjoyable,"" and consider it ""excellent.""
    *   Students report that they ""got a lot out of this course"" and ""enjoyed it along the way.""
    *   The course is described as ""good for all"" and provides an ""excellent training.""
    *   Students express gratitude and satisfaction, noting the course provided ""valuable insights"" and was ""exactly what I was looking for.""",3.6382978723404253
2,antibiotic-stewardship,"
### Strengths in Teaching Strategies

Based on the student evaluation data, the following strengths have been identified regarding the teaching strategies, content quality, and instructional design. The analysis focuses exclusively on positive feedback, detailing the specific implementation of these strengths as reported by learners.

#### 1. High-Quality, Current, and Factual Content
**Description:** Students consistently commend the course for its exceptional information quality, accuracy, and relevance to current standards in the field. The content is perceived as authoritative and up-to-date, providing learners with reliable knowledge.

**Implementation Details:**
*   **Currency and Updates:** The course provides ""updated, compiled information"" and offers ""fresh reviews on multiple infectious disease topics and treatments.""
*   **Factual Accuracy:** Learners describe the material as ""factual,"" ""very important information,"" and the ""most informative courses"" they have encountered.
*   **Standardization:** The course incorporates established standards, such as ""WHO wording,"" ensuring alignment with global health terminology.

#### 2. Strong Practical Application and Professional Utility
**Description:** A major strength is the course's ability to bridge theory and practice. Students report that the content is directly applicable to their professional roles, enhancing clinical decision-making, career advancement, and the implementation of stewardship programs.

**Implementation Details:**
*   **Clinical Decision-Making:** The course facilitates better diagnosis and treatment planning, helping learners gain a ""better view at treating some of those common ID states"" and assisting in the ""selection of [the] right drug.""
*   **Rational Use and Administration:** Instruction emphasizes the ""rational uses"" of antimicrobials and teaches ""effective way[s] of antibiotics administration.""
*   **Measurement and Evaluation:** Students learned specific quantitative methods to evaluate program success, including ""methods measuring the efficacy of the program,"" such as ""comparing the observed trend in antimicrobial use after the intervention, to the projected trend in utilization if the intervention had not occurred.""
*   **Implementation Strategy:** The course teaches strategic planning, including how to ""determine the priorities to first implement"" stewardship interventions.
*   **Career Impact:** Learners explicitly state the course ""helped me a lot to advance my professional career"" and is ""extremely useful for ASPs"" (Antimicrobial Stewardship Programs).
*   **Target Audience Alignment:** The content is tailored for specific professionals, described as ""clinically well explained"" and highly recommended for ""clinicians and clinical pharmacists.""

#### 3. Comprehensiveness and Multidimensional Perspectives
**Description:** The course is praised for its thoroughness, covering the topic from foundational concepts to advanced applications across various healthcare settings. It avoids a narrow focus by presenting multiple viewpoints.

**Implementation Details:**
*   **Breadth of Coverage:** Students describe the course as ""comprehensive and thorough"" and note that it ""contains all material regarding drug problems.""
*   **Scope of Settings:** The material covers basics of antibiotic stewardship programs ""not only implemented in hospitals but also in other healthcare settings.""
*   **Multiple Perspectives:** The instruction ""offered many different perspectives on antibiotic stewardship,"" enriching the learner's understanding of the subject.

#### 4. Introduction of Advanced Systems and Technologies
**Description:** The course exposes students to cutting-edge tools and systems relevant to modern healthcare, expanding their technical knowledge base even if these tools are not currently available in their local contexts.

**Implementation Details:**
*   **Technology Exposure:** Students were introduced to ""electronic health systems,"" ""clinical design support systems,"" and ""outpatient parenteral therapy.""
*   **Global Relevance:** Learners expressed high interest in these systems, noting they are ""extremely interest[ing]"" because they represent advancements not yet present in some regions, indicating the course successfully broadens the technological horizon of the students.

#### 5. Effective Course Structure and Organization
**Description:** Despite the density of information, students recognize the logical flow and impressive assembly of the course materials. The structure is viewed as rigorous yet well-managed.

**Implementation Details:**
*   **Cohesive Design:** The course is described as ""impressively put together.""
*   **Appropriate Rigor:** Students appreciate the challenge level, noting it is ""demanding, but essential,"" which suggests the difficulty is perceived as purposeful rather than arbitrary.

#### 6. Instructor Expertise and Institutional Credibility
**Description:** The instructors and the hosting institution are held in high regard, contributing significantly to the perceived quality and trustworthiness of the learning experience.

**Implementation Details:**
*   **Instructor Quality:** Students explicitly praise the teaching team, stating, ""The information and instructors: wonderful,"" and expressing gratitude to ""all doctor's in Corsera.""
*   **Institutional Brand:** The association with the ""Stanford University School of Medicine"" is highlighted as a source of ""good quality"" and professional value.

#### 7. Student Engagement and Motivational Impact
**Description:** The course successfully stimulates learner interest and inspires a sense of urgency and passion regarding antimicrobial stewardship.

**Implementation Details:**
*   **Call to Action:** The content moves beyond information delivery to inspire change, described as ""A real call to action to solve the emerging public health threat that is the rise of multidrug resistant organisms.""
*   **Engagement:** Students find the course ""engaging"" and report it generates ""passion to optimization of antimicrobials' use.""
*   **Interest and Value:** Learners describe the topic as ""very interesting"" and the course as an ""amazing opportunity"" that helps them ""improve my knowledge.""",4.0
3,aprendiendo-programar-python,"
Based on the student comments and the provided classification, the following strengths have been identified in the teaching strategies. The descriptions focus exclusively on positive practices, highlights, and the instructor's specific implementation details.

### **Strengths in Teaching Strategies**

**1. Project-Based Learning**
*   **Description:** The course employs a project-based approach that allows students to synthesize course concepts and build a tangible outcome.
*   **Implementation Details:** The instructor has designed a capstone project centered on the development of a **""Social Network.""** This project serves as an integrative tool where students apply each topic learned progressively throughout the course, culminating in a functional project by the end of the term.

**2. Relating Content to Students' Lives and Interests**
*   **Description:** The curriculum effectively connects programming concepts to real-world utility and students' professional development goals.
*   **Implementation Details:**
    *   The course introduction explicitly addresses **how to apply programming to daily life**, making the relevance of the topic immediate for learners.
    *   The instructor emphasizes the **wide utilization of Python** across various applications, highlighting its versatility.
    *   The content is structured to support **professional formation**, particularly for students in science and professional fields, helping them acquire practical skills.

**3. Stimulating Student Interest**
*   **Description:** The course is designed to be engaging, interactive, and highly valued by students.
*   **Implementation Details:**
    *   The course format is described as **interactive and ""extroverted,""** creating an interesting and dynamic learning environment.
    *   Lessons are structured to be highly valuable, with students referring to each lesson as a **""gold mine""** worth the effort.
    *   Assessments are designed to be **engaging quizzes** rather than merely punitive tests.

**4. Clarity and Comprehensibility of Explanations**
*   **Description:** Instructors provide clear, precise, and well-structured explanations that facilitate deep understanding.
*   **Implementation Details:**
    *   Instructors are praised for explaining topics **well, specifically, and punctually**.
    *   The teaching method follows a rigorous and effective structure for each lesson: **""objective, body, and conclusions,""** which students identify as the most appropriate instructional format.
    *   Explanations are specific and concise, helping students grasp concepts efficiently.

**5. Clarity of Course Materials**
*   **Description:** Course materials, particularly multimedia resources, are well-produced, accessible, and easy to follow.
*   **Implementation Details:**
    *   **Video tutorials** are described as well-elaborated, clear, and easy to understand.
    *   Videos serve as **effective summaries** of the material, aiding in comprehension.
    *   The overall program is well-structured, making the content accessible for beginners and easy to follow.

**6. Application of Knowledge**
*   **Description:** Assessments are aligned with learning activities to reinforce practical skills and retention.
*   **Implementation Details:**
    *   **Tests and quizzes** are utilized as mechanisms that allow students to actively **put into practice** the knowledge acquired during the lectures.

**7. Close Instructor-Student Relationship**
*   **Description:** Instructors are perceived positively, demonstrating competence and a supportive presence that aids student success.
*   **Implementation Details:**
    *   Instructors receive **special recognition and gratitude**, with students describing them as ""very good"" and ""wonderful.""
    *   The instructor's contribution is acknowledged as significantly helpful for students' **professional and academic development**, fostering a positive rapport.

**8. Student Self-Assessment**
*   **Description:** The course design supports learners in monitoring and recognizing their own progress.
*   **Implementation Details:**
    *   The course structure allows students to clearly **observe and notice their advancement** and growth over time, providing a sense of achievement and trajectory.",4.208333333333333
4,attention-models-in-nlp,"
Based on the student comments provided, here are the identified strengths in the teaching strategies, along with descriptions and details regarding the instructor's implementation.

### **Strengths in Teaching Strategies**

**1. Comprehensive Overview of State-of-the-Art NLP**
*   **Description:** The course excels at providing a broad, current, and encompassing view of the Natural Language Processing landscape. It effectively introduces students to the latest advancements, models, and technologies driving the field, making it a valuable resource for understanding the current state of the art.
*   **Implementation Details:**
    *   Students describe the course as providing an ""encompassing overview of the latest tools and technologies which are driving the NLP domain.""
    *   It is praised for offering an ""overview of the state of the art techniques in NLP"" and is explicitly called an ""Excellent course on the state of the art in NLP.""
    *   Learners report high educational value regarding model diversity, noting they ""learned a lot about the different NLP models"" and find it a ""good course to have a general overview on some of the state of the art NLP models.""

**2. Rigorous and Intellectually Stimulating Assignments**
*   **Description:** For a segment of the cohort, the homework assignments provide significant intellectual challenge and depth. The tasks are designed to go beyond surface-level execution, prompting students to engage critically with algorithmic details and model mechanics.
*   **Implementation Details:**
    *   Students characterize the course as ""Rigorous"" and the assignments as ""hard and interesting.""
    *   One student notes that the homework ""did go in more depth, making students think through the details of some of the algorithms and models,"" suggesting the implementation requires analytical thinking rather than rote completion.
    *   The assignments are rated as ""Outstanding"" and are considered a primary value proposition of the course, with one student stating, ""The real meat for this course is in the homework assignments.""

**3. Effective Course Initiation and Early Quality**
*   **Description:** The teaching strategies employed at the beginning of the course are highly effective, establishing a strong foundation and positive engagement before the complexity increases.
*   **Implementation Details:**
    *   Students report the course ""Started out nicely,"" indicating strong initial delivery.
    *   Feedback highlights that ""The quality of the course is very good at the start,"" suggesting that the instructional design, explanations, and pacing in the early weeks are well-executed and well-received.

**4. Strategic Shift Toward Design and System Understanding**
*   **Description:** The curriculum is structured to evolve students' focus from mere implementation to a higher-level understanding of system design. This progression helps learners appreciate the architectural decisions and engineering requirements inherent in modern NLP.
*   **Implementation Details:**
    *   A student observes that ""the focus gradually shifts from implementation and towards design,"" indicating a deliberate pedagogical move to cultivate design thinking alongside coding skills.
    *   The course effectively contextualizes the need for high-performance computing and specialized equipment, helping students understand the infrastructure constraints associated with state-of-the-art models.

**5. High-Quality Supplementary References**
*   **Description:** The course integrates external resources and references that are highly valued by students, enhancing the learning experience beyond the core video content.
*   **Implementation Details:**
    *   Students explicitly praise the curated materials, noting that ""Some references are amazing."" This indicates that the instructor has selected high-value reading materials or resources that supplement the course content effectively.

**6. Exposure to Specialized Frameworks (Trax)**
*   **Description:** The course serves as an effective introduction to specific technical tools, providing students with practical exposure to the Trax framework.
*   **Implementation Details:**
    *   Students identify learning Trax as a key benefit, with one recommending the course to ""take the course for the homework + to learn about trax."" This suggests the integration of this framework is successful in teaching students how to utilize this specific tool.

**7. Overall Educational Value and Satisfaction**
*   **Description:** Despite mixed feedback on specific areas, multiple students report a strong overall sense of educational gain and satisfaction with the specialization.
*   **Implementation Details:**
    *   Positive sentiment is expressed through descriptors such as ""Very educational,"" ""Great specialization,"" ""Good course in overall,"" and ""Outstanding Course.""
    *   Students acknowledge the course covers essential breadth, with one noting it ""covers everything,"" indicating the curriculum is perceived as comprehensive by satisfied learners.",3.1052631578947367
5,aws-fundamentals-addressing-security-risk,"
### Strengths in Teaching Strategies

Based on the student comments and the associated analysis, the following strengths have been identified regarding the instructor's teaching practices, course design, and delivery.

#### 1. Comprehensive Content Organization and Detailed Explanations
*   **Description:** The course content is structured meticulously, providing a thorough and detailed overview of AWS services and security concepts. Students appreciate the depth of the material and the clarity with which concepts are broken down. The reading documents are particularly noted for their quality, and the instructors provide granular explanations that cover ""each and every concept.""
*   **Implementation Details:**
    *   Instructors delivered detailed explanations of complex topics, ensuring no concept was left unexplained (""explained each and every concepts in detailed"").
    *   The course layout was organized carefully (""Course content is very meticulously laid out""), facilitating a logical flow of information.
    *   High-quality reading documents were provided that students found excellent and useful (""Great content on the Reading documents"").
    *   Topics were presented with clear and nice explanations (""topics were nicely explained by the instructors""; ""buenas explicaciones"").
    *   The course provided a ""good overview for the services provided"" and offered ""complete security knowledge about aws.""

#### 2. Instructor Enthusiasm, Energy, and Positive Rapport
*   **Description:** The instructors demonstrated high levels of enthusiasm, cheerfulness, and energy, creating a positive and welcoming learning environment. Students reported feeling a strong positive connection to the instructors, describing the learning experience as a pleasure and noting the instructors' ability to maintain a cheerful demeanor throughout the course.
*   **Implementation Details:**
    *   Instructors maintained a ""cheerful"" attitude and ""very good"" energy levels throughout the duration of the course.
    *   The instructors' positive affect contributed to a ""pleasure to learn by your side"" experience and ""gave us a smile throughout the course.""
    *   Students expressed strong affinity for the instructors personally (""I really love the instructors""; ""Rudy is awesome dude, Hong as well"").
    *   The instructors generated a ""fun-filled"" atmosphere, contributing to an ""Excellent Experience"" where students felt supported.

#### 3. Engagement through Creative Theming and Interest Stimulation
*   **Description:** The course utilized a creative thematic approach involving bees and space exploration (Mars) to stimulate student interest. For a significant portion of the audience, this creative element was successful in making the course enjoyable, interesting, and memorable. The theme helped transform the learning process into an engaging activity rather than a dry transfer of information.
*   **Implementation Details:**
    *   Instructors implemented a ""bee theme"" and a narrative involving building a colony on Mars (""made me build my colony on MARS"").
    *   This creative approach was perceived as ""fun"" and ""interesting,"" contributing to the course being described as ""fantastic"" and ""Very Very Interesting.""
    *   The energetic application of this theme made the course ""enjoyable"" to return to (""Looks like getting back to AWS after 3 years will be very much enjoyable"").
    *   The creative elements contributed to ""fun-filled sessions"" and stimulated student interest effectively.

#### 4. Relevance to Professional Context and Knowledge Alignment
*   **Description:** The course is highly valued for its practical relevance, particularly in helping students bridge the gap between general security knowledge and specific AWS terminology. It serves as an effective tool for professionals transitioning from on-premise environments to the cloud, offering rapid awareness of standard AWS security tools and applications.
*   **Implementation Details:**
    *   Instructors effectively aligned previously understood security knowledge with AWS-specific terms and applications (""helpful in aligning previously understood security knowledge with the AWS terms and applications"").
    *   The course content focused on ""standard AWS tools to help secure a cloud based application or data storage,"" making it useful for securing one's own environment.
    *   The material was tailored to assist ""experienced professionals who are moving their career from on-prem equipment to AWS,"" providing context for career transitions.
    *   The course offered a ""rapid way to become aware"" of necessary tools, validating its utility for professional development.

#### 5. Balanced Assessment and Appropriate Academic Rigor
*   **Description:** The assessment strategy demonstrates a balance between challenge and support. Quizzes were calibrated to be rigorous enough to require in-depth study without causing student frustration or helplessness. The course maintains a ""good rhythm"" and demands serious engagement, which students recognized as a strength of the academic quality.
*   **Implementation Details:**
    *   Quizzes were designed with a balanced difficulty level: ""not too easy but not so tough as to make the student feel helpless.""
    *   The course was recognized as rigorous and demanding in a positive way: ""Tough one, requires in-depth studying.""
    *   The pacing was considered effective (""buen ritmo""), allowing students to learn at a sustainable but challenging rate.
    *   The depth of coverage was appreciated by those who could handle the intensity, contributing to the course being ""meticulously laid out.""

#### 6. Demonstration of Subject Matter Expertise
*   **Description:** Students acknowledged the instructors' deep knowledge of the subject matter. Despite some challenges with accent or language barriers noted elsewhere, the technical expertise of the instructors was clear and respected.
*   **Implementation Details:**
    *   Instructors demonstrated substantial command of the material (""She knows the subject matter very well"").
    *   The instructors successfully conveyed detailed information about security issues on the AWS cloud platform.",4.127659574468085
6,big-data-essentials,"
Based on the student comments and classification provided, here are the identified strengths in the teaching strategies, focusing exclusively on positive aspects of the course design, instruction, and learning outcomes.

### **Strengths in Teaching Strategies**

#### **1. High-Quality, Relevant, and Specialized Course Content**
**Description:** The curriculum is highly regarded for its relevance, depth, and alignment with industry standards. Students value the comprehensive coverage of foundational concepts and appreciate the course's distinct pedagogical focus, which differentiates it from other offerings in the field.

**Implementation Details:**
*   **Foundational Coverage:** The course effectively covers ""a lot of foundations for Big Data and for Hadoop/Spark"" (Comment 27).
*   **Specialized Perspective:** Students note a unique and valued pedagogical choice in the curriculum design: ""one of the few that focus on Data Engineering perspective rather than Data Science"" (Comment 27).
*   **Depth and Technical Rigor:** The material is praised for its technical depth, as the course ""takes you deep into Hadoop with the technical stuff"" (Comment 46).
*   **Module Effectiveness:** Specific modules receive high marks, with students noting the ""Course on HDFS were really good"" (Comment 31).
*   **Overall Content Quality:** Multiple students affirm the quality of the subject matter, stating the ""topics and the content of the course were good"" (Comment 3), the ""idea of course is good"" (Comment 10), and the ""material of the course is very interesting"" (Comment 20).
*   **Comprehensive Learning Scope:** The course is described as an ""Excellent class to learn the basics of MapReduce, Hadoop, and PySpark"" (Comment 23).

#### **2. Expert Instruction and Structured Explanations**
**Description:** The teaching team demonstrates strong subject matter expertise and the ability to deliver content with clarity and structure. Instructors are recognized for their competence, erudition, and detailed approach to explaining complex concepts.

**Implementation Details:**
*   **Instructor Competence:** Students characterize the faculty as ""competent and erudite"" (Comment 42) and ""brilliant instructors"" (Comment 43).
*   **Depth of Knowledge:** The lectures are acknowledged for their expertise, with feedback noting they ""have in depth knowledge and understanding about Bigdata and Spark"" (Comment 39).
*   **Clarity and Structure:** The teaching methodology includes ""explained very detail"" and provides ""A well structured, to the point description"" (Comment 43, Comment 47, Classified Comments).
*   **Positive Instructor Feedback:** Students report that ""instructors were great"" (Comment 4) and highlight specific faculty performance, noting ""lectures from Ivan Puzyrevskiy are decent"" (Comment 9).
*   **Detailed Trainer Support:** The instructional delivery is reinforced by ""good trainers [who] explained very detail"" (Comment 47).

#### **3. Practical and Pedagogically Sound Assignment Design**
**Description:** Despite technical issues reported regarding the grading infrastructure, the educational design of the assignments is praised. Students find the tasks to be practical, well-structured, and effective tools for learning programming languages and big data concepts.

**Implementation Details:**
*   **Practical Utility:** Students find that ""The practises are practical and useful"" (Comment 30).
*   **Effective Learning Design:** The assignments are recognized for their educational value, as ""programming problems are well designed to learn these languages"" (Comment 23).
*   **Exercise Quality:** The course provides ""well designed exercises"" (Comment 43).
*   **Scaffolded Practice:** The assignment structure supports skill acquisition by providing ""many practice so I can gradually get familiar with all these new stuff"" (Comment 38).
*   **Clear Task Descriptions:** Students appreciate the ""well structured... description"" of the tasks (Comment 43).

#### **4. Rigorous Academic Standard and Career-Relevant Outcomes**
**Description:** The course delivers a challenging, advanced learning experience that results in tangible skill development. The pace and difficulty level are well-targeted for intermediate learners, fostering confidence and providing a competitive edge for students' careers.

**Implementation Details:**
*   **Graduate-Level Rigor:** The course moves at a ""strong pace, making this class more like a graduate level class in lecture style"" (Comment 23).
*   **Targeted Difficulty:** The course is assessed as appropriate for advanced learners, being ""good for intermediate"" students (Comment 25) and appropriately ""Requires intermediate skills"" (Comment 34).
*   **Skill Acquisition:** Students report significant learning gains, stating they ""Learned a lot here!"" (Comment 27) and gained ""useful information and... experience in working with Hadoop MapReduce and Apache Spark"" (Comment 14).
*   **Career Impact:** The course successfully builds professional competencies, giving students ""more techical skill with Hadoop and Spark that help me can confidence in my career"" (Comment 41).
*   **Insightful Learning:** The learning experience is described as ""insightful around Map Reduce"" (Comment 48) and an ""awesome content...great learning"" experience (Comment 49).",3.36734693877551
7,cloud-azure-intro,"
Based on the student comments and the provided classification, the following strengths in teaching strategies have been identified. These descriptions focus exclusively on the positive aspects of the course, highlighting effective practices and specific implementation details praised by students.

### **1. High-Quality and Comprehensive Content**
*   **Description:** Students consistently report that the course content is excellent, thorough, and insightful. The instructor has curated material that provides a solid foundation, covering essential information with appropriate breadth and depth for the subject matter.
*   **Implementation Details:**
    *   The course covers ""essential information for familiarizing with how Azure works and is configured.""
    *   Content includes coverage of ""fundamental concepts,"" ""functions, security,"" and specific Azure configurations.
    *   Students describe the content as having ""good breadth and depth"" and being ""thorough and insightful.""
    *   Specific praise includes: ""Content was good,"" ""Course content is best,"" and ""Excellent course.""

### **2. Clarity and Comprehensibility of Explanations**
*   **Description:** The teaching materials and explanations are perceived as clear, simple, and easy to understand. This approach effectively helps students clarify complex cloud concepts and grasp the fundamentals without unnecessary complexity.
*   **Implementation Details:**
    *   The instructor provides content that is ""simple and understandable.""
    *   The course helps students ""get clear your concepts on cloud.""
    *   Course materials, including links, are organized ""em cada uma das lições"" (in each lesson), contributing to clarity.
    *   Students note that the course allows them to ""understand what is the microsoft azure"" and provides a ""vista general"" (overview) that is accessible.

### **3. Effective Introductory Design for Beginners**
*   **Description:** The course is specifically well-suited for learners new to the platform. The difficulty level, pacing, and scope are aligned with the needs of beginners, making it an ideal starting point for those entering the field.
*   **Implementation Details:**
    *   The course is described as a ""Great introductory course"" and a ""GOOD BEGINNER COURSE FOR AZURE.""
    *   It is noted as ""very basic best for beginners"" and a ""Great knowledgeable course for starting with Azure.""
    *   The structure is ""corto y básico"" (short and basic), allowing students to complete it efficiently (""en un día lo haces tranquilo"") while still gaining a ""buen curso para comenzar"" (good course to start).
    *   The design is ""Easy and fun to learn"" and ""easy to learn,"" lowering barriers to entry for novice students.

### **4. Practical Utility and Career Relevance**
*   **Description:** Students find the course highly valuable for real-world application and career development. The instruction supports the application of knowledge to organizational initiatives and provides guidance that enhances professional prospects.
*   **Implementation Details:**
    *   The course is ""very much useful for my Organizations initiative of Azure Lift and Shift,"" demonstrating transferability to professional tasks.
    *   It provides ""guidance about my career in Microsoft Azure"" and is ""helpful to increase carrier [career].""
    *   Students report tangible learning outcomes: ""Learnt a lot,"" ""Good understanding of MS Azure,"" and achieving their learning ""objective.""
    *   The content is described as ""useful"" and ""Nice and useful"" for improving knowledge and skills.

### **5. Helpful Course Structure and Balanced Resources**
*   **Description:** The organization of the course facilitates learning, and the instructor has implemented a balance between theoretical concepts and practical tutorials. The integration of external resources is utilized effectively to deepen learning.
*   **Implementation Details:**
    *   Students explicitly state: ""The structure of the course was helpful for learning.""
    *   There is a ""good balance of tutorials and concepts,"" indicating a mix of instructional modalities.
    *   The introduction to specific tools is highlighted as a strength: ""Introduction to Azure PowerShell, CLI, and portal were very helpful.""
    *   The course provides ""materials and links in each of the lessons"" that offer the ""possibility to deepen more and more,"" allowing students to expand their knowledge beyond the core content.

### **6. Stimulating Student Interest and Satisfaction**
*   **Description:** The course generates positive student sentiment, engagement, and motivation. Students express enthusiasm about the subject matter and a desire to continue learning, indicating that the teaching strategies successfully stimulate interest.
*   **Implementation Details:**
    *   Students report having ""so much fun getting started with Azure.""
    *   The course inspires continued learning, with students stating: ""I am excited to keep learning Azure!""
    *   High satisfaction is reflected in comments such as ""Must take course for people interested in learning azure,"" ""It was great experience,"" and ""Excellent course.""
    *   Students recommend the course to others, noting it is ""Great for beginning"" and valuable for ""people interested in learning azure.""",4.1521739130434785
8,conversational-experiences-dialogflow,"
Based on the student comments, the following strengths in teaching strategies have been identified. These are organized by pedagogical practice, with descriptions and specific details regarding the instructor's implementation.

### **Strength: Project-Based Learning & Immersive Practical Application**
**Description:** The course employs a robust project-based learning approach, emphasizing active construction of artifacts and immediate application of knowledge through interactive environments. This strategy fosters deep engagement and ensures students acquire tangible skills.

**Implementation Details:**
*   **Interactive Lab Environment:** The course utilizes **Qwiklabs** to provide ""interactive learning"" with ""step-by-step instruction,"" allowing students to practice in a safe, guided environment. Labs are described as ""very helpful"" and part of an ""immersive teaching method.""
*   **Concrete Use Cases:** Students highlight specific, relatable projects, such as the **""Pizza ordering bot,""** which provided ""practical hands-on experience"" and was rated as ""great.""
*   **Variety and Complexity:** The course includes **""two use cases""** that offer a **""variety of complexity,""** allowing students to engage with different scenarios and challenges.
*   **End-to-End Development:** The activities guide students through the full lifecycle of development, enabling them to ""build/design their own conversational UI,"" ""deploy"" chatbots, and handle production elements such as **""webhook with basic authentication""** and **""custom UI.""**
*   **Outcome-Based Practice:** Students report gaining the confidence to ""implement a chatbot sencillo"" and feel equipped with ""new skills"" to deploy their work in real-life contexts.

### **Strength: Clarity, Simplicity, and Effective Conceptual Scaffolding**
**Description:** The instructional design prioritizes clarity and accessibility, breaking down technical topics into comprehensible segments. The instructor effectively scaffolds learning by simplifying complex infrastructure and providing stellar guidance, particularly in foundational modules.

**Implementation Details:**
*   **Clear Instructional Materials:** Students praise the **""exceptional video tutorials""** and **""informative graded assignments.""** The **""first week instructions were stellar,""** setting a strong foundation.
*   **Simplification of Complexity:** The course is noted for its **""simplicity""** and **""easy understanding.""** The instructor presents content in a way that is **""taught in an easy way""** despite the density of information.
*   **Strategic Abstraction:** The instructor provides a pedagogical perspective that allows students to **""build chatbots without thinking of the underlying complex infrastructure,""** reducing cognitive load and focusing on core Dialogflow concepts.
*   **High-Quality Explanations:** Content is described as **""beautifully explained""** and the course **""covers up all the topics in a very easier way.""**

### **Strength: Comprehensive and Professionally Relevant Curriculum**
**Description:** The curriculum is thorough, covering essential theoretical components while maintaining strong alignment with real-world professional applications. The content is designed to be immediately useful for students in relevant fields.

**Implementation Details:**
*   **Extensive Topic Coverage:** The course is described as **""very complete""** and providing **""every insight you need to develop a Chatbot using Dialogflow.""** It covers critical components including **""Natural Language API, intents, entities, contexts, fulfillments.""**
*   **Professional Alignment:** Students working in AI companies and UX research note the course is **""very important to my line of work""** and relevant to their research interests.
*   **Real-World Utility:** The course sheds light on **""how ML can be utilised""** and teaches efficiency by showing students how to use **""existing learnings instead of redoing them.""** Students report that the skills make things **""a lot much easier to do in real life.""**
*   **Accessible Introduction:** The course is widely recognized as a **""great introduction""** that gives students a **""whole new perspective""** on conversational experiences.

### **Strength: Instructor Expertise and Engaging Presentation**
**Description:** The teaching staff demonstrates high levels of subject matter expertise and delivers content with high-quality presentation skills, creating a positive and motivating learning atmosphere.

**Implementation Details:**
*   **Domain Expertise:** Students explicitly note that **""teaching staff have immense knowledge about the topic.""**
*   **Effective Delivery:** Instructors are praised for being **""good with their knowledge and also with their presentation.""** The course features a **""very beautiful orientation of the lectures.""**
*   **Engagement and Tone:** The course is described as **""tailor-made,""** **""efficient,""** and an **""amazing experience.""** Students find the content **""fun""** and the course **""totally recommended,""** indicating high levels of student satisfaction and motivation.",4.183673469387755
9,convolutional-neural-networks,"
Based on the student comments and analysis provided, here is a description of the **STRENGTHS** in the teaching strategies. This report focuses exclusively on positive aspects, specific implementation details, and student-validated successes.

### 1. Exceptional Instructor Clarity and Expertise
*   **Description:** Students consistently praise the instructor's ability to explain complex concepts with remarkable clarity, eloquence, and accessibility. The instructional delivery is viewed as outstanding, making difficult material approachable for learners.
*   **Implementation Details:**
    *   **Eloquent Explanations:** The instructor is credited with explaining concepts ""in a perfect way"" and ""very eloquently,"" leading students from foundational learning to implementation.
    *   **Accessibility:** The teaching style makes Deep Learning concepts and applications ""accessible,"" ensuring that the material is understandable.
    *   **High-Quality Instruction:** Students describe the instruction as ""second to none"" and ""outstanding,"" with one student noting that Andrew Ng ""explains in a perfect way.""
    *   **Teaching Team Effort:** The teaching team is recognized for the ""heart"" they pour into the course, contributing to the overall quality of the educational experience.

### 2. High-Quality, Comprehensive, and State-of-the-Art Content
*   **Description:** The course material is rated as top-tier, offering a complete and in-depth treatment of Convolutional Neural Networks (CNNs) and related computer vision topics. The content is perceived as the ""best available"" and covers both theoretical foundations and cutting-edge algorithms.
*   **Implementation Details:**
    *   **Best-in-Class Material:** Students describe the content as ""great,"" ""top quality,"" and ""probably the best available.""
    *   **Strong Theoretical Foundation:** The course provides a ""good intro to the theory,"" is ""strong on concepts and motivations,"" and offers ""all the needed theoretical background.""
    *   **Current and Relevant Topics:** The course includes ""state of the art papers"" and covers ""important concepts and algorithms"" regarding Computer Vision.
    *   **Completeness:** The course is described as ""complete and in-depth,"" covering the most important aspects of CNNs and related applications.
    *   **Specific Algorithm Coverage:** Positive mentions are made of the coverage of CNNs, object detection, landmark detection, one-shot learning, FaceNet, YOLO, INN (Image Naming Networks), and Neural Style Transfer.

### 3. Effective Pedagogical Structure and Progression
*   **Description:** The course is well-structured, following a logical progression that scaffolds learning effectively. Students appreciate the pacing, which allows for the development of deep intuitions before moving to complex applications.
*   **Implementation Details:**
    *   **Logical Flow:** The course is ""well structured"" and progresses from ""real basics of Convolutions"" to providing ""needed theoretical background,"" and then focusing on ""real-life scenarios.""
    *   **Foundation to Implementation:** The curriculum successfully leads students ""from learning the foundations to implementing modern-architecture Convolutional Neural Networks.""
    *   **Pacing for Intuition:** The course maintains a ""slow pace"" specifically designed to help students ""understand deeper ideas and intuitions.""
    *   **Good Introduction:** For those new to CNNs, the course serves as a ""good introduction,"" laying a ""good foundation"" in the early weeks.

### 4. Strong Emphasis on Practical Application and Real-World Relevance
*   **Description:** A major strength is the course's focus on applying knowledge to real-world problems, industry use cases, and research contexts. Assignments are designed to be directly useful in professional settings.
*   **Implementation Details:**
    *   **Real-Life Scenarios:** The course focuses on ""real-life scenarios"" and ""exciting applications"" such as safe autonomous driving, accurate face recognition, and automatic reading of radiology images.
    *   **Industry and Research Context:** The instructor provides ""additional information about whether certain techniques are currently utilized in research and production,"" adding critical relevancy to the material.
    *   **Production-Ready Skills:** Assignments are so clear and neat that students ""actually used many assignments as a building block of my machine learning projects in production.""
    *   **Professional Development:** The course helps students ""understanding how Deep Learning could potentially impact our business and industry,"" and aids in writing thought leadership pieces and identifying relevant aspects of the field.
    *   **Fun and Engaging Applications:** Students enjoy the ""fun implementation section,"" particularly the application of ConvNets for neural style transfer.

### 5. Quality, Challenge, and Utility of Assignments
*   **Description:** The programming assignments and quizzes are praised for their clarity, relevance, and appropriate level of challenge. They are viewed as valuable tools for learning rather than mere administrative hurdles.
*   **Implementation Details:**
    *   **Clear and Neat Exercises:** Assignment examples are described as ""so clear and neat.""
    *   **Appropriate Challenge:** The course is ""challenging"" and ""not a piece of cake."" Assignments are ""not easy in general,"" providing a rigorous training experience where the ""benefit will be more than clear"" after completion.
    *   **Great Exercises:** Students refer to ""great exercises"" and a ""good quiz and assignment"" structure.
    *   **Implementation Experience:** Students gain a ""precious experience"" implementing start-of-the-art applications, which is considered a unique value proposition of the course.

### 6. Development of Deep Intuition and Metacognitive Skills
*   **Description:** Beyond content memorization, the course successfully fosters a deep intuitive understanding of neural networks and equips students with the skills to continue their learning independently.
*   **Implementation Details:**
    *   **Visual and Conceptual Understanding:** The course gives the opportunity to ""understand better what a neural network is doing (from a visual point of view)"" and provides ""great insight"" and ""intuition"" about systems like object detection.
    *   **Self-Directed Learning:** Students report that while they may not build a ConvNet from scratch immediately, they ""definitely know where to start, and how to learn (read the right papers, get the right code off github...),"" demonstrating the course's success in teaching how to learn.
    *   **Strong Foundation:** Students walk away with a ""strong foundation"" in where Deep Learning is going and what it does.

### 7. High Student Engagement and Satisfaction
*   **Description:** The course generates high levels of student enjoyment, interest, and satisfaction. Students describe the experience using superlative language and highly recommend the course.
*   **Implementation Details:**
    *   **Enjoyment and Interest:** Students find the course ""very interesting,"" ""enjoyed very much,"" and ""amazing."" The implementation sections are described as ""fun.""
    *   **High Ratings and Recommendations:** The course receives ""100% recommended"" endorsements and ""5+ stars.""
    *   **Appreciation:** Students express deep gratitude, calling the course a ""wonderful piece of art"" and thanking the instructor for the ""outstanding instruction.""
    *   **Value Proposition:** Even when acknowledging external factors, students consider the content ""worth the money"" and note that ""it's really impossible for anywhere else to provide you this package to learn CNN.""

### 8. Supportive Learning Environment
*   **Description:** Students value the peer interaction and the supportive nature of the learning community facilitated by the course.
*   **Implementation Details:**
    *   **Peer Support:** Students appreciate the ""supportive peer learners"" as part of the overall package, contributing to the positive learning experience.

### Summary of Key Strengths
The teaching strategies in this course are distinguished by **exceptional clarity and eloquence in instruction**, **high-quality and comprehensive content** that bridges theory and state-of-the-art practice, and a **well-structured progression** from basics to real-world applications. The course successfully **stimulates student interest** through **fun and relevant assignments** that are **challenging yet clear**, resulting in **deep intuitive understanding**, **production-ready skills**, and **high student satisfaction**. The instructor's ability to **relate content to industry and research** ensures the material remains highly relevant, while the **supportive learning community** enhances the overall experience.",3.877551020408163
10,covid-19-contact-tracing-for-nursing-professionals,"
Based on the student comments provided, here are the identified strengths in the teaching strategies, focusing exclusively on positive feedback regarding course design, resource provision, and student reception.

### Strengths in Teaching Strategies

**1. Comprehensiveness and Extensiveness of Learning Resources**
*   **Description:** The instructor has developed a robust and thorough learning module that provides students with a complete and detailed set of materials. The depth and breadth of the content are highly valued by students, ensuring that resources are sufficient to support their learning needs.
*   **Implementation Details:** Students explicitly characterize the course as a ""very comprehensive module"" and commend the ""extensive"" nature of the resources available, indicating a high volume and quality of content.

**2. Accessibility and Contextual Responsiveness**
*   **Description:** The teaching strategy emphasizes making learning materials easily usable and available, with specific attention to the unique challenges faced by students during the evaluation period. The instructor demonstrates pedagogical sensitivity by adapting or creating resources that remain effective under difficult external circumstances.
*   **Implementation Details:** The instructor created an ""accessible resource"" that students specifically thanked for being useful ""during this pandemic,"" highlighting a commitment to maintaining learning continuity and accessibility during a crisis.

**3. Recognition of Collaborative Instructional Design**
*   **Description:** The course structure appears to effectively integrate contributions from multiple stakeholders, and students recognize and appreciate this collaborative effort. The clear attribution of work enhances the perceived professionalism and quality of the instruction.
*   **Implementation Details:** Students offered ""KUDOS"" and specifically acknowledged the work of both the ""AUTHORS AND INSTRUCTORS,"" suggesting that the collaborative nature of the materials is visible and highly valued by the learner.

**4. High Student Satisfaction and Gratitude**
*   **Description:** There is a strong positive sentiment regarding the instructor's efforts. Students express genuine appreciation for the support and materials provided, indicating that the teaching strategies successfully met student expectations and needs.
*   **Implementation Details:** Students expressed direct gratitude (""Thank you"") and offered high praise (""KUDOS""), reflecting a high level of satisfaction with the instructor's dedication and the resulting learning environment.",3.6666666666666665
11,curanderismo-plants,"
Based on the provided material, **no strengths in teaching strategies were identified**. The submitted comments and classification exclusively contain student feedback regarding logistical concerns, material accessibility, and course expectations, with no documented positive instructional practices, pedagogical strengths, or effective implementation details. 

Per your instruction to focus solely and exclusively on strengths, no list can be generated from this specific input. If additional evaluation comments containing positive feedback are available, please provide them for analysis.",1.0
12,dermatology,"
Based on the student comments and the classified practices, the following strengths have been identified in the teaching strategies. These strengths focus exclusively on the positive aspects of content delivery, relevance, engagement, clarity, and instructor rapport, including specific details on implementation.

### 1. Comprehensive, Practical, and Scientific Content Delivery
**Description:**
The course is characterized by a robust, complete, and scientifically rigorous approach to dermatology. Students perceive the content as rich in value, offering a solid foundation that balances depth with practical utility. The instructor successfully covers a broad scope of topics while maintaining an informative standard that students find satisfactory and professional.

**Implementation Details:**
*   **Scope and Topic Coverage:** The course implementation includes a wide array of dermatological topics, moving ""from the most basic"" to more complex subjects. Specific areas covered include:
    *   Basics of dermatology and main conditions/diseases.
    *   Skin interaction with the environment and the effects of the environment on the skin.
    *   Recognition and differentiation of skin conditions and diseases.
    *   Management and treatment strategies for several pathologies.
    *   The correct way to apply skincare.
*   **Depth and Quality:** Students describe the material as ""very complete,"" ""very detailed,"" ""full of valuable information,"" and providing ""deep conceptual knowledge."" The course is noted as ""very scientific,"" suggesting the inclusion of technical accuracy and evidence-based information.
*   **Practical Application:** The content is implemented with a strong focus on real-world application. Students highlight the ""practical and useful"" nature of the course, which teaches how diseases ""can be managed"" and provides actionable knowledge for skincare routines.
*   **Accessibility of Complexity:** The teaching strategy effectively manages complexity, described by students as ""simplified yet very informative."" This indicates an implementation strategy where information is distilled for accessibility without sacrificing depth, countering perceptions of superficiality for those who find the content clear.
*   **Manageability:** For learners without a medical background, the course structure is implemented in a way that makes the material ""intense but manageable,"" suggesting a pacing or organization that accommodates diverse learner backgrounds.

### 2. High Relevance to Professional Development and Career Goals
**Description:**
The course is highly effective in connecting academic content to students' professional lives, careers, and personal interests. The learning outcomes are directly applicable to students' current jobs or future aspirations, leading to tangible professional benefits and skill acquisition.

**Implementation Details:**
*   **Career-Specific Utility:** The content resonates with students in related fields, providing value to ""skin care consultant[s],"" ""esthetician[s] or cosmiatra[s],"" and ""medical staff."" One student explicitly states the course ""will help me very much in my job.""
*   **Professional Boundary Setting:** The knowledge gained allows students to ""define limits"" in their professional practice, indicating the course helps students understand the scope of their expertise and when to refer or manage conditions within their role.
*   **Skill and Terminology Acquisition:** The implementation supports specific skill development, including:
    *   Improving practical skills in skincare and dermatology.
    *   Enhancing English terminology specifically within the area of dermatology (""mejorar mis terminologías en ingles"").
    *   Gaining the ability to recognize and differentiate conditions, which is crucial for professional competence.
*   **Motivation for Continued Learning:** The relevance of the content sparks further interest, with students noting they ""will continue to study dermatology"" based on the interest generated by the course.

### 3. Effective Engagement and Interest Stimulation
**Description:**
The instructor and course design successfully capture and sustain student interest. Students report high levels of enjoyment, engagement, and enthusiasm, indicating that the teaching strategies effectively motivate learners and foster a positive learning experience.

**Implementation Details:**
*   **Engagement through Expertise:** The instructor ""kept me engaged with her knowledge,"" suggesting that the delivery of deep subject matter expertise is a key driver of student attention and engagement.
*   **Positive Student Sentiment:** Students use strong positive language to describe their engagement, stating they are ""enjoying the course,"" find it ""very interesting,"" ""really interesting,"" and ""love[d]"" the course. The learning journey is described as an ""enjoyable"" trip.
*   **Advocacy and Satisfaction:** The high level of engagement translates into strong student advocacy. Students ""highly recommend"" the course, describe it as the ""Best Course in Basic Dermatology,"" and express a desire for a ""second part,"" demonstrating sustained interest beyond the immediate course requirements.
*   **Differentiated Appeal:** The course stimulates interest across different learner types, appealing to those with personal health challenges (e.g., a student suffering from acne who was ""personally interested"") as well as those seeking professional knowledge.

### 4. Conceptual Clarity and Comprehensibility
**Description:**
For a subset of students, the instructor's explanations facilitate clear understanding of concepts. The teaching approach is effective in clarifying topics, supporting comprehension, and ensuring that students grasp the material effectively.

**Implementation Details:**
*   **Explanation Strategies:** The instructor explains content in a ""very understandable manner."" Students explicitly report that the course ""helps me to clear my concepts"" and ""increase my knowledge in every aspects.""
*   **Clarity of Delivery:** Despite the technical nature of the subject, some students find the course ""easy to understand."" The feedback suggests that when the language barrier is not a hindrance, the instructional delivery is clear, structured, and effective in conveying information.
*   **Conceptual Reinforcement:** The implementation supports the clearing of ambiguities, with students noting that the course helps to ""clear concepts,"" indicating that the explanations successfully address potential misconceptions or gaps in understanding.

### 5. Positive Instructor-Student Rapport
**Description:**
Students develop a respectful and positive connection with the instructor, acknowledging the instructor's effort, expertise, and contribution to their learning. This rapport contributes to a supportive learning atmosphere.

**Implementation Details:**
*   **Instructor Appreciation:** Students express direct gratitude and praise for the instructor, describing the instructor as ""very good.""
*   **Personal Connection:** The relationship extends beyond the content, with students offering personal well-wishes, such as ""I give my thanks to the professor... and I wish all the best for her."" This indicates a level of rapport where students feel a personal connection and respect for the instructor as an individual.
*   **Recognition of Effort:** Students acknowledge the value of the instructor's work, thanking the professor for the experience and the knowledge shared, which reflects a positive perception of the instructor's dedication.",4.081632653061225
13,ds,"
Based on the student feedback provided, the following strengths in teaching strategies and course implementation have been identified. These findings focus exclusively on positive aspects of instruction, course design, content delivery, and student engagement.

### **Strengths in Teaching Strategies and Course Implementation**

#### **1. Instructor Engagement, Dedication, and Support**
*   **Description:** The instructor demonstrates a high level of commitment to student success through active participation, approachability, and enthusiasm, fostering a supportive and motivating learning environment.
*   **Specific Implementation Details:**
    *   **Active Forum Presence:** Romeo Kienzler is specifically praised for being ""very active and dedicated in the discussion forums."" Students report receiving ""a lot of assistance in discussion forums,"" which proves crucial when navigating course challenges.
    *   **Inspiring Enthusiasm:** The instructor's ""enthusiasm"" is highlighted as a key factor that inspires students. One student noted, ""I really enjoyed your videos and your enthusiasm – I have been inspired.""
    *   **Instructor Quality:** The instructor is consistently described in positive terms, with comments labeling the teaching as ""excellent,"" the instructor as ""awesome,"" ""very good,"" and ""impressive.""

#### **2. Well-Structured Course Design and Content Clarity**
*   **Description:** The course exhibits strong organizational coherence, logical flow, and clarity in explanations, enabling students to build a solid understanding of foundational concepts.
*   **Specific Implementation Details:**
    *   **Logical Organization:** Students describe the course as ""well explained and well laid out"" with a ""well developed Syllabus."" The structure is viewed as ""simple but very informative,"" making complex topics accessible.
    *   **Comprehensive Coverage:** The course is regarded as ""comprehensive"" and ""technically capable of leading the student to an understanding of all content."" It serves effectively as a ""very good introduction to SQL and Apache Spark (and of course parallel computing)"" and IoT data.
    *   **Conceptual Depth:** Despite being an introduction, the course provides meaningful depth in specific areas, such as offering a ""detailed explanation on the trade off of different approaches that can be used in Big Data.""
    *   **Alignment with Requirements:** The content is noted to cover ""exactly what is required for data science using spark,"" ensuring relevance to the learning goals.

#### **3. Practical, User-Friendly, and Effective Learning Activities**
*   **Description:** Assignments and exercises are designed to be highly practical, well-structured, and conducive to skill acquisition, balancing challenge with achievability.
*   **Specific Implementation Details:**
    *   **Practical Focus:** The course ""provides good practical exercises"" that students find valuable. Examples and exercises are cited as making it ""very easy to learn Spark.""
    *   **Well-Designed Assessments:** Assignments are described as ""user friendly well designed"" and ""very well structured."" The activities are balanced, being ""challenging enough but not too much,"" which keeps students engaged without causing excessive frustration.
    *   **Enrichment Opportunities:** The inclusion of ""optional exercises,"" such as those involving Node-RED, is highlighted as a strength, adding interest and depth for students seeking extra practice.
    *   **Problem-Solving Emphasis:** Assignments effectively ""test your ability/skills to tackle problems,"" with students finding the process of solving assignments ""exciting"" and the eventual success ""paying off.""

#### **4. Emphasis on Real-World Application and Professional Relevance**
*   **Description:** The teaching strategy successfully connects theoretical content to realistic data science scenarios, fostering professional readiness and confidence.
*   **Specific Implementation Details:**
    *   **Realistic Context:** The course helps students ""think in realistic application of Data Analysis"" and focuses on ""IoT data applications,"" grounding the material in industry-relevant contexts.
    *   **Skill Augmentation:** Students report tangible skill development, noting the course helped ""augment my spark basic skills"" and made them ""confident in using apache spark for data projects that [they] may need.""
    *   **Fundamental Foundation:** The course is praised for providing the ""fundamentals required for the advanced data science topics,"" positioning it as a valuable stepping stone for further professional development.

#### **5. High Student Motivation and Positive Learning Experience**
*   **Description:** The course generates significant student interest, enjoyment, and a sense of achievement, leading to high satisfaction and eagerness for continued learning.
*   **Specific Implementation Details:**
    *   **Inspirational Impact:** The teaching style is noted to ""lead to reflection and absolute work,"" promoting deep cognitive engagement. Students feel ""inspired"" and report ""loving"" the course.
    *   **Excitement for Continuity:** The positive experience drives students to be ""excited to take the remaining courses in the series"" and look forward to advancing their skills.
    *   **Overall Satisfaction:** The course is repeatedly described as ""one of the best courses,"" ""impressive,"" and ""excellent."" Students express a strong sense of accomplishment and appreciation for the learning journey.

These strengths highlight a course that, despite technical or content-update challenges mentioned elsewhere, succeeds significantly in instructor engagement, structural organization, practical application, and motivating students toward learning objectives.",3.8958333333333335
14,duke-behavioral-finance,"
Based on the student comments and the provided analysis, here is a description of the **STRENGTHS** in the teaching strategies. This report focuses exclusively on positive teaching practices, effective implementations, and student-reported successes.

### **1. Application of Theory to Real-World Contexts and Practical Utility**
**Description:**
The course excels in bridging the gap between abstract behavioral finance concepts and tangible, real-world applications. Students consistently praise the integration of practical examples, case studies, and scenarios that extend beyond traditional finance into daily life, marketing, and personal decision-making. This approach enhances the perceived relevance of the content and allows students to immediately see the value of the knowledge in professional and personal settings.

**Instructor Implementation Details:**
*   **Use of Case Studies and Market Analysis:** The instructor incorporates specific case studies and analyses of financial events, such as market crashes and the behavioral biases fueling them (e.g., Subprime crisis), to ground theory in historical reality.
*   **Integration of Diverse Real-Life Examples:** The course utilizes examples from multiple aspects of daily life, including major purchases (houses, cars) and marketing interactions, to illustrate consumer mistakes and decision-making errors.
*   **""Innovative"" and ""Fun"" Examples:** The examples are described as innovative and fun, making complex concepts easier to understand and more engaging.
*   **Realistic and Concrete Framing:** The content is presented as ""realistic and concrete,"" helping students establish a balance between probabilistic truth and the illusions that infect decision-making.
*   **Personal Reflection Prompts:** The course encourages students to recognize biases in their own investing behaviors and life choices, fostering self-awareness and personal application.
*   **Professional Applicability:** Students report applying concepts to analyze behavior at work and find the content beneficial for marketing and investment professionals.

### **2. High Level of Student Engagement and Intellectual Stimulation**
**Description:**
The course successfully generates high levels of student interest, enthusiasm, and intellectual curiosity. The topic selection and delivery are described as exciting and thought-provoking, motivating students to engage deeply with the material and opening new levels of understanding regarding decision-making processes.

**Instructor Implementation Details:**
*   **Engaging Tone and Content:** The course is repeatedly described as ""very interesting,"" ""exciting,"" ""brain-tickling,"" and ""fun,"" indicating a delivery style that captures student attention.
*   **Insight-Driven Learning:** The content provides ""food for thought"" and deep insights into the psychological background of investing and decision-making trends.
*   **Conceptual Revelation:** The course is credited with opening a ""new level of understanding"" about how decision-makers fall into false assumptions and predictions, stimulating intellectual growth.

### **3. Effective Introductory Design, Structure, and Accessibility**
**Description:**
The course is well-designed as an introductory overview, characterized by a concise structure that allows students to learn a significant amount of content efficiently. It is accessible for beginners, providing a solid foundation and serving as a springboard for further exploration. The pacing and organization are praised for being well-taught and comprehensive within the course's scope.

**Instructor Implementation Details:**
*   **Concise and Efficient Delivery:** The course is ""quick and concise,"" enabling students to ""learn a lot in a limited time"" without feeling overwhelmed by the course length.
*   **Comprehensive Overview:** The design provides a ""complete overview"" of behavioral finance, touching on a high level of interesting concepts and covering topics well.
*   **Beginner-Friendly Structure:** The course is recognized as an excellent ""introductory course"" and is highly rated as a ""great course for beginners,"" indicating appropriate scaffolding for new learners.
*   **Foundational Springboard:** The structure effectively establishes a general sense of the topic, serving as a reliable foundation for students to embark on an in-depth journey in the subject.

### **4. Quality of Instruction and Course Materials**
**Description:**
Students express high satisfaction with the quality of the instructor's delivery and the compilation of course materials. The study materials are viewed as excellent resources, and the instructor is praised for their teaching ability and presentation.

**Instructor Implementation Details:**
*   **Well-Compiled Study Materials:** The study material is described as ""very well compiled"" and ""excellent,"" serving as a valuable resource for knowledge acquisition.
*   **Strong Instructor Presence:** The course features ""great instructors"" who are ""well delivered,"" with students noting a ""good tutor"" who effectively guides the learning experience.
*   **Positive Student-Instructor Connection:** The instructor is thanked for developing a realistic course, and students appreciate the guidance provided through the platform.

### **5. Assessments Support Knowledge Consolidation**
**Description:**
While assessments are a mixed topic in broader feedback, specific positive feedback indicates that the tests serve an effective pedagogical function in reinforcing learning for some students.

**Instructor Implementation Details:**
*   **Cementing Knowledge:** The tests are described as ""excellent tests to cement the knowledge,"" indicating that the assessment design successfully helps students solidify their understanding of the material.",4.1875
15,epigenetics,"
Based on a thorough analysis of the provided student comments and the classified evaluation data, **no strengths in teaching strategies were identified.**

The feedback contains exclusively negative comments and suggestions for improvement. The student remarks highlight deficits in delivery, engagement, and course structure, while the classified analysis confirms issues related to monotony. There are no mentions of effective instructional practices, positive student experiences, or successful implementation of teaching strategies.

**Summary of Findings:**
*   **Strengths Identified:** None.
*   **Rationale:** All provided text describes weaknesses (e.g., monotone delivery, lack of discussion, confused explanations, poor slide connections) or recommendations for better practices (e.g., helping recall previous slides), which imply the absence of those strengths rather than their presence. Consequently, no positive descriptors or evidence of effective teaching strategies are available to list.",1.0
16,finance-for-non-financial-managers,"
Based on the student comments and classified practices, the following is a detailed description of the **STRENGTHS** in the teaching strategies, content design, and instructor performance. These findings highlight the effective elements of the course that contributed to positive student outcomes and satisfaction.

### **Strength 1: Solid, Comprehensive, and Relevant Content Foundation**
**Description:**
The course is praised for providing a robust and accurate foundation in corporate finance and accounting. The content is described as solid, comprehensive, and well-aligned with student expectations, covering essential theoretical and practical knowledge required for financial analysis.

**Instructor Implementation & Details:**
*   **High-Level Review and Fundamentals:** The instructor delivers a ""high level review of concepts and formulas"" for introductory corporate finance, ensuring a ""solid overview of basics.""
*   **Comprehensive Topic Coverage:** The syllabus is noted to include everything students expected, covering critical areas such as financial statement interpretation (income statements, balance sheets, cash flows), key performance ratios, Cost of Capital calculations, WACC, CAPM, and investment decision techniques.
*   **Valuation and Planning:** The course provides methods and models for assessing the value of a company, understanding projects and costs, analyzing returns, and planning actions at each stage.
*   **Curriculum Alignment:** Students confirm the ""basics were there"" and the syllabus met expectations, providing a ""good range of learning material.""

### **Strength 2: Clarity, Comprehensibility, and Accessibility**
**Description:**
Professor Smith excels at making complex financial topics accessible. The instruction is consistently described as clear, straightforward, and easy to understand, effectively demystifying financial concepts for learners.

**Instructor Implementation & Details:**
*   **Detailed Explanations:** The instructor ""very well explained various topics"" with ""detailing of the concepts."" Students appreciate that the approach makes material ""simple"" and ""straightforward.""
*   **Clear Instructions:** The course provides ""very clear instructions,"" and students report that ""everything was really understandable"" and ""easy to follow.""
*   **Linguistic Support:** The teaching provides ""tools to understand the financial language,"" helping students decode the specific terminology used in finance and accounting statements.
*   **User-Friendly Presentation:** The knowledge is delivered in a ""user-friendly manner,"" contributing to a low barrier to entry for understanding the material.

### **Strength 3: Practical Application and Real-World Utility**
**Description:**
The course is highly valued for its practical nature. It goes beyond theory by focusing on real-world applications, equipping students with actionable skills and decision-making models relevant to professional duties.

**Instructor Implementation & Details:**
*   **Real-Life Application:** The instructor demonstrates how ""concepts are applied to real-life situations,"" bridging the gap between theory and practice.
*   **Decision-Making Tools:** The course provides ""methods/models to help you take the right decisions while performing your duties,"" emphasizing utility in a professional context.
*   **Analytical Skills:** Students gain the ability to ""analyse balance sheets and income statements,"" ""evaluate company performance using various ratios,"" and understand finance ""from a company's standpoint.""
*   **Practical Examples:** The course includes ""good examples"" and ""supporting spreadsheets with examples were good to work with,"" allowing students to practice with tangible resources.
*   **Professional Relevance:** The content is described as ""very practical and useful,"" helping students upgrade skills in basics of accounting and finance directly applicable to their roles.

### **Strength 4: Engaging Instructor Delivery and Communication**
**Description:**
Professor Tom Smith is a standout strength, with students praising his teaching style, communication skills, and ability to maintain interest. The instructor's delivery makes the learning experience enjoyable and effective.

**Instructor Implementation & Details:**
*   **Lively and Interesting Delivery:** Professor Smith's delivery ""made the sessions interesting and lively."" Students note that he ""makes the material interesting,"" preventing monotony.
*   **Strong Communication Skills:** The instructor is credited with ""amazing communication skills"" and an approach where ""everything was clear.""
*   **Enjoyable Lessons:** Students ""very much enjoyed Professor Smith's lessons each week"" and find the instruction ""easy to listen to.""
*   **Instructor-Student Rapport:** The positive delivery fosters appreciation, with students offering ""Big thanks to Tom Smith"" and describing the course as an ""experience to cherish"" largely due to the instructor's performance.

### **Strength 5: Effectiveness for Non-Financial Audiences**
**Description:**
The course is particularly successful in serving its target audience of non-financial managers. The design and delivery are tailored to make finance accessible and valuable for those without a finance background.

**Instructor Implementation & Details:**
*   **Audience Alignment:** The course is explicitly noted as ""very useful for non financial managers"" and ""simple for those of us from the non financial background.""
*   **Foundation Building:** For beginners, the course provides an ""excellent foundation of knowledge,"" allowing students to gain general knowledge of finance and accounting effectively.
*   **Skill Upgrading:** It serves as a ""good refresh"" of financial basics and is ""very useful in upgrading the skills"" of professionals seeking to better understand corporate finance from a managerial perspective.

### **Strength 6: Quality of Learning Materials and Resources**
**Description:**
Beyond the instruction, the course materials are described as informative, concise, and well-structured, supporting effective learning and review.

**Instructor Implementation & Details:**
*   **Informative and Concise Content:** The videos are described as ""informative and concise,"" delivering value efficiently.
*   **Support for Review:** The materials are structured to facilitate review; one student noted it was ""easy to replay and review the transcripts to fill in blanks,"" indicating the resources support self-paced learning and reinforcement.
*   **Interesting Evaluation Methods:** The course incorporates ""interesting evaluation methods presented at the end,"" adding variety and engagement to the assessment phase.
*   **Workable Resources:** As noted, the ""supporting spreadsheets with examples were good to work with,"" providing functional tools for student practice.",4.020408163265306
17,finance-fundamentals,"
Based on the student feedback provided, here are the identified strengths in the instructor's teaching strategies, strictly focusing on positive pedagogical practices and their specific implementation:

### 1. Demonstrated Subject-Matter Expertise
- **Description:** The instructor exhibits strong content mastery and academic authority, which fosters student confidence in the material and establishes credibility in the learning environment.
- **Instructor Implementation Details:** Students consistently note that the instructor ""understands the subject well,"" ""knows what she's talking about,"" and is ""extremely knowledgeable."" This deep grasp of the discipline allows the instructor to deliver content with authority, particularly when introducing foundational financial concepts.

### 2. Clear & Efficient Instructional Delivery
- **Description:** The instructor employs direct, well-structured explanation techniques that make complex ideas accessible while maintaining instructional pacing that respects students' time.
- **Instructor Implementation Details:** Feedback highlights that the instructor is ""able to explain things well, especially in the first few topics"" and delivers content ""quickly but well."" The pedagogical clarity is most evident in the first week of video lectures, which students specifically identified as engaging and easy to follow. This approach supports efficient knowledge transfer and reduces unnecessary cognitive friction for learners.

### 3. Highly Effective Supplemental Learning Resources
- **Description:** The course is reinforced with well-curated, high-utility materials that actively support student study habits, self-regulated learning, and content retention.
- **Instructor Implementation Details:** Multiple students emphasize that ""the notes and the downloads are great study aids,"" ""the notes are very helpful,"" and ""the notes and supplementary materials are incredibly useful."" These resources are consistently described as practical, well-aligned with course objectives, and instrumental in helping students prepare for assessments and reinforce lecture content.

### 4. Cohesive Foundational Course Design & Flexible Pacing
- **Description:** The course is structured as a focused, logically sequenced introduction to core financial principles, with a pacing model that accommodates diverse learner schedules without sacrificing conceptual coverage.
- **Instructor Implementation Details:** Students describe the offering as a ""great introductory course for finance"" and a ""solid course covering basics of NPV, IRR, and others."" The modular design supports self-paced completion, with one student noting the course ""can be done in 2 weeks vs. 5 if needed."" This implementation demonstrates intentional curriculum scaffolding and flexibility, allowing learners to efficiently master foundational frameworks while working within their own time constraints.",3.75
18,finance-healthcare-managers,"
Based on the student comments and the classified analysis, the following strengths in teaching strategies have been identified. These findings focus exclusively on the positive aspects of the instructor's performance and course design, detailing the specific practices and implementation methods observed.

### **Identified Strengths in Teaching Strategies**

#### **1. Clarity and Comprehensibility of Explanations**
*   **Description:** The instructors demonstrate a high level of instructional clarity, ensuring that complex financial concepts are delivered in an accessible, logical, and student-friendly manner. Students consistently report that the explanations facilitate understanding, even for those without a finance background.
*   **Implementation Details:**
    *   **Delivery Style:** Professors are noted for explaining concepts in a ""pleasant and easy manner"" and being ""clear and to the point."" Their lecturing styles are described as ""good"" and effective at maintaining clarity.
    *   **Structure and Organization:** Lectures and slides are praised as ""great"" and ""well organized."" The course is described as providing ""concentrated information"" and an ""excellent overview.""
    *   **Module-Specific Success:** Specific modules, particularly the last two, are highlighted for being ""explained well and in enough detail,"" allowing students to understand the material thoroughly without confusion.

#### **2. Application of Knowledge and Integration of Concepts**
*   **Description:** A significant strength is the course's focus on the practical application of financial concepts and the integration of financial metrics with non-financial business factors. The instruction successfully bridges theoretical frameworks with practical business analysis.
*   **Implementation Details:**
    *   **Conceptual Integration:** The course effectively teaches students to tie ""nonfinancial aspects to financial aspects,"" providing a ""clear way on how to relate financial and non financial metrics."" Students appreciate the ""proper integration with non-financial performance"" in analyzing results.
    *   **Use of Examples:** Students identify the examples used in the course as the ""strongest point."" These examples support the ""good in-depth look"" at financial frameworks and aid in understanding tools like DuPont analysis and predictive analytics.
    *   **Analytical Skills:** The course lays a strong foundation for business analysis from both managerial and analyst perspectives, teaching students ""how to plan/predict changes in non-financial factors to improve profit.""

#### **3. Relevance to Student Context and Professional Practice**
*   **Description:** The course content is highly relevant to the professional lives and career goals of the students, particularly those in non-finance disciplines such as healthcare and management. The instruction connects course material directly to real-world workplace scenarios.
*   **Implementation Details:**
    *   **Cross-Disciplinary Relevance:** The course is recognized as a tool to ""bridge the gap that sometimes exists between different areas of the business and Finance."" It is explicitly valued by health professionals as a ""tool for health professionals starting on managing issues"" and helps students apply knowledge immediately in ""healthcare job[s].""
    *   **Workplace Applicability:** Students report that the content is ""extremely relevant in today's workplace"" and ""very useful and easy to apply in my business."" The course supports professional growth by providing ""solid content"" that addresses fundamental management aspects often missing in other disciplines.
    *   **Target Audience Alignment:** The course is perceived as ""really for me to learn the basics and apply it in my practice,"" indicating that the instruction meets the specific needs of practitioners seeking to enhance their management skills.

#### **4. Stimulating Student Interest and Engagement**
*   **Description:** The course design and instructor delivery actively foster student engagement, resulting in a positive learning experience characterized by enjoyment and insight. Students are motivated to value the course and share it with peers.
*   **Implementation Details:**
    *   **Engaging Delivery:** Instructors successfully ""keep the content interesting,"" preventing monotony and maintaining student attention. The course is described as ""insightful and enjoyable"" and ""comprehensive and engaging.""
    *   **Multimodal Resources:** The combination of ""videos, quizzes and powerpoint presentations"" is credited with making the learning process ""more enjoyable."" The course is viewed as ""well-equipped"" with resources that support an engaging experience.
    *   **Student Satisfaction and Advocacy:** High levels of satisfaction are evident, with students stating they ""really enjoyed the course,"" finding it ""amazing,"" and expressing that they ""will certainly recommend this course"" to colleagues and friends. The course is rated as the ""best course"" in its specialization by some learners.

#### **5. Accessibility and Appropriate Challenge for Diverse Learners**
*   **Description:** The course is well-calibrated to accommodate learners with varying levels of prior knowledge, offering a balanced difficulty level that is challenging yet achievable. The pacing and structure support beginners while still providing depth.
*   **Implementation Details:**
    *   **Support for Beginners:** The course is ""well developed for people with no basics in finance"" and serves as a ""great introduction"" for students from non-commerce or medical backgrounds. It provides the necessary scaffolding for those with ""little to no exposure to financial aspects.""
    *   **Considerate Pacing:** The ""pace of content was considerate of the likely target audience,"" allowing students to absorb material effectively.
    *   **Constructive Difficulty:** The ""level of difficulty is good"" and perceived as ""challenging"" in a positive sense. Students appreciate that the course requires ""grit"" and intellectual effort, viewing the challenge as a valuable part of the learning process rather than an barrier.

#### **6. Promoting Critical Thinking via Assessment**
*   **Description:** While assessment is a mixed topic, positive feedback highlights that the quizzes effectively promote critical thinking and deep processing of the material. The assessments are viewed as helpful tools for reinforcing learning.
*   **Implementation Details:**
    *   **Cognitive Engagement:** Students note that quizzes ""get you to think,"" indicating that questions require analysis rather than rote recall. The presence of ""tricky options"" is appreciated by some as it forces students to engage deeply with the nuances of the content.
    *   **Helpful Feedback Loop:** Quizzes are described as ""helpful and challenging,"" suggesting that for many students, the assessment format successfully reinforces knowledge acquisition and provides a useful check on understanding.",4.122448979591836
19,geopolitics-europe,"
Based on the provided student feedback and classified pedagogical practices, here is a comprehensive breakdown of the **STRENGTHS** in the instructor’s teaching strategies. Each strength includes a pedagogical description and specific details on how the instructor implemented it, drawn exclusively from positive student reflections.

### 1. Clear and Comprehensible Instructional Delivery
**Description:** The instructor effectively breaks down complex geopolitical and institutional concepts into accessible, well-articulated explanations that support foundational learning. This aligns with evidence-based practices in instructional clarity, which reduce cognitive load and promote knowledge retention.
**Implementation Details:** Students explicitly noted that *""todo el contenido está bien explicado""* (all content is well explained). The instructional approach was described as *""très bien conçu""* (very well designed) and *""very complete,""* indicating that concepts were sequenced logically and explained with sufficient depth for introductory learners. The clarity of delivery also contributed to the course providing *""food for thought,""* demonstrating effective scaffolding of complex political concepts.

### 2. Multi-Perspective and Comprehensive Content Framework
**Description:** The course deliberately exposes learners to diverse analytical viewpoints rather than a single narrative. Presenting multiple perspectives fosters critical thinking, comparative analysis, and a more nuanced understanding of complex political systems.
**Implementation Details:** The instructor structured content to offer a *""multi-sided overview of EU strategy and politics in and around Europe.""* Students highlighted a *""very good range of topics and perspectives""* and noted that the course *""presents the EU from different points of view.""* The thematic coverage intentionally spans historical foundations, contemporary state-of-affairs, and projected future challenges, ensuring a holistic view of European geopolitics.

### 3. Strategic Integration of Expert Voices and Guest Lectures
**Description:** Leveraging high-caliber external experts authenticates the learning experience, bridges theory and practice, and provides students with direct exposure to real-world policy discourse.
**Implementation Details:** The course incorporates *""interviews of high officials""* and features numerous *""guest speakers""* that students specifically highlighted as a key strength. Learners described the instructors as *""wonderful""* and *""excellent,""* noting that these expert contributions provided *""quality study material""* that directly helped them *""understand the core of the subject.""* This implementation effectively models professional discourse in international relations.

### 4. Effective Use of Gamification and Interactive Learning Modules
**Description:** Gamified elements are strategically deployed to increase motivation, reinforce lesson objectives, and provide low-stakes opportunities for skill practice. Game-based learning has been shown to enhance engagement and improve knowledge transfer in higher education.
**Implementation Details:** Following each quiz, the instructor integrated *""games suggested for play after every quiz.""* Students identified the *""Game part""* as *""one of the most interesting""* components of the course. One learner specifically praised it as a *""herramienta MAGNÍFICA""* (magnificent tool) at the end of each lesson, noting it helped them *""learn how to understand political behavior""* and contributed significantly to the course being described as *""interesting and fun.""*

### 5. Well-Organized Course Architecture and Logical Progression
**Description:** A coherent module structure and clear thematic distribution facilitate smooth navigation, set clear learning expectations, and support progressive skill development.
**Implementation Details:** Students praised that *""los contenidos y la distribución de los bloques está muy bien""* (the content and block distribution is very good). The course features deliberate thematic pacing, including a dedicated seventh week that *""éclaire les événements majeurs de 2016""* (illuminates the major events of 2016), demonstrating intentional chronological and thematic structuring. The overall architecture was recognized as providing a solid framework for introductory learners.

### 6. High-Quality Multimedia and Data-Rich Supplementary Materials
**Description:** The strategic use of diverse media formats (video, readings, statistical data) supports multimodal learning preferences and builds a strong evidence-based foundation for analysis.
**Implementation Details:** The instructor provided *""very good access to reading""* and integrated video content that students found *""very useful.""* The course is described as being *""filled with lots of EU-related facts and statistics,""* which students found highly informative and foundational. This multimodal approach, combined with well-curated readings, enabled learners to build confidence, with one student noting they became *""more confident now discussing this topic""* as a direct result of the materials provided.

---
**Summary of Pedagogical Strengths:** The instructor demonstrates strong command of instructional clarity, multimodal content design, expert integration, and engagement strategies (particularly gamification). The course architecture is logically sequenced, and the deliberate inclusion of multiple perspectives and real-world expert insights creates a rich, foundational learning environment suitable for introductory international relations and European politics coursework.",3.625
20,google-cloud-java-spring,"
Based on the student comments and the classified analysis, the following strengths in teaching strategies have been identified. The description focuses exclusively on the positive pedagogical practices, instructional design, and implementation details observed.

### **Identified Strengths in Teaching Strategies**

#### **1. Robust Hands-On Laboratory Experiences**
*   **Description:** The course is highly effective at utilizing practice-based learning, emphasizing direct application of knowledge over passive consumption. Students consistently validate the quality of the lab work, noting that the practical sessions are the core strength of the course and are instrumental in skill acquisition.
*   **Implementation Details:**
    *   **Well-Structured Lab Instructions:** Students report that ""Lab setups are well maintained and provide step by step instructions"" (Comment 30). The instructions are described as clear and helpful, allowing students to follow along effectively.
    *   **High Value of Practical Sessions:** The practical component is described as ""very good practical sessions"" (Comment 29) and ""Good practice on GCP"" (Comment 14). Students explicitly state it is ""Very nice to focus on practicing GCP skills"" (Comment 26).
    *   **Effectiveness of Doing:** Learners confirm the efficacy of this approach, noting they ""learnt many new things while doing the lab"" (Comment 42) and that the ""hands on nature was incredible"" (Comment 33).
    *   **Platform Utility:** The use of Qwiklabs is recognized as a ""redeeming feature"" where students can ""fiddle around"" with tools like Google Cloud Shell and API manager, which students find ""really cool"" (Comment 3).

#### **2. Comprehensive Overview and Fundamental Coverage**
*   **Description:** The instructional design successfully provides a broad, foundational introduction to Google Cloud Platform (GCP), serving as an effective entry point for programmers. The course covers essential concepts thoroughly, ensuring students gain a holistic understanding of the platform's scope.
*   **Implementation Details:**
    *   **Full Exposure:** Students report gaining ""Complete exposure for any programmer to the GCP platform"" (Comment 24) and a ""fantastic overview of a broad range of GCP capabilities"" (Comment 33).
    *   **Foundational Knowledge:** The course is noted to ""cover fundamental concepts"" (Comment 31) and allows students to ""have an overall idea as well as hands on experience on basic components of GCP"" (Comment 30).
    *   **Onboarding Value:** It is described as a ""Good course to start journey on GCP with Spring Boot"" (Comment 41) and provides a ""Nice course if you are looking for an overview of Google Cloud Platform"" (Comment 20).

#### **3. Project-Based Learning and Deployment Integration**
*   **Description:** The course employs project-based strategies that require students to engage in end-to-end development workflows. This approach bridges the gap between tool usage and real-world application, specifically focusing on microservices architecture and production deployment.
*   **Implementation Details:**
    *   **Microservices Development:** Students report learning to ""develop micro-service using spring cloud and deploy in GCP"" (Comment 35). The course provides ""todo el conocimiento necesario para desplegar aplicaciones como microservicios"" (Comment 34).
    *   **Real-World Application:** The course is praised for the ""practical approach of creating and deploying spring cloud app in gcp services"" (Comment 32). Students appreciate ""working on the labs and real projects"" (Comment 36), indicating that the tasks simulate authentic development scenarios.
    *   **Deployment Competency:** Learners state they ""learned effectively how to use gcp to deploy sprnig boot micro services"" (Comment 37).

#### **4. Clarity in Specific Technical Explanations**
*   **Description:** While general theory is noted as limited by some, specific technical modules and complex configurations are delivered with high clarity and detail. The instructor effectively explains critical concepts, ensuring students understand the ""how"" and ""why"" of specific GCP integrations.
*   **Implementation Details:**
    *   **Targeted Explanations:** Students highlight that ""gae and gcp cloud config concepts was in particular was well explained in course"" (Comment 32).
    *   **Detailed Guidance:** The course is described as having a ""detail explanation"" regarding Google Cloud (Comment 39).
    *   **Instructional Quality:** Overall lab activities and instructions are rated positively, with one student noting ""Overall lab activities and instructions are good"" (Comment 31).

#### **5. Responsive Support and Engagement**
*   **Description:** The course fosters a supportive learning environment characterized by accessible staff assistance. Additionally, the engaging nature of the content maintains student interest and enthusiasm for the technologies.
*   **Implementation Details:**
    *   **Staff Accessibility:** Students appreciate the ""Great support from google staff,"" noting that ""any issue can be asked"" (Comment 22). This indicates a responsive support mechanism is in place.
    *   **Student Interest:** The course is described as ""interesting"" (Comment 28). The hands-on approach is found stimulating, with students finding the labs and projects ""amazing"" (Comment 36) and the course ""Awesome"" (Comment 29, 32, 43).

#### **6. Development of Student Confidence and Competency**
*   **Description:** The learning outcomes result in measurable increases in student confidence and practical competence. Students report feeling empowered to utilize GCP technologies and have a clear understanding of their capabilities for future projects.
*   **Implementation Details:**
    *   **Increased Confidence:** Students report feeling ""much more confident now in knowing what's out there, and what it would take to consume"" GCP services (Comment 33).
    *   **Tangible Learning Outcomes:** Learners express satisfaction with their progress, stating ""Learned a lot!"" (Comment 48) and finding the course ""very insightful in understanding GCP APIs"" (Comment 19). The course is viewed as ""Good, useful"" (Comment 40).",3.75
21,google-kubernetes-engine,"
Based on the student comments and the provided classification, here is the description of the teaching strengths identified in the course.

### **Strengths in Teaching Strategies**

#### **1. Effective Hands-on Learning and Lab Design**
**Description:** The course demonstrates exceptional strength in practical instruction, utilizing high-quality labs that reinforce theoretical concepts and promote durable skill acquisition. The labs are consistently highlighted as a central asset, providing a safe environment for repetitive practice and application.

**Implementation Details:**
*   **Comprehensive and Immersive Labs:** Students describe the labs as ""great,"" ""amazing,"" and ""excellent"" (Comments 6, 13, 24, 27, 38). The labs are designed to be comprehensive, offering substantial ""hands-on experience"" (Comment 23).
*   **Pedagogical Design for Retention:** The lab structure is intentionally designed to build muscle memory and command fluency. One student noted, ""Labs are designed in such a way that by the end of the course, you tend to remember the commands and use them almost unconsciously"" (Comment 25). This indicates a scaffolding strategy that moves students from guided practice to automaticity.
*   **Real-World Application:** Labs go beyond isolated tasks; they allow students to construct a ""working Continuous Delivery pipeline architecture"" and understand how Kubernetes incorporates into CI/CD pipelines for automation and orchestration (Comments 23, 29).
*   **Supportive Lab Environment:** The course provides a ""controlled environment on Google Cloud,"" which lowers the barrier to entry and allows for risk-free experimentation (Comment 35). Additionally, labs are ""provisioned with long time periods,"" giving students sufficient duration to ""slowly absorb the online descriptions"" and solidify knowledge without time pressure (Comment 24).

#### **2. Clarity and Comprehensibility of Explanations**
**Description:** Instructors excel at breaking down complex technical subject matter, ensuring that content is accessible and understandable. The teaching approach fosters clear conceptual grasp rather than rote memorization of scripts.

**Implementation Details:**
*   **Detailed Guidance:** Students appreciate the ""Clear and detailed instructions by the instructors,"" which facilitate smooth navigation through complex topics (Comment 12).
*   **Expert Communication:** The trainers are characterized as ""very knowledgeable"" with a distinct ability to ""convey complex concepts"" effectively (Comment 34). This suggests the use of analogies, structured explanations, or pacing that matches the cognitive load of the material.
*   **Conceptual Depth:** The instruction helps students understand the underlying rationale, with one student noting they could ""understand why we use docker, kubernetes and jenkins"" (Comment 26). Another student cited the course as providing the ""Best explanation about kubernetes"" (Comment 40).
*   **Utility for Beginners:** The clarity of instruction makes the course highly effective as an entry point, described as a ""Great course for getting started"" and a ""Nice Course Overview"" (Comments 37, 39, 41).

#### **3. Supportive Instructor-Student Relationship and Responsiveness**
**Description:** The course fosters a positive learning climate where students feel supported by the instructional team, particularly when encountering difficulties during practical work.

**Implementation Details:**
*   **Active Support:** Students report receiving ""very good support"" from the instructors. Specifically, one student mentioned that despite getting ""stuck in one of the labs,"" the support received was effective and positive (Comment 11).
*   **Positive Rapport:** The overall sentiment regarding the instructors is warm, with general descriptors like ""nice"" reflecting a respectful and approachable instructor presence (Comment 48, Classified comments).

#### **4. High Perceived Utility, Relevance, and Student Engagement**
**Description:** The course is highly valued for its practical relevance and efficiency. It successfully stimulates student interest and delivers tangible learning outcomes, even for learners with prior experience.

**Implementation Details:**
*   **Efficiency and Density:** The course is praised as a ""fantastic crash-course that crams a vast amount of information into a small learning window,"" indicating an efficient curriculum design that maximizes learning time (Comment 24).
*   **Broad Appeal and Value:** Students find the course ""very useful"" (Comments 20, 44) and report an ""awesome experience"" overall (Comment 23). The engagement is high enough that students express a desire to ""participate"" in similar opportunities again (Comment 26).
*   **Value for Experienced Learners:** The course provides significant value beyond the beginner level. A software engineer with two years of Kubernetes experience stated they ""definitely learned a lot from this course,"" suggesting the content offers advanced insights or specific architectural knowledge applicable to professionals (Comment 28).
*   **Skill Transfer:** Students report gaining ""good insight"" and the ability to apply concepts, such as understanding container management on Google Cloud and the integration of CI/CD workflows (Comments 30, 32, 29).

### **Summary of Strengths**
The teaching strategy is anchored by **excellent lab implementation** that prioritizes hands-on practice, retention, and real-world pipeline construction within a supported environment. This is complemented by **clear, expert instruction** that makes complex topics accessible and fosters deep conceptual understanding. The **supportive relationship** with instructors and the **high utility** of the content result in strong student engagement, positive outcomes, and satisfaction across varying levels of prior expertise.",4.142857142857143
22,html,"
Based on the student evaluation data provided, the following strengths in teaching strategy and course design are evident. Each strength is described through a pedagogical lens, followed by specific details of how the instructor implemented these practices.

---

### 1. Clarity and Comprehensibility of Instructional Content
**Description:** The instructor demonstrates a strong capacity to structure and deliver complex technical material in a logical, accessible, and highly understandable manner. Clear instructional design reduces cognitive load and ensures that learners can easily follow conceptual progressions.
**Instructor Implementation Details:** 
- The instructor delivers content through ""well presented and explained"" video lectures that students consistently describe as ""good understandable videos.""
- Instructional sequencing is methodical, starting from foundational concepts and progressively building toward advanced application, described by students as covering the material ""from scratch to the best.""
- The instructor proactively anticipates learner difficulties, explicitly guiding students through ""all the hooks and corners of HTML5"" and ""discussing even the points where students can stumble upon or make flaws,"" which demonstrates expert-level instructional foresight and clear error-prevention scaffolding.

### 2. Promotion of Active Learning & Knowledge Application
**Description:** The course design intentionally shifts students from passive consumption to active engagement, requiring them to apply theoretical knowledge through direct practice and coding exercises. This aligns with constructivist learning principles where knowledge is solidified through doing.
**Instructor Implementation Details:**
- The course structure avoids hand-holding, requiring students to ""get interactive with the coding to actually learn it,"" which fosters autonomy and deeper technical retention.
- Video lectures are deliberately paced and structured to ""encourage lots of practice,"" prompting immediate application of concepts.
- The curriculum is enriched with ""neat practical examples"" that bridge the gap between abstract HTML syntax and real-world web development tasks, reinforcing learning through contextual application.

### 3. Integration of Professional Standards & Accessibility Ethics
**Description:** Beyond basic syntax, the instructor prioritizes industry-relevant best practices, with a pronounced emphasis on web accessibility and semantic design. This cultivates responsible, professional coding habits and aligns student learning with modern technological ethics.
**Instructor Implementation Details:**
- A ""nice emphasis on accessibility"" is woven throughout the curriculum, teaching students how to ""make web page[s] accessible to more and more people.""
- The instructor focuses on ""design with best practice in mind,"" intentionally training learners to recognize and avoid ""bad habits that would otherwise creep into their own developing style unnoticed.""
- Students report learning crucial professional concepts often overlooked in introductory courses, including ""the need for understanding semantics, syntax, and accessibility,"" which prepares them for real-world front-end development standards.

### 4. Project-Based Competency Validation
**Description:** The course utilizes a capstone-style assessment model that allows students to synthesize course material and demonstrate mastery through a tangible, application-focused deliverable.
**Instructor Implementation Details:**
- Learning culminates in a dedicated ""Final Project"" specifically designed to ""test your understanding of HTML5.""
- This project-based approach provides students with a structured opportunity to integrate isolated coding skills into a cohesive, functional webpage, validating their competence through authentic performance rather than rote memorization.

### 5. Instructor Enthusiasm, Approachability & Learner Support
**Description:** The instructor cultivates a positive, motivating learning environment through genuine subject-matter enthusiasm, a friendly pedagogical tone, and consistent academic support. These affective dimensions significantly enhance student motivation and course engagement.
**Instructor Implementation Details:**
- Students repeatedly characterize the instructor's delivery as ""awesome,"" ""friendly and engaging,"" and ""very effective,"" reflecting high instructional presence and rapport.
- The instructor demonstrates strong academic mentorship by being ""very helpful"" and actively working to ""push the learners through the material,"" indicating a commitment to student persistence and success.
- Multiple students express direct gratitude for the instructor's dedication, noting that she ""taught so well about html5"" and provided guidance that left them feeling supported and confident in their learning journey.

### 6. Beginner-Appropriate Scaffolding & Conceptual Foundation Building
**Description:** The course is expertly calibrated to serve as a low-barrier, non-intimidating entry point for novices while still offering sufficient depth to function as a valuable refresher for intermediate learners. This demonstrates responsive course design attuned to diverse learner readiness levels.
**Instructor Implementation Details:**
- The syllabus is intentionally structured as a ""decent non-overwhelming course to start front-end development,"" carefully pacing content to prevent cognitive overload.
- Instruction begins at the foundational level, progressively guiding students from ""how a webpage works to how to create and put up our own webpages on the internet.""
- Students across varying backgrounds (absolute beginners, IT undergraduates, career-changers) consistently validate the course as an ""excellent start,"" a ""great overview,"" and a ""good refresher,"" confirming that the scaffolding successfully bridges knowledge gaps without condescension or unnecessary complexity.

---

These strengths collectively illustrate a well-calibrated introductory course that balances technical accuracy, active application, professional ethics, and learner-centered support. The instructor’s implementation consistently aligns with evidence-based practices in online higher education and introductory computer science pedagogy.",4.041666666666667
23,instructional-design-foundations-applications,"
Based on the student comments and the analyzed classification, the following description outlines the **STRENGTHS** in the teaching strategies and course design. Weaknesses and areas for improvement have been excluded as requested.

### **Identified Strengths in Teaching Strategies and Course Design**

#### **1. Comprehensive and High-Quality Content**
*   **Description:** Students consistently praise the depth, breadth, and utility of the course content. The material is described as highly informative, well-sustained, and packed with valuable information that provides a thorough overview of the Instructional Design (ID) field.
*   **Specific Implementation Details:**
    *   The course covers essential foundational topics, including the history of ID, learning theories, learning styles, domains, various ID models (e.g., ADDIE), needs analysis, and the formulation of goals and objectives.
    *   The content is viewed as ""very useful"" and ""insightful"" for building professional knowledge.
    *   Students acknowledge that the course is ""packed with information"" and provides a ""complete exposure"" to the introduction of ID.
    *   **Verbatim Evidence:** ""Comprehensive,"" ""packed with information,"" ""very useful,"" ""insightful,"" ""content is great,"" ""muy completo,"" ""bien sustentado"" (well-sustained), ""great overview,"" ""very informative.""

#### **2. Effective Foundation Building and Career Value**
*   **Description:** The course is highly effective at serving as a strong introduction to the discipline, helping students build a solid conceptual framework and clarifying career pathways. It is valued for its role in helping beginners and career-changers understand the scope and requirements of Instructional Design.
*   **Specific Implementation Details:**
    *   Students report that the course successfully facilitates mastery of the ""most important foundation"" of the ID world.
    *   It is described as a ""valuable introduction"" and a ""great start"" for those entering the field.
    *   The course helps learners gain ""useful insights"" into the world of ID, aiding in career decision-making (e.g., for L&D professionals deciding to specialize).
    *   Multiple students explicitly state they ""learned a lot"" and gained a grasp of ID concepts that were previously unknown.
    *   **Verbatim Evidence:** ""Good foundation,"" ""excellent introduction,"" ""great start,"" ""valuable introduction,"" ""facilitates many students to know the most important foundation,"" ""insightful programs,"" ""absolute first step in my journey,"" ""learned a lot,"" ""get a small grasp of what ID is.""

#### **3. Logical Structure and Course Organization**
*   **Description:** The course is commended for its clear, logical organization and well-planned learning environment. Students find the structure easy to navigate and the progression of topics coherent, which contributes to a manageable and efficient learning experience.
*   **Specific Implementation Details:**
    *   The course is described as ""well-structured,"" ""logical,"" and ""well-designed,"" facilitating an environment that is ""easy to follow.""
    *   The learning environment is noted as ""well-planned"" with adequate activities.
    *   Students appreciate that the course is ""manageable"" and constitutes a ""solid program"" that is efficient and convenient for learners.
    *   The pacing is noted as ""very good"" by some students.
    *   **Verbatim Evidence:** ""Well-structured, in-depth,"" ""Structure, logical, well presented, easy to follow,"" ""well-designed,"" ""well planned learning environment,"" ""manageable,"" ""solid program,"" ""efficient, convenient,"" ""easily accessible,"" ""very good content and pace.""

#### **4. Value of Specific Resources and Activities**
*   **Description:** Certain course resources and activities are highlighted as particularly effective tools for learning. Students identify the readings, transcripts, and writing assignments as key strengths that support comprehension and skill development.
*   **Specific Implementation Details:**
    *   **Readings:** The required readings are frequently cited as the ""most useful part"" of the course, with students noting they are helpful for learning about models and analysis.
    *   **Transcripts:** The availability of transcripts is appreciated as a helpful tool, particularly for aiding comprehension and accessibility.
    *   **Assignments:** Writing assignments and projects are praised for contributing to understanding and development. Tasks are described as ""helpful"" and ""interesting,"" assisting students in消化 (digesting) and applying the material.
    *   **Verbatim Evidence:** ""Readings were the most useful part,"" ""contents and resources are very useful,"" ""glad there was a transcript,"" ""writing assignments contributed to my understanding,"" ""liked the projects,"" ""task given is also very helpful,"" ""tareas están interesantes"" (tasks are interesting).

#### **5. Balance of Theory and Practical Application**
*   **Description:** While some critique the theory load, a significant number of students perceive the course as successfully balancing theoretical concepts with practical relevance. The content is viewed by these students as applicable to real-world scenarios and professional practice.
*   **Specific Implementation Details:**
    *   Students note the course covers both ""theoretical concepts as well as real life applications.""
    *   The course is described as being ""theoretical and practical at the same time.""
    *   The content is seen as useful for implementation, such as helping teachers ""implement their lesson/course planning"" and providing methods of analysis applicable to professional work.
    *   **Verbatim Evidence:** ""Theoretical and practical at the same time,"" ""real life applications,"" ""implement their lesson/course planning,"" ""provides methods of Analysis in ADDIE.""

#### **6. Student Engagement, Satisfaction, and Community**
*   **Description:** The course fosters a positive learning atmosphere characterized by student interest, high satisfaction, and a supportive peer community. Elements such as scholarships and challenging assessments are also viewed positively, contributing to student motivation and recommendation of the course.
*   **Specific Implementation Details:**
    *   Students express excitement and interest, describing the course as ""interesting"" and ""cool.""
    *   The learning community is praised as ""great"" and ""encouraging,"" with fellow students providing a positive social learning environment.
    *   Institutional support features, such as scholarship options, are explicitly appreciated and enhance the student experience.
    *   Assessments are viewed positively by some as ""retadores"" (challenging), indicating an appropriate level of intellectual rigor for those students.
    *   High satisfaction is reflected in strong recommendations and positive overall ratings.
    *   **Verbatim Evidence:** ""Very interesting,"" ""Excited about this class,"" ""Great community of encouraging fellow students,"" ""loved the options for scholarships,"" ""exámenes retadores"" (challenging exams), ""highly recommend,"" ""Very happy to have completed it,"" ""benefited alot,"" ""Great Course.""

#### **7. Instructor Expertise**
*   **Description:** Students acknowledge the high level of subject matter expertise among the instructors. The quality of the content reflects the deep knowledge and skill of the teaching faculty.
*   **Specific Implementation Details:**
    *   Professors are described as ""skilled"" in their field.
    *   Specific instructors are recognized as experts, lending credibility to the course material.
    *   **Verbatim Evidence:** ""Many of the professors are skilled,"" ""Dr. Huang may be an expert in this field.""

#### **8. Clarity and Presentation of Materials**
*   **Description:** Despite mixed feedback on video delivery, specific aspects of material presentation are praised for their clarity and accessibility. Students find the resources well-presented and the content easy to understand.
*   **Specific Implementation Details:**
    *   Materials are described as ""well-presented"" and ""easy to follow.""
    *   Some students appreciate the instructor's presentation style, describing it as ""cool and easy to understand.""
    *   **Verbatim Evidence:** ""Well presented, easy to follow,"" ""instructor presents the material in a cool and easy to understand style.""",3.8541666666666665
24,intro-economic-theories,"
Based on a pedagogical analysis of the student feedback, the following strengths in teaching strategies have been identified. Each strength includes a concise description and specific details on how the instructor(s) implemented the practice.

### 1. Conceptual Clarity and Structured Pedagogical Scaffolding
**Description:** The instructor employs a highly organized, step-by-step instructional approach that breaks down complex economic theories into accessible, logically sequenced components. This reduces cognitive load and supports progressive knowledge building.
**Implementation Details:** 
- Lectures and tutorials are designed to be ""easy to follow"" and ""logically compiled,"" providing a clear ""step-by-step guide to economics.""
- Complex concepts are clarified in a ""clear and lucid manner"" through deliberate use of relevant examples, well-structured diagrams, and graphs that visualize theoretical relationships.
- Communication is consistently refined to ensure theoretical explanations are direct and conceptually digestible, allowing students to grasp core mechanics without unnecessary abstraction.

### 2. Pluralistic and Multi-Perspective Curriculum Design
**Description:** The course intentionally integrates multiple theoretical frameworks to foster critical analysis, epistemic flexibility, and a comprehensive understanding of economic phenomena beyond a single paradigm.
**Implementation Details:**
- The syllabus explicitly covers four distinct perspectives (social, institutional, Post-Keynesian, and Neoclassical economics), examining core issues ""from different angles.""
- Instruction emphasizes the practical value of triangulating theories to address real-world societal problems and understand policy implications.
- This multi-lens approach directly answers foundational ""why?"" questions about modern macroeconomics and business models, providing students with a ""comprehensive understanding"" and ""in-depth"" analytical tools applicable to diverse financial and societal issues.

### 3. Instructor Enthusiasm and Inspirational Facilitation
**Description:** The teaching team demonstrates genuine intellectual passion and interpersonal warmth, which significantly elevates student motivation, course engagement, and perceived value.
**Implementation Details:**
- Lectures are delivered with a ""light touch of humour,"" preventing content from feeling dry or overly academic.
- Professors Irene Van Staveren, Rod Van Tulder, and Maria Dafnomili are consistently described as ""amazing,"" ""inspiring figures,"" and ""good facilitators"" who create an ""enriching and wonderful learning experience.""
- The ""Pop-up Professor"" segments are strategically used to provide concise, high-value insights that supplement core lectures, keeping students intellectually engaged and supported.

### 4. Flexible, Self-Paced Learning Architecture
**Description:** The course leverages asynchronous design principles to accommodate diverse schedules, learning speeds, and revision needs, promoting learner autonomy and reducing performance anxiety.
**Implementation Details:**
- All lecture videos are downloadable, enabling students to ""watch again and again until [they] grasp the essence"" of challenging topics.
- The self-paced structure removes rigid deadline pressures, creating a ""supportive"" environment that allows learners to progress according to their individual comprehension timelines.
- This flexibility extends to supplementary tutorials and modular content, making the course highly adaptable to students balancing professional or graduate-level coursework.

### 5. Accessibility and Cross-Disciplinary Relevance
**Description:** The instructional design successfully demystifies economics for learners without prior disciplinary training, making advanced theoretical content approachable and directly relevant to diverse professional backgrounds.
**Implementation Details:**
- The course serves as an effective ""introduction to economics"" that requires minimal prior knowledge, yet remains substantive enough to support advanced learners (e.g., Master's students in Finance).
- Content is strategically framed to generate ""aha moments"" and ""constant sources of surprises"" for students transitioning from fields like natural sciences, medicine, or engineering.
- By connecting abstract economic theories to tangible societal and career contexts, the instructor successfully helps students from non-traditional backgrounds ""find their way"" and recognize the direct applicability of economic reasoning to their own disciplines.

### 6. Cultivation of Independent Inquiry and Peer Collaboration
**Description:** The assessment and learning activities are structured to promote autonomous research skills and constructive peer feedback, aligning with higher education goals of fostering scholarly independence.
**Implementation Details:**
- Assignments are designed to be approachable yet require students to ""do your own research,"" effectively scaffolding independent academic inquiry.
- The peer grading system is implemented successfully and rated as the ""best,"" facilitating collaborative learning, exposure to diverse analytical approaches, and development of critical evaluation skills.
- This structure encourages students to move beyond passive consumption of content toward active knowledge construction and scholarly dialogue.",4.111111111111111
25,intro-to-healthcare,"
### Strengths in Teaching Strategies

**Strength: Effective Use of Examples to Generate Interest**
*   **Description:** The instructor successfully integrated examples into the curriculum that resonated with students, fostering engagement and positive interest in the subject matter. The use of examples contributed to a favorable perception of the unit content.
*   **Specific Implementation Details:** The instructor utilized illustrative examples specifically within the **ethics unit**. Student feedback indicates that these examples were perceived as **""interesting,""** suggesting that the instructor selected or presented examples that were relevant, compelling, or thought-provoking enough to capture student attention and enhance the learning experience for that specific topic.",4.0
26,introduction-cybersecurity-cyber-attacks,"
Based on a pedagogical analysis of the student feedback, the following teaching strategy strengths have been identified. Each strength is presented with a descriptive overview grounded in higher education learning theory, followed by specific details on how the instructor/course implemented it.

### 1. Leveraging Industry Expertise for Credible Instruction
- **Description:** Utilizing recognized subject-matter experts and institutional authority to deliver content, which enhances instructional credibility, reinforces content accuracy, and bridges academic theory with professional practice.
- **Instructor Implementation Details:** The course is explicitly taught by IBM professionals, which students recognize as ""top notch expertise"" and a demonstration of IBM's institutional ""know-how."" Instructors are described as ""people genius in their field"" and ""great professionals,"" establishing a strong foundation of trust. This expert-led delivery ensures that foundational concepts are grounded in real-world industry standards rather than purely theoretical frameworks.

### 2. Comprehensive and Appropriately Scoped Conceptual Foundation
- **Description:** Structuring curriculum content to systematically deliver core concepts with optimal depth, ensuring learners build a solid knowledge base without cognitive overload.
- **Instructor Implementation Details:** The instructional design provides a ""comprehensive overview of cybersecurity concepts"" and serves as a ""good foundation into CyberSecurity."" Students consistently note that content coverage is ""at just the right level of detail,"" with one student highlighting that the course ""explains the concepts in depth."" The pacing is efficiently managed, described as ""brief but great information,"" allowing learners to absorb foundational material without unnecessary tangents.

### 3. Clear, Straightforward, and Accessible Explanations
- **Description:** Presenting complex or technical information in a direct, uncluttered manner that reduces cognitive load and supports comprehension for learners at the introductory level.
- **Instructor Implementation Details:** The instructional approach is characterized as ""pretty straight forward,"" with students affirming that the ""Basics of Cybersecurity have been explained excellently."" The material is delivered in a way that makes complex domains approachable, with feedback noting that ""Basic are covered very well"" and the course serves as a ""very good start."" This clarity ensures that beginners can successfully navigate introductory cybersecurity terminology and frameworks.

### 4. Integration of Real-World Relevance and Career Applicability
- **Description:** Connecting course content to professional contexts, industry trends, and future career trajectories to enhance intrinsic motivation and perceived utility.
- **Instructor Implementation Details:** The course successfully frames cybersecurity knowledge as broadly applicable, with students noting the material is useful ""as the world is becoming more digitalized everywhere."" It is specifically tailored to be ""suitable for IT professionals working in environment"" and explicitly prepares learners for employment, with feedback calling it a ""Great course for every person who want to start cyber-security job."" The content increases awareness of the ""cyber security domain and its current concerns,"" effectively bridging classroom learning with workforce readiness.

### 5. Provision of Curated Supplementary Resources and Tools
- **Description:** Extending learning beyond core lectures by providing external tools, reference links, and reporting platforms that scaffold independent study and support continuous professional development.
- **Instructor Implementation Details:** Instructors integrated ""useful resources and tools that will help me with my current studies and for future career opportunities."" The course curates and shares ""quite a few useful links/resources where you can get more information,"" including specific websites for viewing live cybersecurity threat reports. This resource-rich approach empowers students to independently explore technical details, such as ""types of firewalls how its working"" and various ""cyber security tools,"" fostering self-directed learning habits.

### 6. Stimulating Student Interest and Fostering Academic Enthusiasm
- **Description:** Designing course elements that inherently engage learners, maintain positive affective responses, and encourage continued academic pursuit across a program sequence.
- **Instructor Implementation Details:** The course successfully generates high levels of student engagement, with learners describing it as ""really very interesting and informative,"" ""amazing,"" and a ""BEST EVER JOURNEY."" The inclusion of ""latest updates about cybersecurity threats"" keeps content dynamic and timely, preventing stagnation. This enthusiasm translates into measurable forward momentum, with students stating they ""cannot wait to learn more!"" and are ""Looking forward to completing the 4 class program."" Consistent feedback indicates students ""enjoyed a lot learning this course"" and feel they have ""learned a great deal,"" demonstrating strong motivational scaffolding.",4.208333333333333
27,introduction-to-computer-programming,"
Based on the student comments and the provided analysis, here is a description of the **strengths** in the teaching strategies employed in this course. These strengths are categorized by pedagogical practice, with specific descriptions and details regarding the instructor's implementation as documented in the feedback.

### 1. Beginner-Centered Clarity and Accessibility
The course demonstrates a strong ability to make complex programming concepts accessible to novices, ensuring that students with no prior experience can successfully acquire foundational skills.
*   **Description:** The instructional design prioritizes clarity, resulting in a welcoming environment for learners entering the field of computer science. Students consistently report that the material is easy to digest and effectively bridges the gap for non-programmers.
*   **Implementation Details:**
    *   **Simplified Explanations:** Students describe the course as ""simply taught"" and note the ""good elucidation of concepts."" The explanations are characterized as ""very simple and clear,"" allowing students to grasp basics without overwhelming prior knowledge.
    *   **Targeted Onboarding:** The course is praised as an ""excellent way to introduce newbies,"" helping students who ""did not know a thing about programming"" acquire necessary skills. It is highlighted as a recommended starting point for those who are ""curious but doesn't know where to start.""
    *   **Straightforward Guidance:** Instructors guide students through technical details in a ""very straightforward manner,"" making the learning trajectory easy to follow.

### 2. Development of the ""Coding Mindset"" and Professional Autonomy
A significant strength is the course's focus on cultivating the soft skills and cognitive habits essential for programming, rather than just teaching syntax. The pedagogy fosters independence and resilience.
*   **Description:** The teaching strategy emphasizes the development of core programmer traits, encouraging students to become self-reliant problem solvers. This approach builds confidence and prepares students for the realities of a technical career.
*   **Implementation Details:**
    *   **Skill Beyond Syntax:** The course explicitly establishes ""the most basic skills that a programmer needs,"" including ""Patience, Problem-solving, Research, Flexibility, and Flow.""
    *   **Fostering Self-Reliance:** The structure encourages independent learning; students note that instructors ""give you the tools to find out all the answers you need by yourself."" This promotes a habit of ""self learning through other means"" and resourcefulness.
    *   **Building Resilience:** The course helps students overcome the ""hitches encountered when learning syntax"" by providing a ""sense of accomplishment."" Students report discovering they are ""capable of facing coding challenges,"" and express deep satisfaction in completing the course despite difficulties, noting, ""I feel extremely happy to complete it.""
    *   **Philosophical Approach:** The course presents a ""well-presented philosophy for coding and developing 'the coding mind',"" offering students a framework for thinking like a developer.

### 3. Results-Oriented Engagement via Visual Programming
The choice of teaching tools and assignment types creates a highly engaging, dynamic, and motivating learning environment that sustains student interest.
*   **Description:** The use of visual programming libraries and interactive assignments transforms abstract code into tangible outcomes, which captures student interest and drives motivation through immediate feedback and creativity.
*   **Implementation Details:**
    *   **Use of p5.js Library:** The course utilizes the p5.js JavaScript library, which students find ""fascinating"" and a ""nice way to draw over html pages or images."" This visual focus makes the content ""dynamic"" and ""fun.""
    *   **Immediate Visual Feedback:** Assignments focus on ""drawing shapes and manipulating them using code,"" which provides learners with instant visual results. This results-oriented approach gives beginners the ""sense of accomplishment needed"" to stay motivated.
    *   **Interactive and Gamified Elements:** Students describe the assignments as ""interactive programming assignments"" and ""interesting exercises."" The ""Sleuth"" assignments, despite technical criticisms, are noted by students as providing an ""interactive and fun way to learn"" and are described as ""interesting"" tasks that add a game-like element to the coursework.
    *   **High Engagement:** The overall experience is described as ""very enjoyable,"" ""good and reliable,"" and having a ""real positive effect on one's education."" Students report continuing the course ""for fun"" and being ""eager to learn more.""

### 4. High-Quality Instructional Delivery and Resources
The course features well-produced instructional materials and an approachable instructor presence that supports the learning process effectively.
*   **Description:** The quality of the videos, illustrations, and instructor demeanor contributes to a positive learning experience, providing students with reliable references and clear visual aids.
*   **Implementation Details:**
    *   **Effective Instructor Videos:** Videos are praised as ""very good, well explained,"" and a ""great reference."" Students appreciate the ability to ""view transcripts, go back to answer questions, or review materials,"" indicating accessible and multi-modal resource delivery.
    *   **Likeable Instructor Presence:** Instructors are described as ""very likeable lecturers."" Students specifically thank instructors (Dr. Simon Katan and Dr. Edward) for providing the ""strength"" needed to pursue their programming dreams, indicating a supportive and inspiring teaching presence.
    *   **Clear Visual Aids:** The course materials include ""very simple and clear illustration"" which supports the verbal explanations and helps convey concepts effectively.

### 5. Progressive Pacing and Balanced Challenge
The course structure successfully balances accessibility with rigor, offering a challenge level that stimulates critical thinking without discouraging learners.
*   **Description:** The curriculum is designed with a logical progression that builds complexity over time, maintaining an appropriate difficulty level that challenges students to grow while remaining achievable.
*   **Implementation Details:**
    *   **Excellent Pacing:** Students report that ""pacing was excellent,"" noting that the course ""started slow and simple but it built up."" This scaffolding allows students to gradually transition to solving coding problems independently.
    *   **Appropriate Difficulty:** The course is described as ""very challenging (which is good!)"" and ""incredibly challenging,"" with students noting the difficulty level is ""very high"" but rewarding. It is ""challenging enough to make [students] think critically"" while remaining engaging.
    *   **Incremental Challenges:** The course presents ""small challenges throughout,"" which helps maintain momentum and allows students to test their skills progressively.
    *   **Critical Thinking Promotion:** The assignments encourage learners to ""think critically"" and improve their scores, fostering a growth mindset where students actively seek to improve their performance.

These strengths highlight a course that is highly effective at introducing programming to beginners through clear, engaging, and visually oriented instruction, while simultaneously building the autonomy, resilience, and problem-solving skills necessary for long-term success in computer science.",3.9791666666666665
28,introduction-trading-machine-learning-gcp,"
Based on the analysis of the student comments, the following strengths in teaching strategies and course design have been identified. These strengths focus on the course's effectiveness as an introduction, the quality of theoretical and practical content, structural clarity, and the positive impact on student learning outcomes.

### **1. Effective Foundational Introduction for Beginners**
*   **Description:** The course is widely praised for serving as a solid entry point for learners who are new to the intersection of machine learning, finance, and cloud computing. It successfully establishes a baseline understanding without overwhelming students, making it accessible to those at an introductory level.
*   **Specific Implementation Details:**
    *   Students consistently describe the course as a ""Great for beginners"" resource and a ""Good as introductory course"" that provides a ""Good start material for ML and Cloud Computing.""
    *   The course is noted for giving students a ""basic background on ML & GCP"" and offering a ""Great introduction course that gives you an idea of various concepts of machine learning.""
    *   The content is recognized as appropriate for its level, with students confirming it is an ""Introduction level"" course that effectively sets the stage for more advanced study.

### **2. Strong Theoretical Foundation with Financial Application**
*   **Description:** Instructors provide clear, interesting, and well-covered theory that effectively connects machine learning concepts to financial trading contexts. Students value the conceptual depth regarding how ML functions as a problem-solving tool in finance.
*   **Specific Implementation Details:**
    *   Students highlight that the course ""Very well covered the theory of Training and its representation as a problem solving tool when it comes to predicting future prices.""
    *   The ""Theory of the financial part was interesting,"" and students appreciate the ""Nice theory"" presented in the material.
    *   Specific financial applications are valued, particularly regarding ""ARIMA models for finance,"" where students reported they ""learned a fair amount.""
    *   The course is described as a ""Good course on the applications of ML to stock trading"" and offers an ""amazing way to use data science in finance.""

### **3. High-Quality Technical Implementation via AI Notebooks**
*   **Description:** The practical components of the course, particularly the use of AI notebooks and Google Cloud tools, are highly regarded for their usability, industry relevance, and clear guidance on tool utilization.
*   **Specific Implementation Details:**
    *   Students find the ""AI notebooks are awesome"" because they ""use a language and tools that everyone knows (python notebook) but on a virtual machine managed in the cloud,"" lowering the barrier to entry.
    *   Labs ""provide explanations on how to utilize the ML libraries available,"" supporting student understanding of technical workflows.
    *   The course allows students to ""test google cloud services"" effectively, providing a ""great introduction to the principles of using Google Cloud Tools to build machine learning models for trading.""

### **4. User-Friendly Structure and Pedagogical Support**
*   **Description:** The course is structured to be highly accessible, breaking down complex topics into manageable steps. The implementation emphasizes clarity, step-by-sequencing, and the use of examples to support learning.
*   **Specific Implementation Details:**
    *   The course is ""structured very user friendly for understanding the forest rather than the trees,"" helping students grasp high-level concepts without getting lost in excessive detail prematurely.
    *   Instructors ""introduced [the] complex subject step by step with many examples,"" facilitating a progressive learning curve.
    *   Students note there is a ""lot of examples and theories with practices,"" which helps them ""learn more about the underlying principles.""
    *   The course is described as ""Easy to follow,"" ""quite clear,"" and makes ""everything easier"" for the learner.

### **5. Comprehensive Breadth and Unique Subject Coverage**
*   **Description:** The course covers a wide breadth of models and addresses specific topics, such as time-series analysis, that students find rare and valuable in other educational offerings.
*   **Specific Implementation Details:**
    *   Students appreciate that the course ""gives a lot of breadth as an introduction to machine learning in finance.""
    *   It provides a ""basic understanding of few types of models including linear regression, time series and neural networks.""
    *   Students highlight the uniqueness of the content, noting ""there are very few courses that cover time-series analysis,"" making this specific topic a standout feature.
    *   The course is viewed as a ""key course for the next generation"" due to its comprehensive scope.

### **6. Positive Student Learning Outcomes and Engagement**
*   **Description:** Students report tangible learning gains, successful integration of prior knowledge, and high levels of interest and motivation generated by the course materials.
*   **Specific Implementation Details:**
    *   Students state they ""learned a fair amount,"" particularly regarding the application of models to finance.
    *   The course helped students ""tune already forecasting knowledge to look more into machine learning,"" demonstrating effective bridging of concepts.
    *   The course is described as ""Very interesting,"" and many students express enthusiasm for future modules, stating they are ""looking forward to next courses.""
    *   Students recommend the course for ""anyone interested on more time-series type of analysis and ML"" and acknowledge the course provides ""valuable content"" that opens up ""a lot of possibilities.""",3.306122448979592
29,japanese-1,"
Based on the student comments provided, here are the identified strengths in the teaching strategies, described with their specific implementation details.

### **1. Well-Organized, Step-by-Step Course Structure**
*   **Description:** The course is praised for its logical progression and clear organization, which allows students to build knowledge incrementally and navigate the material without confusion. The structure supports a cumulative learning approach.
*   **Implementation Details:**
    *   Students describe the course as a **""step by step guide""** that effectively helps learners **""build up your vocabulary.""**
    *   The overall structure is commended as **""muy bien planteada""** (very well planned), contributing to the course being **""easy to follow along.""**
    *   This organized approach enables students to **""correlate all that I had learnt about Japanese into one resource,""** suggesting the course successfully synthesizes information in a coherent manner.

### **2. Clarity of Explanations and High-Quality Materials**
*   **Description:** Instructors and course designers provide clear, comprehensible explanations and high-quality instructional resources that facilitate understanding and reduce cognitive load.
*   **Implementation Details:**
    *   Students explicitly note **""NICE EXPLANATION""** and state that **""Japanese Instructions was clearly given and understandable.""**
    *   The course materials are rated highly, with one student describing them as **""el material excelente""** (excellent material) and another noting **""Great content.""**
    *   The clarity of the materials supports students in learning **""new words and new grammar rules""** and allows even those with some prior knowledge to find the course **""very easy to understand and practical.""**

### **3. Effective Interactive Practice and Formative Assessment**
*   **Description:** The course utilizes interactive elements, exercises, and quizzes that actively support skill acquisition, provide opportunities for error correction, and reinforce learning through repetition and application.
*   **Implementation Details:**
    *   The course includes **""practice exercises""** that help students **""train in writing the Japanese script,""** providing hands-on opportunity to develop writing skills.
    *   **""Practice Quiz[zes] helped a lot in learning my mistakes over and over,""** indicating that the assessment mechanisms are effective for identifying and correcting errors.
    *   Students appreciate that the **""quiz and test created a deeper understanding towards the course.""**
    *   The interactive nature is highlighted as a strength, with feedback noting the course is **""really interactive""** and that **""Reading and writing exercise were good.""**
    *   The platform itself contributes to this practice, as it is described as **""muy fácil de manejar""** (very easy to handle), and exercises are **""se comprenden muy bien""** (well understood).

### **4. Comprehensive Skill Development and Learning Outcomes**
*   **Description:** The teaching strategies result in tangible improvements across multiple language domains, including reading, writing, speaking, and grammar consolidation. The course is effective for both absolute beginners (with proper progression) and learners revising prior knowledge.
*   **Implementation Details:**
    *   Students report moving from **""zero knowledge of Japanese to finally being able to read, write and speak basic Japanese,""** demonstrating successful foundational skill acquisition.
    *   The course helped students **""get basic knowledge of writing and speaking Japanese""** and **""solidified my grammar and improved my writing skills.""**
    *   It is valued for allowing learners to **""revise your Japanese""** and learn **""new concepts that weren't available in your previous courses.""**
    *   The course is described as **""muy didáctico""** (very didactic), reflecting its effectiveness in teaching.

### **5. High Student Satisfaction and Motivation for Continued Learning**
*   **Description:** The overall teaching approach generates strong positive responses, high satisfaction, and motivation for students to continue their language learning journey.
*   **Implementation Details:**
    *   Students express strong endorsement with phrases such as **""The best I could have asked for,""** **""Excellent course,""** and **""ITS WAS SO GOOD.""**
    *   The perceived value leads to high retention intent, with one student stating they **""would do it again!!!!""**
    *   The effectiveness of the course motivates further study; students report they **""learnt a lot""** and express hope for additional courses to achieve fluency, noting, **""i am sure that if i took more courses will be able to speak and understand japanese fluently.""**
    *   The course is consistently described as **""very helpful""** and **""Great teaching concepts,""** reflecting a high level of student appreciation for the instructional design.",3.5294117647058822
30,legal-tech-startups,"
Based on the student comments provided, the following strengths regarding teaching strategies and course design have been identified. These descriptions focus exclusively on the positive aspects of the instructor's implementation and the resulting student learning experiences.

### **1. Clarity, Comprehensibility, and Accessible Explanations**
*   **Description:** The instructor demonstrates a strong ability to demystify complex, interdisciplinary topics, making them accessible to a broad audience, including those without prior technical or business backgrounds. The explanations are characterized by clarity, simplicity, and a focus on helping students grasp the rationale behind key concepts.
*   **Implementation Details:**
    *   **Simplification of Complexity:** Students note that the instructor presents information in a ""delightful way"" and makes ""complex issues seem easy to realize and understand."" The course is described as being taught in a ""language that everyone can understand,"" effectively bridging the gap between law, technology, and business.
    *   **Rationale and Wisdom:** The instructor does not just present facts but explains the underlying logic. For example, students appreciated understanding the ""rationale and the wisdom"" behind pedagogical choices, such as why the course de-emphasizes traditional business plans in favor of lean startup methodologies (e.g., referencing the Business Model Canvas and *The Lean Startup*).
    *   **Clear Integration of Sectors:** The course successfully ""explained and helped to understand how technology, legal sector and startups merge,"" clarifying the role and future impact of each.
    *   **Accessible Tone:** The delivery is described as ""clear and easy to understand,"" ""simple,"" and ""understandable,"" ensuring that novices can engage with the material effectively.

### **2. Practical, Action-Oriented, and Relevant Content**
*   **Description:** The course is highly valued for its practical utility, providing students with actionable frameworks, concrete tools, and realistic insights into the current state of the legal tech ecosystem. The content is viewed as directly applicable to real-world scenarios and startup execution.
*   **Implementation Details:**
    *   **Actionable Tools and Strategies:** The instructor introduces specific, high-value tools and methodologies, including the **Business Model Canvas**, **growth hacking strategies**, and practical guidance on leveraging cloud technologies like **AWS and Google Cloud**. Students found these tools ""sumamente útiles"" (extremely useful) and applicable to their own business plans.
    *   **Demystification of Entrepreneurship:** The course is praised for ""demystifying entrepreneurship, especially for persons going into the legal tech space,"" providing a ""holistic view"" of the steps required to execute an idea.
    *   **Real-World Relevance:** The content addresses the ""reality of the legal world"" and provides an ""accurate idea of the business is changing."" It offers a ""modern theme"" with field-specific insights that go beyond generic theory.
    *   **Guidance for Execution:** Students report gaining a clear set of ""steps to execute my idea,"" making the course a functional guide for those looking to launch a venture.

### **3. Rich, High-Quality, and Superb Learning Materials**
*   **Description:** The course materials are consistently rated as exceptional, rich in content, and highly valuable for learning. The reading resources and study materials are highlighted as a major strength of the course design.
*   **Implementation Details:**
    *   **Superb Reading Resources:** Multiple students explicitly describe the reading materials as ""superb,"" ""amazingly rich,"" and ""excellent."" These materials are cited as contributing significantly to the learning value of the course.
    *   **Comprehensive Coverage:** The course is noted for covering ""most of the things needed for a startup"" within its timeframe and providing a ""general framework"" that serves as a solid foundation.
    *   **Keyword and Terminology Mastery:** The course acts as an ""excellent guide for knowing the keywords in Legal Tech,"" effectively familiarizing students with the essential terminology and concepts of the field.

### **4. Engaging, Dynamic, and Inspirational Delivery**
*   **Description:** The instructor's teaching style is perceived as passionate, dynamic, and highly engaging, creating a positive learning environment that motivates students and inspires them to explore opportunities in the field.
*   **Implementation Details:**
    *   **Passion and Dynamism:** The delivery is described as ""dynamic,"" ""passionnant"" (passionate), and presented in a ""delightful way."" This enthusiasm helps ""hook"" students immediately and maintains their interest throughout the course.
    *   **Inspirational Impact:** The course has a transformative effect on many learners; one student described it as ""literally, life-changing,"" while others noted it ""opened my eyes to so many ideas and opportunities.""
    *   **Welcoming Atmosphere:** The course creates an environment where students feel ""overwhelmed with gratitude"" and find the learning experience ""fun,"" indicating a strong positive affective response to the teaching style.

### **5. Effective Course Structure and Balance for Target Audience**
*   **Description:** The course is well-organized and effectively balances broad entrepreneurial concepts with specific legal tech applications. It is recognized as an ideal entry point for beginners while still offering value through its structured approach.
*   **Implementation Details:**
    *   **Balanced Mix of Content:** The course successfully offers a ""good mix of general startup lessons as well as field-specific insights,"" ensuring students understand both the broader ecosystem and the niche application.
    *   **Logical Organization:** Students praise the course as ""well-organized,"" indicating a coherent flow of topics that aids comprehension.
    *   **Appropriateness for Novices:** The course is frequently highlighted as ""great for beginners,"" a ""good way to start,"" and an ""excellent introductory course."" It effectively serves as a primer for legal practitioners and entrepreneurs new to the space.
    *   **Useful Self-Evaluation:** Despite some critiques elsewhere, positive feedback notes that ""assignments and quizzes are so good enough to evaluate ourselves,"" suggesting they serve a functional role in helping students assess their understanding.

### **6. Value of Instructor Expertise and Professional Credibility**
*   **Description:** Students recognize and appreciate the instructor's professional background, viewing the course as taught by ""excellent professionals"" who bring valuable industry wisdom to the classroom.
*   **Implementation Details:**
    *   **Professional Recognition:** The course is described as being ""dictado por excelentes profesionales,"" enhancing the perceived credibility and value of the instruction.
    *   **Wisdom Sharing:** The instructor is thanked for ""sharing the key points we should consider,"" and students value the ""wisdom"" behind the advice, indicating that the instructor effectively leverages their professional experience to enrich the learning content.

These strengths illustrate a teaching practice that prioritizes clarity, practical application, rich content, and engagement, successfully delivering a comprehensive and accessible introduction to the legal tech startup ecosystem.",4.333333333333333
31,music-theory,"
Based on the student comments and the classification analysis, the following strengths in teaching strategies have been identified. These descriptions focus exclusively on the positive aspects of the instructor's implementation and the resulting learning experiences.

### 1. Clarity and Comprehensibility of Explanations
**Description:** The instructor demonstrates exceptional skill in communicating complex music theory concepts, delivering content that is consistently praised for its clarity, conciseness, and thoroughness. The explanations are designed to make the material accessible and understandable to students.
**Specific Implementation Details:**
*   **Concise and Clear Delivery:** Students frequently note that the instructor provides ""good explanation in a concise way"" and that the content is ""super concise and to the point."" This approach helps in making difficult topics digestible.
*   **Thoroughness:** The content is described as being ""explained very clearly and thoroughly,"" ensuring that topics are ""well explained."" Students appreciate that the course is ""explicative"" and ""easy to understand.""
*   **Brilliant Exposition:** The quality of instruction is highlighted as ""brilliantly explained,"" contributing to the overall effectiveness of the teaching.

### 2. Methodical Structure and Comprehensive Foundation
**Description:** The course is organized with a logical, methodical structure that provides a robust and complete overview of music theory basics. The design balances simplicity with completeness, offering a solid foundation for learners.
**Specific Implementation Details:**
*   **Methodical Progression:** Students describe the course as ""very well structured and methodical,"" indicating a coherent flow of topics that aids learning.
*   **Comprehensive Scope:** The course provides a ""360-degree"" view of basic music knowledge, covering a wide range of fundamentals. It is characterized as ""simple but complete,"" offering a ""true foundation"" of music theory.
*   **Foundational Focus:** The content effectively helps students ""clear the basics of music theory,"" making it useful for practical applications such as basic music production. It is regarded as a ""good introduction"" that covers essential terminology and concepts.

### 3. Integration of Practice, Examples, and Scaffolding
**Description:** The instructor actively reinforces learning through abundant practice opportunities, concrete examples, and supportive scaffolding tools. The course design emphasizes application and immediate feedback to solidify understanding.
**Specific Implementation Details:**
*   **Abundant Practice and Examples:** The course includes ""much practice"" with ""many examples and exercises"" to reinforce the lessons taught. This variety of practice helps students engage with the material repeatedly.
*   **Targeted Hints and Aids:** A specific strength noted is the inclusion of ""many useful hints to help students easily identify notes, chords and their inversions in sheet music."" These hints serve as effective scaffolding to assist students in mastering identification skills.
*   **Formative Assessment:** The instructor utilizes ""mini-quizzes mid modules,"" which students highlight as ""the best parts"" of the course. These quizzes likely serve as effective check-ins for understanding and retention.
*   **Application of Knowledge:** The course encourages students to ""apply the concepts"" in practice, bridging the gap between theoretical knowledge and practical use.

### 4. Instructor Expertise, Support, and Inspiration
**Description:** Professor Taggart demonstrates deep subject matter expertise and fosters a supportive, engaging learning environment. The instructor's passion and knowledge significantly positively impact student motivation and satisfaction.
**Specific Implementation Details:**
*   **Subject Matter Expertise:** Students explicitly acknowledge that the instructor is ""very knowledgeable on the topic,"" conveying confidence and authority in the content.
*   **Support and Gratitude:** Students express appreciation for the instructor's support, noting ""many thanks to professor Taggart"" and thanking the instructor for providing ""great support through this course.""
*   **Inspirational Quality:** The instructor's teaching goes beyond information transfer; one student noted the course ""inspired me to learn an instrument and apply the concepts."" The instructor's personality is also praised, with a student remarking, ""Sometimes a professor is just right.""
*   **Commendable Effort:** The course is described as ""commendable,"" reflecting high student regard for the instructor's work and dedication.

### 5. Efficacy in Learning Outcomes and Skill Acquisition
**Description:** The teaching strategies result in tangible learning gains, effective skill development, and high overall utility for diverse learners. Students report significant improvements in their musical knowledge and abilities.
**Specific Implementation Details:**
*   **Concrete Skill Gains:** Students report specific achievements, such as learning to ""read sheet music"" and mastering ""terminologies"" that were previously new to them. The course helps students understand music in a ""technical way.""
*   **Versatility for Learners:** The course is effective for various levels; it teaches ""new things"" to beginners while also serving to ""refresh my memories"" for students with prior experience. It is described as ""very helpful for my music class"" and useful for learning ""new musical skills.""
*   **High Satisfaction and Recommendation:** The effectiveness of the course leads to strong endorsements. Students state they are ""very pleased,"" find the course ""helpful and effective,"" and are willing to ""recommend this to every student"" or tell friends about it. The course is viewed as a ""great opportunity"" and the ""best course"" for clearing basics.",4.163265306122449
32,natural-language-processing-tensorflow,"
Based on the student comments and the provided analysis, here is the description of the **STRENGTHS** in the teaching strategies, focusing exclusively on positive aspects and the instructor's specific implementation.

### **Identified Strengths in Teaching Strategies**

#### **1. Clarity, Comprehensibility, and Accessibility of Explanations**
*   **Description:** The instructor demonstrates exceptional ability to demystify complex Natural Language Processing (NLP) concepts. The teaching style prioritizes clear communication over academic density, ensuring that students can grasp difficult topics without being overwhelmed by jargon or excessive mathematics.
*   **Instructor Implementation Details:**
    *   **Step-by-Step Modeling:** The instructor employs a ""step-by-step approach to building up the models"" (Comment 28), guiding students through the construction process incrementally rather than presenting finished solutions.
    *   **Jargon Reduction:** Explanations are delivered in a ""clear and concise way... without getting bogged down with too much jargon or theory (and math!)"" (Comment 28). Students note that the instructor effectively ""diluted the complex topics"" making them ""mind bobling"" in a positive, accessible way (Comment 38).
    *   **Crystal Clear Delivery:** Multiple students highlight that ""everything was explained in a crystal clear fashion"" (Comment 41) and that ""concepts are very well explained with examples and exercises"" (Comment 37). The presentation is described as ""clear,"" ""nice and clear"" (Comment 20), and ""easy to understand even for a beginner"" (Comment 30).
    *   **Visual and Conceptual Clarity:** The course helps students see results immediately, with one student noting that ""when you see happening things in front of your eye then you want to know more about it"" (Comment 34), indicating effective visualization of concepts.

#### **2. Strong Emphasis on Practical, Hands-on Learning**
*   **Description:** The course is highly valued for its practical orientation. The instructor designs the curriculum to focus on application and coding, allowing students to gain immediate experience with industry-standard tools rather than solely engaging with abstract theory.
*   **Instructor Implementation Details:**
    *   **Tool Integration:** The course provides ""hands-on practical experience over the tool [TensorFlow]"" (Comment 33) and focuses on ""practical learning instead of overburdening students with theory"" (Comment 26).
    *   **Real-World Application:** The instructor helps students bridge the gap between concepts and application, with feedback indicating the course is ""helping me apply the concepts to very practical problems"" (Comment 28) and enables students to understand ""millions of applications this topic can have in the real world"" (Comment 35).
    *   **Code Examples:** Students frequently reference ""Laurence's code examples"" as valuable resources they often use and refer to (Comment 10).
    *   **Balanced Theory and Code:** The teaching strategy maintains a ""very nice combination of theory on the one side and coding on the other"" (Comment 41), ensuring students get ""practical knowledge on sequence based models"" (Comment 43).

#### **3. Logical Structure and Progressive Topic Coverage**
*   **Description:** The course material is well-organized and follows a coherent pedagogical sequence. The instructor structures the content to build knowledge logically, moving from foundational concepts to more advanced sequence modeling techniques.
*   **Instructor Implementation Details:**
    *   **Organized Flow:** The material is described as ""very good, well organized and clear"" (Comment 10).
    *   **Scaffolded Progression:** The course guides students from ""basics of NLP to the predicting word of the poetry"" (Comment 39). The specific sequence implemented includes ""tokenization and word embeddings, then onto RNN and LSTM for sentiment and finally LSTMs for word prediction"" (Comment 29).
    *   **Comprehensive Topic Range:** The instructor covers key NLP architectures effectively, including ""embedding, RNN, LSTM, CNN, GRU"" (Comment 15), and provides a ""basic understanding of word embeddings, sequence analysis, and many other things"" (Comment 11).
    *   **Culminating Projects:** The course implementation includes text generation tasks, allowing students to learn ""how to create texts without having the technical skills for it"" (Comment 35) and achieving results like ""predicting word of the poetry"" (Comment 39).

#### **4. High Student Engagement and Positive Learning Experience**
*   **Description:** The instructor fosters a highly engaging and enjoyable learning environment. The teaching approach motivates students and sparks interest in the subject, even for those who previously found NLP difficult or uninteresting.
*   **Instructor Implementation Details:**
    *   **Engaging Delivery:** The course is described as ""fun"" (Comment 17), ""very interesting"" (Comment 48), and an ""amazing journey"" (Comment 32). Students expressed that it was a ""wonder full experience"" (Comment 34).
    *   **Motivation through Results:** The instructor makes the subject ""fascinating and motivating to see how a NN does it"" (Comment 29).
    *   **Overcoming Past Struggles:** The teaching style is so effective that at least one student noted, ""The first time ever that I found a NLP course interesting... Most courses use lot of jargon and make it way too hard to understand"" (Comment 36), highlighting the instructor's success in making the topic approachable.
    *   **Recommendation Rate:** The positive experience leads to strong student advocacy, with comments recommending the course to ""every NLP beginner/enthusiast"" (Comment 26) and calling it an ""excellent course to begin your path in NLP"" (Comment 27).

#### **5. Beginner-Friendly Orientation**
*   **Description:** The course is explicitly designed and executed to be accessible to novices. The instructor's strategies successfully lower the barrier to entry for NLP and TensorFlow.
*   **Instructor Implementation Details:**
    *   **Targeted for Beginners:** The course is repeatedly identified as ""great for beginners"" (Comment 46) and ""very good for the beginners"" (Comment 46).
    *   **Foundational Start:** The instructor takes students ""start from very basic to advanced stuff"" (Comment 32), ensuring that even students with less background can follow along.
    *   **Confidence Building:** The course helps students feel ""contented"" and confident, with one student stating they ""felt contented after watching all the videos"" because they gained the desired hands-on experience (Comment 27).",3.9591836734693877
33,open-source-tools-for-data-science,"
Based on the student comments and classified practices, the following strengths have been identified in the teaching strategies. Each strength includes a description and specific details regarding the instructor's implementation as documented in the student feedback.

### **1. Effective Application of Knowledge through Hands-On Labs**
*   **Description:** The course excels in providing practical, experiential learning opportunities that allow students to develop concrete skills in using industry-relevant data science environments. Students value the transition from theory to practice through direct interaction with tools.
*   **Instructor Implementation Details:**
    *   The instructor integrates hands-on exercises using **IBM Watson Studio** and **Skills Network Labs**, enabling students to practice within actual cloud environments.
    *   Specific tool implementation includes the use of **Jupyter Notebooks**, which students highlight as a particularly valuable learning component.
    *   The course facilitates collaboration skills by teaching students how to **link their work in GitHub**.
    *   Instructions are provided via **step-by-step guidelines**, which support students in executing tasks within the lab environments.
    *   *Evidence:* Students report that ""hands-on learning helped a lot in improving the skills,"" gained ""hands-on experience in data science tools,"" and appreciated the ""good hands on exercises.""

### **2. Clarity and Accessibility of Explanations**
*   **Description:** Instructional materials and explanations are delivered with high clarity, making tool functionalities and concepts accessible and easy to grasp. The teaching approach minimizes cognitive load regarding tool usage.
*   **Instructor Implementation Details:**
    *   The instructor provides **clear and good explanations** for tool operations, ensuring students understand how to navigate and use the software.
    *   The course is designed to be **easy to understand**, with content presented in a **simple** manner.
    *   Explanations are **well-suited for beginners**, helping them comprehend the basics of the tools without feeling overwhelmed.
    *   *Evidence:* Students describe the course as having ""very clear explanations,"" being ""well explained,"" ""easy to understand,"" and offering a ""simple and quick overview.""

### **3. Comprehensive Orientation to Data Science Tools and Ecosystem**
*   **Description:** The course serves as a highly effective introductory resource for familiarizing students with the broader landscape of data science tools, including both open-source options and IBM-specific cloud services.
*   **Instructor Implementation Details:**
    *   The curriculum covers a **vast set of skills** related to various tools, providing a **nice review of existing open-source tools** and free-to-use web services.
    *   The instructor effectively introduces **IBM Watson Studio** and other IBM cloud tools, helping students become acquainted with the platform.
    *   The course provides a **solid overview** that helps students understand the definition of Data Science and the tools available for the trade.
    *   *Evidence:* Students note the course is a ""good introductory course to know all the open-source tools,"" provides a ""great course give overview of Open sources tools,"" and helps students ""find my way on these powerful tools.""

### **4. Systematic Organization and Efficient Pacing**
*   **Description:** The course is logically structured and paced efficiently, allowing students to absorb information effectively. The organization supports a smooth learning journey without unnecessary complexity.
*   **Instructor Implementation Details:**
    *   The course content is **well-laid out**, **systematic**, and **detailed**, facilitating easy navigation for students.
    *   The instructor delivers an **appropriate and concise overview**, packing ""lots of great information"" into a manageable timeframe.
    *   The structure is designed to be a **quick overview**, allowing students to gain essential knowledge efficiently.
    *   *Evidence:* Students praise the course as ""well laid out,"" ""systematic and detailed,"" and note the ""simple and quick overview."" One student mentions the course is ""perfect as promised,"" indicating the structure met expectations.

### **5. High Student Engagement and Positive Learning Experience**
*   **Description:** The course fosters a positive learning environment where students find the content engaging, educational, and worthwhile. The teaching style resonates well with learners.
*   **Instructor Implementation Details:**
    *   The instructor employs a teaching style that students ""love,"" contributing to an **interesting** and **educative** experience.
    *   The presentation of tool capabilities successfully stimulates interest, leaving students ""astonished by the capabilities of the Watson Studio.""
    *   The course generates enthusiasm, with students happy to learn tools that were ""somehow new"" to them.
    *   *Evidence:* Students describe the course as ""very interesting,"" ""fantastic,"" and ""educative."" Comments highlight being ""astonished by the capabilities"" and loving ""the style in which the course was taught.""

### **6. Responsive Faculty Support**
*   **Description:** The instructional team provides valuable assistance to students, helping them overcome challenges and successfully complete the course.
*   **Instructor Implementation Details:**
    *   The faculty offers **active support** that compensates for initial difficulties students may face with tools or setup.
    *   Specific instructors, such as **Miss Mallika**, are recognized for their helpfulness and contribution to student success.
    *   The instructional **team is described as amazing**, indicating a collaborative and supportive approach to student assistance.
    *   *Evidence:* A student notes that ""with help of faculty support that is compensated,"" and gives ""Special thanks to Miss Mallika... I could complete the course."" Another student states, ""Really the team who are working on that is amazing.""

### **7. Broad Suitability for Diverse Learner Profiles**
*   **Description:** The course design accommodates learners with varying levels of experience, providing value to both novices and professionals seeking tool-specific knowledge.
*   **Instructor Implementation Details:**
    *   The course is implemented in a way that serves **beginners** who want foundational hands-on experience and **veterans** who need to familiarize themselves with specific data science tools.
    *   The content acts as a **nice platform for both beginners and experienced professionals**, ensuring relevance across skill levels.
    *   *Evidence:* Students identify the course as a ""good course for the beginners"" and also a ""great course for people beginning to learn programming or veterans."" It is noted as helping ""any new bie to Data Science"" while being useful for ""experienced professionals.""",3.9183673469387754
34,pca-machine-learning,"
Based on the student comments and classified analysis, the following strengths in teaching strategies and course design have been identified. These strengths focus exclusively on positive student feedback regarding the instructor's implementation of content, resources, delivery, and learning activities.

### **1. Rigorous, Insightful, and Well-Structured Mathematical Content**
*   **Description:** The course is praised for its high-quality, deep, and rigorous mathematical content that provides significant insight into the foundations of machine learning. Students highlight the intrinsic value of the knowledge gained and the effectiveness of the mathematical instruction.
*   **Implementation Details:**
    *   **Conceptual Connections:** The instructor structures the course to build upon prior knowledge, explicitly connecting statistics, inner products, and projections to introduce Principal Component Analysis (PCA). The course applies knowledge gathered throughout the first two courses in the specialization.
    *   **Depth and Insight:** The content is described as ""highly informative"" with a ""depth"" that provides ""great insight about how mathematics powers the machine learning algorithms."" Students find the mathematical knowledge ""really helpful"" and applicable to their current projects.
    *   **Concise Explanations:** The instructor provides ""excellent and to-the-point explanations"" of complex mathematical derivations. The math is described as ""very well taught,"" and the instructor is recognized as an ""extremely smart lecturer"" and ""great mathematician.""

### **2. Provision of Comprehensive Supplementary Learning Resources**
*   **Description:** The instructor enhances the learning experience by providing high-quality, comprehensive external resources that support course comprehension and offer additional depth beyond the core lectures.
*   **Implementation Details:**
    *   **Instructor-Written E-Book:** The instructor shares a dedicated e-book written by himself. Students describe this resource as ""great"" and note that it contains ""everything seen in the course and more,"" allowing students to get all the knowledge needed to understand PCA.Students found buying and reading along with this textbook ""very helpful.""
    *   **Enriched Jupyter Notebooks:** The course utilizes Jupyter notebooks that include ""cool examples"" demonstrating how to use Numpy and Scipy to learn more about data sets and algorithms through various kinds of visualizations. These resources help students explore practical applications of the theory.

### **3. Engaging Lecture Delivery and Effective Visual Design**
*   **Description:** Students report a positive response to the instructor's presentation style, finding the lectures engaging and the visual aids clear and well-constructed.
*   **Implementation Details:**
    *   **Teaching Style:** The professor employs a ""good speaking and teaching style"" that keeps students interested. The course is characterized by some students as ""fun and challenging,"" and the delivery maintains student interest even when the material is difficult.
    *   **Slide Quality:** The slides are described as ""very good,"" ""well formulated,"" and ""easy to understand.""
    *   **Concrete Examples:** The lectures incorporate ""lots of concrete math examples"" which students note make it ""easier to understand"" the material.

### **4. Practical Assignments that Reinforce Conceptual Understanding**
*   **Description:** The programming assignments are valued by students for their practical nature and their effectiveness in helping students internalize and retain course concepts.
*   **Implementation Details:**
    *   **Reinforcement of Content:** Assignments are described as ""very practical"" and help ""reinforce the course's content."" They are noted as ""useful assignments to make the concepts etched in memory.""
    *   **Skill Development:** The assignments facilitate hands-on learning where students can ""learn a lot of python,"" enhancing their coding proficiency alongside mathematical understanding.
    *   **Real-World Utility:** The practical nature of the work is highlighted by students who found the course content and assignments ""highly useful in [their] current project based on PCA.""

### **5. Fostering Intuition for Machine Learning Concepts**
*   **Description:** The course successfully helps students develop strong intuition for machine learning topics, particularly regarding Principal Component Analysis.
*   **Implementation Details:**
    *   **Building Intuition:** Despite the rigor, the course is credited with providing ""great intuition for new learners in machine learning.""
    *   **Conceptual Clarity:** The course helps students ""gather great ideas about Principal Component Analysis."" The mathematical insights provided give students a clear understanding of the mechanisms behind algorithms, contributing to a ""highly rewarding"" learning experience.",3.4166666666666665
35,plato,"
Based on the student comments and the classified analysis, the following strengths in teaching strategies have been identified. These strengths highlight exceptional instructional design, pedagogy, content delivery, and student impact.

### 1. Clarity, Organization, and Accessibility of Complex Material
The instructor demonstrates a masterful ability to demystify abstract philosophical concepts and ancient texts, making them accessible to students with no prior background while maintaining academic rigor.

*   **Systematic and Thorough Presentation:** The course is described as ""systematic and thorough,"" with content that is ""distilled with a great deal of clarity."" The instructor presents material in a ""calm, clear, organized manner"" that captures the most important ideas of the philosophers discussed.
*   **Balanced Accessibility:** Students consistently note that the instructor makes material ""accessible, without oversimplifying."" The teaching strategy successfully bridges the gap for students without a background in Latin or Greek, ""demystifying Philosophy"" while keeping the content intellectually substantial.
*   **Argument Reconstruction:** Specific pedagogical techniques include the ""reconstructions of the arguments in the text,"" which help students parse complex logical structures. The instructor is praised for ""breaking down"" difficult English translations of Plato and Socrates ""wonderfully.""
*   **Vocal Clarity and Pacing:** The instructional delivery is supported by a ""clear voice"" and a deliberate speaking pace (""talks slowly""), which students equate to the experience of being in a live class, allowing for better information retention.

### 2. Strategic Selection and Integration of Primary Sources
A core strength of the course is its commitment to primary texts, supported by strategic curation and contextualization by the instructor.

*   **Direct Exposure to Original Texts:** Students identify the ""biggest strength"" as the requirement to ""read the ancient texts,"" providing ""direct exposure to the ideas of some great thinkers."" This strategy adds significant learning value, with students noting that reading the texts brings ""a lot of value added.""
*   **Curated Excerpts and Context:** The instructor is credited with choosing ""the right excerpts"" and providing ""the necessary context for students to better understand Plato's meaning and message."" This scaffolding ensures that the primary readings are not overwhelming but are instead instrumental to understanding the philosophical arguments.
*   **Focus on Textual Fidelity:** The teaching approach is valued for its objectivity; students appreciate that the course is ""strictly about Plato, Socrates, and the written material"" rather than the professor's personal opinions, allowing the texts to speak for themselves.

### 3. Instructor Enthusiasm, Persona, and Rapport
The instructor's demeanor and passion for the subject serve as a powerful vehicle for engagement and student motivation.

*   **Animated and Passionate Delivery:** The professor is described as ""animated and clearly loves her subject."" This enthusiasm is contagious, making the material ""engaging"" and ""entertaining.""
*   **Approachable and Humorous Tone:** Students value the instructor's ""subtly humorous approach,"" which makes the subject ""approachable."" The instructor's ""pleasant and sober way"" of presentation creates a welcoming environment for learning difficult material.
*   **Perceived Competence and Expertise:** The instructor is viewed as ""knowledgeable,"" ""brilliant,"" and ""exceptional,"" earning high respect for her ""competence"" and ""demeanour."" Students feel confident in the expert guidance provided.

### 4. Scaffolding, Guided Discovery, and Multimodal Learning
The course employs a robust structure that supports deep learning through varied activities and guided support, avoiding ""spoon-feeding.""

*   **Guided Exploration:** The instructor is praised for not ""spoon-feeding the material but guided students through it, as a good professor does."" This fosters independent thinking while ensuring students have the support they need.
*   **Integrated Learning Cycle:** The design utilizes a ""combination effect"" of reading, lectures, quizzes, peer reviews, and essay writing. This multimodal approach makes the learning of abstract philosophy ""more substantial and sustainable,"" catering to different aspects of cognitive processing.
*   **Effective Use of Assessments for Learning:** Quizzes are viewed positively as tools that are ""necessary in helping to absorb the knowledge."" Additionally, the written test offers a creative assessment strategy, providing an ""option of writing a variation of the dialogue,"" which encourages authentic engagement with the Socratic method.
*   **Learner-Centered Design:** The course is described as ""catered so the learner won't fail,"" with a structure that is ""well designed"" to support student success. The ""bite-sized"" information delivery helps students stay motivated and easily absorb complex ideas.

### 5. Intellectual Challenge and Skill Development
The course successfully challenges students cognitively and contributes to tangible improvements in their critical thinking and argumentation skills.

*   **Rigorous and Thought-Provoking Content:** The material is consistently described as ""challenging,"" ""intellectual,"" ""rigorous,"" and ""thought-provoking."" Students report feeling ""challenged"" throughout the course, which contributes to a sense of accomplishment.
*   **Development of Philosophical Practice:** Students report high-level skill gains, noting they were ""doing real Philosophy using the 'logos'"" and feeling they could ""argue better"" after grappling with the material. The course helped students gain ""confidence in what I was studying.""
*   **Deep Learning Outcomes:** The course facilitates deep engagement, with students reporting they could ""learn deeply about Ancient Philosophy"" and gain a ""good understanding of such key texts as Plato's Republic.""

### 6. Stimulating Student Interest and Long-Term Motivation
The teaching strategies effectively inspire students, leading to outcomes that extend well beyond the course duration.

*   **Inspiration and Curiosity:** The course is described as an ""incredibly gratifying experience"" that ""sparked interest in the subject."" Students report being so motivated that they began ""reading non-assigned texts for my own enjoyment.""
*   **Career and Academic Impact:** The instructor's teaching has had profound impacts on students' academic trajectories. One student noted the course inspired them to ""read for a combined degree in English and Philosophy,"" while others expressed strong intent to take the sequel or pursue philosophy further.
*   **Broadening Perspectives:** The course ""opened my eyes"" to connections between ancient philosophy and modern theories (e.g., physics), and shifted worldviews, with one student noting they feel ""optimistic about the possibility that good is the central force"" after taking the course.

### 7. Relevance and Relatability
The instructor effectively connects ancient philosophical concepts to modern contexts, enhancing student understanding and interest.

*   **Connecting to Modern Science and Life:** Students appreciate insights that show ""how close these ancient philosophers were compared to today's latest theories in physics."" The instructor does an ""excellent job of explaining their ultimate significance"" and how these ideas contribute to ""how we understand the world around us.""
*   **Relatable Explanations:** Deep topics are made ""very understandable and relatable,"" allowing students to see the relevance of ancient Greek philosophy to contemporary thought and personal understanding.

### 8. Effective Use of Micro-Learning and Lecture Design
The structural design of the instructional videos maximizes engagement and retention.

*   **Short, Effective Lectures:** The videos are praised for being ""very short but effective,"" typically lasting 7-10 minutes. This pacing keeps students ""constantly motivated to get through one more video.""
*   **High Production and Organization:** The videos are described as ""phenomenal,"" ""well organized,"" and ""well produced."" The course provides ""excellent additional material,"" and the overall structure is lauded as ""very well presented"" and ""well structured.""",4.1020408163265305
36,project-execution,"
Based on the student comments, the following strengths in teaching strategies and course design have been identified. These descriptions focus exclusively on the positive aspects of instruction, learning activities, and support mechanisms.

### **1. Application of Knowledge to Realistic and Personal Contexts**
*   **Description:** The instructor successfully bridged the gap between theory and practice by designing activities that required students to apply project management concepts to tangible scenarios. This approach enhanced conceptual understanding and relevance.
*   **Implementation Details:**
    *   The instructor facilitated the application of PMBOK concepts into ""everyday life scenarios, as well as our personal work interests,"" which allowed students to ""have a better grasp of the information"" (Comment 14).
    *   Exercises were designed to allow students to ""apply the project management knowledge in realistic situation"" (Comment 10).
    *   The course structure emphasized that execution is concerned with the ""synthesis and application of all the techniques covered in the previous modules"" (Comment 6).

### **2. Project-Based and Hands-On Learning**
*   **Description:** The course design incorporated substantial practical components that enabled students to engage in end-to-end project management activities, fostering a sense of accomplishment and practical competence.
*   **Implementation Details:**
    *   Students described the course as a ""Practical hands-on course that allowed me to create a project from start to finish"" (Comment 15).
    *   The curriculum encouraged synthesis activities where students had to integrate techniques, preparing them to ""go into the fray"" with a comprehensive skill set (Comment 6).

### **3. Responsive Support, Encouragement, and Adaptive Instruction**
*   **Description:** The instructor demonstrated a high level of engagement with students through timely communication, supportive feedback, and responsiveness to course challenges.
*   **Implementation Details:**
    *   The instructor ""responded promptly to email queries"" and provided ""great explanation and responses to email"" (Comments 5, 16).
    *   Students appreciated the ""continuous support and encouragement"" received throughout the course (Comment 13).
    *   The instructor displayed adaptability by recognizing student difficulties regarding the adjustment in course format and exam styles; the instructor ""realized this and addressed it,"" which students noted ""helped a lot"" (Comment 12).

### **4. High-Quality Content, Examples, and Analogies**
*   **Description:** Students found the course materials, video lectures, and exercises to be valuable and well-constructed, contributing significantly to their learning gains.
*   **Implementation Details:**
    *   Video lectures utilized ""nice examples and analogies"" to aid comprehension (Comment 5).
    *   Students reported that ""Content and exercises are very good indeed"" and that they ""learned a lot"" (Comment 5).
    *   The material was consistently described as ""useful"" and a ""Very useful part of education"" (Comments 8, 17).
    *   The instruction effectively equipped students with metacognitive skills regarding core resources; one student noted, ""I've learned how to read [the PMBOK Guide] effectively and how to use it"" (Comment 13).

### **5. Thought-Provoking Exercises and Intellectual Engagement**
*   **Description:** The assessments and activities were designed to stimulate critical thinking and deep engagement with the material, rather than rote memorization.
*   **Implementation Details:**
    *   The course contained ""very thought provocative exercises"" that challenged students to think deeply about the material (Comment 10).
    *   The focus on synthesis and application required students to engage actively with the content, leading to meaningful learning outcomes such as mastering the use of the PMBOK Guide (Comment 13).",3.6470588235294117
37,python-data-analysis,"
### Strengths in Teaching Strategies

Based on the analysis of student comments, the following strengths in teaching strategies, course design, and instructor delivery have been identified. These descriptions focus exclusively on positive pedagogical practices and effective implementation details.

#### 1. High-Impact, Practice-Oriented Assignments
*   **Description:** The course assignments are consistently highlighted as the primary and most effective vehicle for learning. Students value the assignments for being well-designed, interesting, and central to skill acquisition, often reporting that they learned more through doing the assignments than through passive video consumption.
*   **Implementation Details:**
    *   Assignments are described as ""excellent,"" ""great,"" ""interesting,"" and ""well-designed"" (Comments 3, 8, 20, 37).
    *   The design encourages iterative learning; students learn Python ""by trying it over and over again"" rather than mere imitation (Comment 3).
    *   Assignments effectively test student understanding, creating a robust feedback loop where work challenges and validates knowledge (Comment 22).
    *   Students report significant learning gains directly from the assignment work, citing them as the source of mastering new data manipulation techniques (Comments 20, 29, 34).

#### 2. Effective Alignment of Lectures and Assessments
*   **Description:** The structural relationship between instructional videos and practical exercises is viewed positively by students, who appreciate a clear progression from concept introduction to application.
*   **Implementation Details:**
    *   The course follows a structure where lectures effectively introduce concepts, and subsequent assignments thoroughly test the understanding of those concepts, a workflow students found worked ""great"" (Comment 22).
    *   This alignment ensures that theoretical knowledge is immediately reinforced and validated through practical problem-solving (Comment 22).

#### 3. Practical, Precise, and Comprehensive Course Content
*   **Description:** The course content is praised for its relevance, precision, and utility in real-world data science contexts. It provides a solid, high-level introduction to Python and Pandas that feels substantial and complete.
*   **Implementation Details:**
    *   Content is described as ""high level,"" ""precise,"" and a ""solid introduction"" to Python skills necessary for data analysis (Comments 22, 38, 46).
    *   The course covers a ""good overview of many different topics"" and is considered ""quite complete"" (Comments 13, 16).
    *   Students value the practical nature of the material, noting the course is ""very helpful and practical"" and teaches the ""usefulness and power of Python in Data Science"" (Comments 24, 27).
    *   Specific skill outcomes include learning ""new ways of data manipulation"" and mastering Pandas (Comments 23, 30, 35).

#### 4. Instructor Expertise, Professionalism, and Clarity
*   **Description:** Instructors are recognized for their subject matter expertise, professional demeanor, and ability to deliver clear, concise instruction.
*   **Implementation Details:**
    *   Instructors are described as ""really good,"" ""absolutely knowledgeable,"" and displaying ""marvelous"" teaching styles (Comments 15, 20, 23).
    *   Lectures are appreciated for being ""clear, to the point, and interesting"" (Comment 28).
    *   Specific positive reception of instructor ""Brooks"" indicates strong engagement with specific teaching delivery (Comment 29).
    *   The teaching approach is noted for its ""professionalism"" (Comment 23).

#### 5. Fostering Independent Research and Problem-Solving Skills
*   **Description:** The course strategy effectively encourages students to develop autonomy, research skills, and self-reliance, which students identify as valuable for intermediate-level development.
*   **Implementation Details:**
    *   The course structure is ""encouraging the student to learn both from the course and by himself,"" promoting self-directed study (Comment 31).
    *   The expectation that students search documentation and resources like Stack Overflow is viewed by some as appropriate for an ""intermediate level course"" that builds essential research competencies (Comment 9).
    *   Students report learning effectively from external resources, indicating the course successfully primes them to utilize community knowledge bases (Comment 20).

#### 6. Supportive Learning Resources and Community
*   **Description:** Beyond core materials, the course provides supplementary resources and community support mechanisms that enhance the learning experience.
*   **Implementation Details:**
    *   Discussion forums are utilized effectively, with students noting ""good tips to resolve issues"" found within them (Comment 6).
    *   Suggested books and references are considered ""necessary"" and valuable for excelling in the field (Comment 11).
    *   Jupyter notebooks provided are described as ""comfortable"" for reviewing concepts, aiding in reinforcement and revision (Comment 8).

#### 7. High Student Satisfaction and Mastery Outcomes
*   **Description:** The cumulative teaching strategies result in high levels of student satisfaction, a strong sense of accomplishment, and tangible skill mastery.
*   **Implementation Details:**
    *   Students report that the course is ""totally worth the time"" and investment (Comment 33).
    *   There is a strong sense of achievement, with students expressing happiness at finishing and feeling capable of mastering Pandas within a concentrated timeframe through practice (Comments 12, 30).
    *   The course is frequently described as ""phenomenal,"" ""stupendous,"" ""stellar,"" and ""amazing,"" reflecting broad approval of the educational experience (Comments 23, 36, 37, 45).
    *   Students confirm substantial learning outcomes, stating they ""learned a lot"" and improved their programming skills (Comments 17, 23, 28, 32).

#### 8. Appropriate Pacing for Target Audience
*   **Description:** For students with prior programming experience, the course pacing and difficulty level are well-calibrated, facilitating efficient learning without feeling overwhelming.
*   **Implementation Details:**
    *   The course is described as ""adequately paced"" and ""great for anyone who has some prior knowledge of python"" (Comment 22).
    *   It is identified as a ""great course for those who already have some programming skills,"" indicating the difficulty level matches the proficiency of its intended intermediate audience (Comment 15).",4.448979591836735
38,python-for-data-visualization,"
Based on the student evaluation data and pedagogical classification, the following strengths in the instructor’s teaching strategies are evident. Each strength is described using established higher education teaching frameworks, followed by specific details on how the instructor implemented these practices.

---

### 1. Project-Based & Applied Assessment Design
**Description:** The course effectively utilizes applied assessments and a capstone-style final project to consolidate learning, promote skill transfer, and provide authentic opportunities for students to demonstrate mastery. This aligns with constructivist learning principles where knowledge is solidified through real-world task completion.

**Instructor Implementation Details:** 
- Designed a final project/assignment that intentionally requires students to synthesize and apply acquired visualization skills rather than recall isolated facts. Students noted it was *“a good way to test the skills that I developed during this course”* and *“a good way to wrap up the course.”*
- Integrated peer-reviewed assignments that were described as *“very good and efficient,”* fostering collaborative evaluation and iterative skill refinement.
- Structured lab exercises to emphasize practical implementation, with learners reporting they learned *“how to create [graphs] in python”* and built the ability to *“draw meaning and conclusions from data easily and much faster.”*

### 2. Clarity, Precision, and Digestibility of Instructional Materials
**Description:** The instructional content is delivered with high clarity and logical organization, reducing cognitive load and making complex technical concepts accessible to learners. Clear exposition is a cornerstone of effective direct instruction and foundational for self-paced online learning.

**Instructor Implementation Details:**
- Produced video lectures and supplementary materials that students consistently described as *“clear, precise,”* and *“great and helpful to show graph, plot, charts and maps.”*
- Maintained a consistent, digestible pacing across modules, with one learner noting the content was *“equally as digestible as the courses that preceded it.”*
- Provided structured introductory explanations that students found highly effective, specifically praising the course as *“very good in explaining an introduction in data visualization with python.”*

### 3. Strategic Integration of Theory and Hands-On Practice
**Description:** The course successfully bridges conceptual understanding with technical execution, avoiding the common pitfall of either overly abstract theory or unguided “recipe-following.” This theory-practice alignment supports deeper conceptual retention and procedural fluency.

**Instructor Implementation Details:**
- Deliberately balanced conceptual instruction with applied coding exercises, which students recognized as a *“great balance between theory and practice.”*
- Explained foundational concepts in an approachable manner, with theory being *“explained in a friendly way”* rather than presented as dense academic text.
- Centered labs around practical, tool-specific application (e.g., Matplotlib, Python environments), described as *“excellent,”* *“awesome,”* and *“detailed for the entry level.”*

### 4. Intentional Cognitive Challenge & Critical Thinking Development
**Description:** The course design incorporates appropriate “desirable difficulties” that push students beyond passive consumption, requiring independent problem-solving, critical analysis, and sustained effort. This pedagogical approach fosters metacognition and robust skill acquisition.

**Instructor Implementation Details:**
- Crafted assignments and exercises that are explicitly *“interesting and demanding,”* intentionally structured to challenge intermediate learners.
- Encouraged independent exploration and critical engagement, with students reporting they were *“happy to have been challenged to think critically”* and that the rigorous demands led to significantly deeper learning (*“Required quite a bit of additional work... I learned more than ever.”*).
- Leveraged the final assignment as a deliberate stress-test of competencies, which students positively framed as making them *“sweat”* and serving as a valuable benchmark of their growth.

### 5. Strong Alignment with Professional Development & Authentic Context
**Description:** The curriculum is tightly connected to industry-relevant tools, workflows, and career pathways, enhancing perceived relevance and motivation. Authentic learning contexts increase student engagement and improve knowledge transfer to professional settings.

**Instructor Implementation Details:**
- Selected and integrated industry-standard Python libraries and data visualization tools, prompting enthusiastic feedback such as *“Loved all the libraries introduced in this course!”*
- Positioned the course as highly applicable to career advancement, with learners noting it was *“very nicely taught and helpful for my career perspective”* and *“highly efficacious for intermediate level Data Analyst enthusiasts.”*
- Emphasized practical, real-world applications of visualization techniques, enabling students to confidently anticipate using *“these plots [for] my dataset”* in professional contexts.

### 6. Supportive & Engaging Learning Climate
**Description:** The instructor cultivated a motivating, collaborative, and intellectually stimulating learning environment. A positive learning climate is strongly correlated with student satisfaction, persistence, and self-efficacy in online courses.

**Instructor Implementation Details:**
- Designed activities that sustain interest and curiosity, with students frequently describing the course as *“interesting,”* *“amazing,”* and *“impressive.”*
- Fostered a collaborative peer-learning ecosystem, highlighted by one student’s note that *“Joining and getting help from course mates and moderates in discussion forum is Excellent!”*
- Maintained a tone and structure that kept learners invested, with multiple comments expressing genuine enthusiasm (*“I love this course! Interesting assignment :)*,” *“Is getting interesting,”* and *“I like it.”*).

---

**Summary for Instructional Development:**  
The instructor demonstrates strong pedagogical execution in applied assessment design, clear instructional delivery, theory-practice integration, appropriate cognitive challenge, authentic professional alignment, and climate cultivation. These strengths are consistently reinforced across student feedback and indicate a well-structured, learner-centered approach that effectively supports skill development in technical data visualization coursework.",3.7142857142857144
39,python-osnovy-programmirovaniya,"
### STRENGTHS IN TEACHING STRATEGIES

Based on the student comments and the provided classification, the following strengths have been identified in the course's teaching strategies. These are organized by pedagogical practice, including descriptions and specific details of the instructor's implementation.

#### 1. Extensive and Targeted Practical Reinforcement
**Description:**
The course employs a high-intensity practice-based approach, utilizing a substantial volume of coding tasks designed to reinforce foundational knowledge and master language-specific nuances. The strategy emphasizes ""learning by doing,"" with tasks curated to build muscle memory and deepen understanding through repetition and varied application.

**Implementation Details:**
*   **High Volume of Tasks:** Students consistently note the abundance of exercises, which serves as a primary mechanism for reinforcement.
    *   *Evidence:* ""Много материала, много практики"" (Comment 5); ""Огромное количество задач"" (Comment 9); ""Много задач и примеров"" (Comment 41); ""Очень много практических задач"" (Comment 25).
*   **Task Design for Language Specifics:** Tasks are carefully selected to help students internalize the unique features and syntax of Python.
    *   *Evidence:* ""Задачи подобраны так, чтобы освоить специфику этого языка"" (Comment 14); ""Задачи подобраны хорошо"" (Comment 11).
*   **Reinforcement through Drills:** The frequency of testing is perceived by students as an effective tool for embedding core concepts into long-term memory.
    *   *Evidence:* ""Много тестов буквально вбивают основы в память"" (Comment 29).
*   **Optional/Training Tasks:** The course includes non-mandatory training assignments that allow students to extend their practice and earn incremental rewards, supporting differentiated learning paths.
    *   *Evidence:* ""Много тренировочных заданий, не обязательных для выполнения, но часто добавляющие мелкую монету в копилку знаний"" (Comment 29); ""Отличные тренировочные, которые заставляют подумать"" (Comment 20).

#### 2. Clear, Accessible, and Engaging Instruction
**Description:**
Instructors demonstrate exceptional clarity in delivering content, making complex programming concepts accessible to beginners. The delivery style is praised for being structured, understandable, and engaging, with a strong emphasis on clear explanations and effective examples.

**Implementation Details:**
*   **Accessible Explanations:** The lecturer is commended for breaking down material in a way that is easy to grasp, even for those without a technical background.
    *   *Evidence:* ""Лектор излагает информацию доступно"" (Comment 26); ""Понятные и четкие объяснения преподавателя"" (Comment 27); ""Прекрасное объяснение материала, доступно для понимания"" (Comment 46); ""Доведено до моей головы очень доходчиво"" (Comment 44).
*   **Quality of Examples:** Instructors use examples that are neither too trivial nor overly complex, striking a balance that aids comprehension.
    *   *Evidence:* ""Хорошо объясняет на не сложных но и в тоже время на нетривиальных примерах"" (Comment 9).
*   **Instructor Expertise and Style:** Students express high satisfaction with the instructor's professionalism and teaching style, indicating strong instructor presence and enthusiasm.
    *   *Evidence:* ""Отличный преподаватель"" (Comment 41, 42); ""Превосходный преподаватель"" (Comment 42); ""Очень понравилось, как его ведёт автор... Хочется ещё таких же курсов от Михаила Густокашина"" (Comment 40); ""Лекции на отличном уровне"" (Comment 34).

#### 3. Logical Structure and Supportive Course Design
**Description:**
The course is well-organized, with a logical flow that supports progressive learning. The design includes high-quality supplementary materials and an open testing system, which enhances the learning experience and supports independent study.

**Implementation Details:**
*   **Structured Delivery:** Students appreciate the coherent organization of the course, which helps them navigate the material effectively.
    *   *Evidence:* ""Курс хорошо структурирован"" (Comment 33); ""Подача структурирована"" (Comment 5); ""Структура хорошая"" (Comment 4); ""Понятные, не очень загруженные... лекции"" (Comment 31).
*   **Supplementary Materials:** The course provides additional resources that students find highly useful for reviewing and consolidating knowledge.
    *   *Evidence:* ""Дополнительные текстовые материалы очень удобны для закрепления пройденного"" (Comment 26).
*   **Open Access to Testing:** The testing system is accessible to all students, widely available, which is valued as a positive feature of the course design.
    *   *Evidence:* ""Система тестирования заданий сделана открытой для всех"" (Comment 28).

#### 4. Active Community and Responsive Support
**Description:**
The course fosters a supportive learning environment through an active discussion forum and responsive course staff. This ecosystem allows students to seek help, share solutions, and overcome obstacles, which is particularly valuable when troubleshooting coding errors.

**Implementation Details:**
*   **Responsive Course Team:** In several sessions, the course team is noted for being quick to respond to student inquiries.
    *   *Evidence:* ""Команда курса оперативно отвечает на вопросы"" (Comment 26); ""Достаточно отзывчивые сотрудники курса"" (Comment 29).
*   **Effective Use of Forums:** The discussion forums are heavily utilized by students to find answers, understand error messages, and collaborate on problem-solving.
    *   *Evidence:* ""Справиться... помогал только форум"" (Comment 6); ""Был форум для участников курса, где были ответы на возникающие вопросы"" (Comment 25); ""Форум очень сильно помогает в этом вопросе"" (Comment 31); ""Читая форум... потихоньку въезжаешь в курс дела"" (Comment 39); ""Помощь в обсуждениях"" (Comment 34).

#### 5. High Efficacy for Beginners and Positive Learning Outcomes
**Description:**
The course is widely recognized as an excellent entry point for novices, successfully conveying core programming concepts and enabling students to achieve concrete learning outcomes. Students report gaining a solid foundation that allows them to apply knowledge practically and continue self-directed learning.

**Implementation Details:**
*   **Suitability for Novices:** The course is frequently recommended as the best option for beginners, with content tailored to those starting from zero.
    *   *Evidence:* ""Лучшее из того, что можно взять для новичка!"" (Comment 47); ""Супер полезен для начинающих"" (Comment 49); ""Отличный курс для начинающих"" (Comment 29); ""Курс не плох... для начинающих"" (Comment 4); ""Для нулевого уровня знаний курс подойдёт"" (Comment 19).
*   **Achievement of Learning Goals:** Students confirm that the course effectively helps them master the basics and achieve practical competence.
    *   *Evidence:* ""С его помощью получилось освоить основы программирования"" (Comment 15); ""Практически с нуля освоил язык"" (Comment 41); ""Самое то для знакомства и понимания основ устройства языка"" (Comment 24); ""Отличное начало для погружения в программирование"" (Comment 45).
*   **Practical Application and Autonomy:** The course enables students to apply their skills to real-world problems and empowers them to pursue further independent study.
    *   *Evidence:* ""Создал определенный базис для решения своих сугубо практических задач в области финансовых рынков"" (Comment 6); ""Получил... возможность углубиться в изучения языка уже самостоятельно"" (Comment 33); ""Самостоятельно с помощью предоставленных в курсе материалов разобраться можно"" (Comment 38).
*   **High Accessibility:** The content is accessible even to younger learners or those with limited technical background, indicating effective scaffolding for diverse learners.
    *   *Evidence:* ""Задачи лёгкие 12 летнему ребёнку норм!"" (Comment 43); ""Мне как маркетологу зашло... это решаемо"" (Comment 24).

#### 6. Stimulating Student Interest and Engagement
**Description:**
The course successfully captures and maintains student interest, with learners describing the experience as interesting, useful, and satisfying. The combination of engaging content and effective pedagogy leads to high levels of student motivation.

**Implementation Details:**
*   **Positive Student Sentiment:** Students express strong enthusiasm and satisfaction with the overall course experience.
    *   *Evidence:* ""Курс интересно и увлекательно"" (Comment 13); ""Классный курс"" (Comment 33); ""Курс очень понравился"" (Comment 40); ""Очень полезный и интересный курс"" (Comment 44); ""Отличный курс!"" (Comment 40, 41); ""Тысяча благодарностей за курс"" (Comment 34).
*   **Desire for Continuation:** The quality of the course inspires students to seek further learning opportunities with the same instructors.
    *   *Evidence:* ""Хочется ещё таких же курсов от Михаила Густокашина"" (Comment 40).

### Summary of Strengths
The course demonstrates significant strengths in **practical reinforcement** through a high volume of targeted tasks and optional drills, **clear and accessible instruction** delivered by engaging experts, and a **well-structured design** supported by quality materials and an open testing system. The **active support ecosystem** via forums and responsive staff enhances the learning experience, while the course achieves **high efficacy for beginners**, successfully building foundational skills, enabling practical application, and fostering student autonomy. Overall, the teaching strategies result in **high student satisfaction and engagement**, with the course widely recommended as an excellent entry point for novice programmers.",4.183673469387755
40,quantum-computing-algorithms,"
Based on the student comments and the analysis provided, here is a description of the strengths in the teaching strategies. This report focuses exclusively on positive feedback regarding the instructor's methods, content delivery, and course design.

### **Strengths in Teaching Strategies**

#### **1. Content Rigor, Modeling, and Subject Mastery**
*   **Description:** The instructor demonstrates a deep command of the subject matter, delivering technically solid content with a strong emphasis on the mathematical foundations of quantum computing. The teaching strategy prioritizes precision, detail, and the clear exposition of complex models.
*   **Implementation Details:**
    *   Students affirm that the ""technical content is fundamentally solid"" (Comments 8, 12).
    *   The instructor ""went into great detail to ensure that the mathematical models behind the algorithms and filed spaces were clear"" (Comment 29).
    *   The course is praised for providing a ""great starting course for a theoretical understanding"" and covering a ""lot of details"" (Comments 25, 24, 27).
    *   The content is described as ""very informative"" (Comment 19) and the instructor is noted to be ""very good with his concepts"" (Comment 32).

#### **2. Structured Sequencing and Conceptual Scaffolding**
*   **Description:** The course employs a logical pedagogical structure that gradually builds complexity. The strategy allows concepts to unfold in a progressive manner, helping students establish a foundation before advancing, particularly during the initial phases of the course.
*   **Implementation Details:**
    *   Students highlight a ""nicely structured progression"" (Comment 29) and appreciate the way the instructor ""gradually built up the concepts"" (Comment 24).
    *   The course is described as ""well organized"" (Comment 34) and the lessons are ""well-groomed"" (Comment 2).
    *   Specific praise is directed at the first three weeks, which are identified as a ""great introduction"" where the instructor ""covers very clearly all of the subjects"" (Comment 12).

#### **3. Stimulating Student Interest and Intellectual Engagement**
*   **Description:** The teaching strategy effectively leverages the fascinating nature of quantum computing to engage students. The instructor fosters an environment where the intellectual challenge is appreciated, and the material is presented in a way that captures student imagination and enthusiasm.
*   **Implementation Details:**
    *   Students report that the ""material really blew my mind"" (Comments 36, 37, 40) and describe the course as ""mind-blowing"" (Comments 36, 40).
    *   The topic is cited as ""interesting"" and the material as ""interesting"" (Comments 2, 4, 18).
    *   The course is characterized as ""challenging and enjoyable"" (Comment 43), and some students ""enjoyed it for the very fact that it was difficult and mathematics is just mind blowing"" (Comment 36).
    *   The instructor is noted as ""engaging"" (Comment 20).

#### **4. Use of Analogies and Concrete Illustrations**
*   **Description:** The instructor utilizes relevant analogies to bridge abstract concepts with concrete understanding, aiding student comprehension.
*   **Implementation Details:**
    *   A specific figurative detour regarding ""sheep counting in chapter 2"" was explicitly praised as being ""couldn't be more appropriate"" (Comment 1).

#### **5. Scaffolding for Advanced Learning and Practical Application**
*   **Description:** The course is designed to serve as an effective ""bootstrap,"" preparing students for advanced study and providing practical context regarding the real-world implications of quantum algorithms.
*   **Implementation Details:**
    *   Students value the course as a ""useful bootstrap module which allows to gently read and understand more advanced literature"" (Comment 2).
    *   The course successfully ""got me started"" and helped students ""move passed the initial mathematics"" to gain an appreciation for the field (Comment 22).
    *   It provides practical insight, helping students ""understand better the nature of problems that will lend themselves to being solved better with quantum algorithms"" and ""separate the hype from the reality"" (Comment 22).
    *   The course acts as a roadmap, helping students understand ""what all I need to learn in order to move forward in the field"" (Comment 30).

#### **6. Clarity of Explanations and Coverage**
*   **Description:** Despite mixed feedback on delivery pace, students acknowledge that the explanations and coverage of topics are clear and effective in conveying the subject matter.
*   **Implementation Details:**
    *   Students note the instructor ""covers very clearly all of the subjects"" (Comment 12).
    *   The ""content is explained well"" (Comment 25) and the course is ""generally clear"" with ""explanations are good"" (Comment 20).

#### **7. Value of Assessments for Learning**
*   **Description:** Assessments are viewed by some students as constructive tools that reinforce learning and are aligned with the course's difficulty level.
*   **Implementation Details:**
    *   Exams are noted to ""enhance your understanding of the subject"" (Comment 12).
    *   Assignments are described as ""solvable"" (Comment 34) and ""good"" (Comment 24).

#### **8. Supportive Course Ecosystem**
*   **Description:** Course components beyond the lectures contribute positively to student success and problem-solving.
*   **Implementation Details:**
    *   Students report that ""Discussion forums helped in solving my errors"" (Comment 41).",3.2045454545454546
41,r-programming,"
Based on the student comments and classification provided, the following strengths in teaching strategies are identified. The description focuses exclusively on positive aspects, detailing the instructor's implementation and specific course features praised by students.

### Strengths in Teaching Strategies

**1. Effective Use of Interactive Learning Tools**
*   **Description:** The instructor leverages the Swirl package to provide a highly interactive, hands-on learning environment that students find significantly more effective and engaging than passive methods.
*   **Implementation Details:**
    *   **Interactive Exercises:** The course integrates ""interactive swirl activities"" and ""swirl exercises"" that students describe as ""profoundly helpful"" and ""helpful"" for mastering the material.
    *   **Superior Coverage:** Students note that the Swirl package is a ""much better way to cover the source material"" and serve as excellent practice assignments.
    *   **High Engagement:** The interactive nature of Swirl is described as ""simply enjoyable,"" contributing to a positive learning experience.

**2. Project-Based Learning with Real-World Application**
*   **Description:** The course employs project-based learning where students apply concepts to authentic scenarios, utilizing real data and constructing assignments that foster deeper problem-solving skills.
*   **Implementation Details:**
    *   **Real Data Projects:** Assignments are ""sufficiently challenging"" and utilize ""real data,"" providing a ""great experience"" that mimics professional work.
    *   **Constructive Assignments:** Projects are described as ""constructive assignments to apply the concepts,"" ensuring students move beyond theory to practice.
    *   **Beyond Video Content:** Projects require students to do ""more than just applying what is explained in the video,"" encouraging independent application and synthesis of knowledge.
    *   **Real-World Relevance:** The curriculum builds to a point where students feel equipped to ""apply your knowledge to real world examples.""
    *   **Data Analysis Focus:** Assignments involving ""basic data analysis"" are noted to ""start to get interesting,"" indicating effective progression to applied topics.

**3. Intuitive and Well-Structured Curriculum**
*   **Description:** The course design is praised for its logical flow, intuitive organization, and comprehensive coverage of foundational concepts.
*   **Implementation Details:**
    *   **Intuitive Design:** The curriculum is described as ""so intuitive and well decorated,"" making it accessible even to students with strong technical backgrounds (e.g., CS graduates).
    *   **Constructive Alignment:** Students observe that the ""structure, content, and tools have been selected correctly,"" indicating strong alignment between course components.
    *   **Logical Progression:** The course covers ""basic concepts covered well"" and ""builds nicely,"" allowing students to reach a point where they feel confident in their skills.
    *   **Comprehensive Content:** The course offers ""heaps of contents"" and is viewed as ""absolutely complete,"" providing substantial material for learners.
    *   **Beginner Friendliness:** The course is recognized as ""very informative for starters"" and an ""excellent starting point"" for those new to R.

**4. Robust Support Mechanisms and Community Resources**
*   **Description:** The instructor fosters a supportive learning environment through peer interaction, mentor assistance, and effective supplementary reading materials.
*   **Implementation Details:**
    *   **Peer Review:** The inclusion of ""Peer reviewed assignments"" is explicitly appreciated by students as a valuable component of the course.
    *   **Mentor Assistance:** The course benefits from active mentorship, with students expressing appreciation for ""Mentor's assistance"" and noting that ""select few mentors"" in the forums are ""quite helpful."" Specific recognition is given to individuals like ""Nick Carchedi.""
    *   **Effective Reading Materials:** The ""reading section"" is highlighted as a critical resource that ""actually taught the skills needed"" for assignments, providing essential guidance that students found indispensable.

**5. High-Quality Multimedia and Presentation**
*   **Description:** The course materials are well-presented, with video content that avoids common pitfalls of automated production.
*   **Implementation Details:**
    *   **Natural Narration:** Videos are narrated with a human voice rather than a robotic voice-over, which students note is ""good"" and improves the experience.
    *   **Clear Explanations:** Materials are described as ""Well explained"" and ""well presented,"" contributing to the course's clarity.

**6. Engaging and Rewarding Learning Experience**
*   **Description:** The course generates high levels of student satisfaction, engagement, and a sense of accomplishment.
*   **Implementation Details:**
    *   **Student Enjoyment:** Students report ""I really enjoy this course"" and describe it as ""very fun,"" indicating high affective engagement.
    *   **Sense of Reward:** Students feel ""rewarded with the knowledge"" and experience satisfaction in ""overcome all the high-level challenges,"" suggesting the difficulty level is perceived as a rewarding challenge rather than just a barrier.
    *   **Practical Value:** The course is described as ""hard and practical,"" with students affirming they ""learned a lot,"" validating the practical orientation of the instruction.

**7. Well-Adjusted Pacing**
*   **Description:** Several students perceive the course pacing as balanced and appropriate for their learning needs.
*   **Implementation Details:**
    *   The content is delivered at a ""solid pace"" and is described as having a ""well adjusted pace,"" allowing students to progress effectively through the material.",4.224489795918367
42,recruiting-hiring-onboarding-employees,"
Based on the analysis of student comments, the following strengths in teaching strategies and course design have been identified. These strengths focus exclusively on positive feedback regarding instructor performance, content quality, instructional clarity, engagement, and practical application.

### 1. Subject Matter Expertise and Professional Insight
**Description:** Instructors are recognized for their deep knowledge of Human Resources and their ability to convey professional expertise. Students value the instructors' competence and the practical wisdom derived from their experience.
**Implementation Details:**
*   Instructors are repeatedly described as ""experts in the HR field"" and ""very competent.""
*   Students appreciate that professors ""share their professional experience"" alongside theoretical content.
*   Instructors provide ""useful advice"" and a ""wide understanding"" of the Recruiting, Hiring, and Onboarding areas.
*   Feedback indicates instructors were ""on point"" with their delivery, suggesting precision and mastery of the material.

### 2. Clarity and Comprehensibility of Explanations
**Description:** The instructional delivery is clear, making complex processes easy to understand. Students report that explanations are helpful and that the course successfully demystifies HR processes.
**Implementation Details:**
*   Students note that ""lectures are clear and helpful.""
*   One comment highlights that ""the teacher explain very well.""
*   The course is praised for its ability to ""make all the process clear,"" particularly regarding basic recruiting, hiring, and onboarding workflows.

### 3. Comprehensive, Accurate, and Valuable Content
**Description:** The course materials and lectures are thorough, detailed, and reliable. Students find the content to be high-quality, relevant, and essential for their learning.
**Implementation Details:**
*   The course is described as ""very thorough and detailed"" with information that is ""accurate and relevant.""
*   Students characterize the course as ""comprehensive"" and covering ""many important aspects"" of HR.
*   Materials and videos are explicitly labeled as ""valuable.""
*   Students report receiving ""important and useful information"" and ""great knowledge.""
*   The content is noted to be ""informative"" and provides a ""very good course insight.""

### 4. Practical Application and Real-World Relevance
**Description:** The course is highly applicable to professional practice. Students value the focus on best practices and the course's ability to prepare them for real-world HR challenges and career advancement.
**Implementation Details:**
*   Students emphasize that the course is ""very applicable"" and note that ""the key to this course is the best practices followed.""
*   The content helps students develop skills to ""select, recruit and onboard employees.""
*   Students report the course will ""help me in my job and career"" and provides insights that ""go a long way"" for their professional development.
*   The course ""opens eyes"" to the employer perspective and ""broadens perspective"" while ""sharpening"" onboarding skills.
*   The course is identified as providing a solid ""base"" for those new to HR and is ""very nice for junior recruitment specialists.""

### 5. Engagement, Interest, and Interactivity
**Description:** The course successfully stimulates student interest and maintains engagement. Students report high levels of enjoyment and find the learning experience positive and interactive.
**Implementation Details:**
*   The subject matter is described as ""interesting"" and the course as ""engaging"" and ""involving.""
*   Students report they ""Thoroughly enjoyed"" the course, with some stating they ""really enjoyed and loved"" it.
*   The course is described as ""very interactive.""
*   Students describe the overall experience as ""amazing"" and a ""Fantastic Experience.""
*   The variety of instructor styles contributed to engagement, with one student noting, ""every teacher has his/her own style which i liked.""

### 6. Effective Use of Learning Activities and Resources
**Description:** Specific course activities and resources are utilized effectively to deepen learning and provide practical examples.
**Implementation Details:**
*   **Writing Tasks:** ""Individual writing tasks help to learn even deeply every week's course,"" indicating these assignments successfully promote reflective and deep learning.
*   **Task Design:** Students found that ""Tasks were interesting.""
*   **Supplementary Resources:** Students appreciate the provision of external resources, noting, ""thanks for the links that were shared throughout the course.""
*   **Peer Learning:** While the peer review system has issues, students identified a strength in using peer work for learning: ""I especially like to see other students' reviews, as it gives you a lot of good and bad examples,"" which allowed students to gather ideas and improve their own understanding.

### 7. Instructor Approachability and Style
**Description:** Instructors are perceived as pleasant, listenable, and approachable, contributing to a positive learning environment.
**Implementation Details:**
*   One instructor, Amy, is highlighted as a ""great person to listen to.""
*   Students express gratitude and rapport, noting it is a ""pleasure to learn from their lectures.""
*   Comments include personal appreciation, such as ""thankyou for helping me"" and ""Thank both the tutor for doing an excellent job.""

### 8. Focus on Contemporary and Holistic HR Topics
**Description:** The course covers relevant modern trends and a broad spectrum of HR topics, ensuring students are well-equipped for current challenges.
**Implementation Details:**
*   The course explores ""conversations surrounding new trends in recruiting and onboarding processes.""
*   Topics include ""diversity and inclusion,"" which are critical contemporary issues.
*   The course ""explore[s] topics of diversity and inclusion"" to make learners ""equipped before taking a dive into challenges of Human Resource Management.""",3.8333333333333335
43,sequence-models-in-nlp,"
Based on the student comments provided, the following strengths have been identified in the teaching strategies and course design. These strengths are categorized by instructional practice, with descriptions and specific details regarding the instructor's implementation.

### **1. High-Quality and Well-Structured Assignments**
*   **Description:** Students consistently praise the programming assignments for their clarity, structure, and effectiveness in facilitating learning. The assignments are viewed not just as exercises, but as valuable educational resources in their own right.
*   **Implementation Details:**
    *   **Clarity and Writing:** Assignments are described as ""well-written"" with notebooks that are appreciated for their quality. One student noted, ""assignment notebooks are well-written!""
    *   **Structure:** The organization of the assignments is highlighted as a key strength. Comments include, ""really loved how well the assignement are structured"" and ""assignments make you apply the theory what you have learnt in the videos in an effective way.""
    *   **Depth of Implementation in Specific Weeks:**
        *   *Week 1:* Labs and assignments are commended for illustrating ""implementations of some of the basic layer classes"" and outlining ""the overall flow of NN training with Trax.""
        *   *Week 4:* Labs and assignments are praised for illustrating ""the implementation of the loss layer based on the unique triple loss function.""
    *   **Resource Value:** The code and scripts within assignments provide deep learning opportunities. Students noted, ""If you read through the python scripts carefully... they are really nice study resources,"" and that the labs offer ""immense opportunity for practice.""

### **2. Introduction to Modern Frameworks and Under-the-Hood Mechanics**
*   **Description:** The course is highly valued for introducing the Trax framework, which students perceive as a state-of-the-art tool. This choice is credited with helping students understand deeper implementation details and modern deep learning practices.
*   **Implementation Details:**
    *   **Framework Mastery:** Students appreciate learning a new, advanced tool. Comments include, ""great introduction to the Trax Framework for Deep Learning"" and ""helps me learn the state of the art DL framework Trax.""
    *   **Mechanism Understanding:** The use of Trax is linked to better conceptual understanding of how models work internally. One student stated the course helps them ""be more familiar with the working mechanism under the hood.""
    *   **Enjoyable Technical Training:** The technical training is described as ""very enjoyable trax / jax training.""

### **3. Coverage of Advanced and Cutting-Edge NLP Topics**
*   **Description:** The curriculum is recognized for covering advanced material and specific, high-value models in Natural Language Processing (NLP), providing content that goes beyond basic introductions.
*   **Implementation Details:**
    *   **Advanced Topics:** The course is described as an ""Excellent course on advanced topics in NLP"" and contains ""cutting edge material.""
    *   **Siamese Networks:** There is specific praise for the comprehensive coverage of Siamese Networks. Students noted, ""Very comprehensive introduction to Siamese Networks for One-Shot learning"" and that the course ""improves my understanding of... Siamese model (e.g. hard negatives) for natural language.""
    *   **Practical Models:** Specific applications are highlighted as engaging and useful. The ""detection of Question duplication"" was called a ""very much cool model"" that students enjoyed.
    *   **Core Sequence Models:** The course is effective as an ""introduction to recurrent-based networks"" and students expressed satisfaction with the coverage of LSTMs (""glad I touched LSTMs"").

### **4. Effective Course Structure and Concise Delivery**
*   **Description:** The overall architecture of the course and the pacing of the lectures are praised for being well-organized, compact, and efficient.
*   **Implementation Details:**
    *   **Structure:** The course is described as ""very well structured"" with a ""Great compact ad very useful course curriculum.""
    *   **Lecture Planning:** Lectures are noted for being ""well planned"" and ""very short and to the point."" The efficiency of the delivery is appreciated by some as ""fast videos"" that get straight to the content.
    *   **Prerequisite Alignment:** The course is noted to work well for students who have completed prior specializations, offering a ""pretty nice"" progression that is ""very easy if you have completed the Sequence models course.""

### **5. Clear Instructor Explanations**
*   **Description:** The instructor's delivery is commended for clarity and effectiveness in explaining complex concepts.
*   **Implementation Details:**
    *   **Clarity:** A student remarked, ""Younes explains all the concepts very nicely,"" indicating strong verbal instruction and pedagogical clarity.

### **6. Practical Applicability and Project Relevance**
*   **Description:** Students find the course content immediately applicable to their professional or academic work, reinforcing the value of the learning outcomes.
*   **Implementation Details:**
    *   **Project Integration:** Multiple students mentioned direct application to their work. Examples include, ""is actual helping me do my next project,"" and ""learned many new things, which I am planning to use in my current project.""
    *   **Practical Sufficiency:** For practical goals, the course is viewed as sufficient, with one comment noting, ""for practical purposes whatever was sufficient.""

### **7. Supportive Learning Ecosystem and Resources**
*   **Description:** The course provides additional resources and community support that enhance the learning experience.
*   **Implementation Details:**
    *   **Optional Readings:** The availability of supplementary materials is noted, with advice to ""Take advantage of optional readings to get the most out of the course.""
    *   **Community Support:** The external community is valued, with students stating, ""The community on slack is very helpful if you need any help.""

### **8. High Student Satisfaction and Learning Gains**
*   **Description:** The cumulative effect of the teaching strategies results in significant learning outcomes and high levels of student satisfaction and engagement.
*   **Implementation Details:**
    *   **Learning Outcomes:** Students report substantial knowledge acquisition, citing they ""learnt tons of things,"" ""learned so much things,"" and ""learned a lot in this course.""
    *   **Recommendation and Engagement:** The course is highly recommended as the ""Best course for NLP out there"" and a ""Great course... highly recommend it."" There is strong anticipation for future content, with comments like ""can't wait for the next"" and ""can't wait course 4.""
    *   **Overall Satisfaction:** Descriptors such as ""course is fantastic,"" ""Absolutely satisfied,"" and ""Excellent course"" reflect a positive student experience.",3.857142857142857
44,social-economic-networks,"
Based on the student comments and the provided analysis, **no strengths in teaching strategies were identified**.

The material consists exclusively of negative feedback and a classification of a weakness:

*   **Comment 1** expresses a desire to drop the course and characterizes enrollment as a ""bad choice,"" indicating dissatisfaction without citing any positive attributes.
*   **Comment 2** highlights a lack of utility for students without prior math knowledge, which is classified as **inadequate scaffolding**. This reflects a structural or instructional gap rather than a strength.

As the instruction requires focusing solely and exclusively on strengths found in the material, and none are present, there are no items to list.",1.0
45,spanish-in-healthcare-settings,"
### Strengths in Teaching Strategies

Based on the student comments, the following strengths have been identified regarding the instructor's teaching strategies and course design. Each strength includes a description and specific details regarding the instructor's implementation as reported by students.

**1. Course Organization and Clarity**
*   **Description:** The instructor has established a highly structured and accessible course environment. Students consistently perceive the learning materials as logical, easy to navigate, and clearly presented, which likely reduces cognitive load and supports effective learning.
*   **Implementation Details:** Multiple students explicitly describe the course as ""very clear and well organized"" and ""very organized."" This suggests the instructor has effectively sequenced modules and formatted content to ensure coherence and ease of use for learners.

**2. Practical Application and Professional Relevance**
*   **Description:** The course is strongly focused on real-world utility, equipping students with actionable skills and knowledge directly applicable to their professional goals in healthcare. Students value the content for its ability to bridge language learning with practical healthcare communication.
*   **Implementation Details:** The instructor incorporates ""interesting topics and issues"" that address specific requirements for communicating effectively in healthcare settings. The course provides students with ""tools and information to be successful in a Spanish health care setting."" Students confirm the practical impact, noting the course will ""help me in my communication with hispanic people in healthcare setting"" and supports their goal to ""expand on their medical Spanish.""

**3. Comprehensive Content and Resource Richness**
*   **Description:** The course offers a substantial volume of information and learning aids, ensuring that students receive a thorough education on the subject matter. The density of resources is viewed positively as a provider of valuable knowledge.
*   **Implementation Details:** Students report that ""there is a lot of information given"" and emphasize that the course ""gives you a lot of tools and information."" This indicates the instructor has packed the course with extensive materials, ensuring comprehensive coverage of the medical Spanish domain.

**4. Versatility and Value Across Learner Profiles**
*   **Description:** The course content demonstrates flexibility and value for students with varying linguistic backgrounds and proficiency levels. The specialized focus appears to benefit not only language learners but also those with native proficiency seeking domain-specific competence.
*   **Implementation Details:** A student who is a ""native Spanish speaker"" found the course ""useful,"" likely due to the specialized healthcare context provided. Additionally, the course is described as ""great for beginners who know some Spanish"" who wish to build upon their foundation. This suggests the instructor's content successfully serves both those expanding medical vocabulary and those refining professional communication skills.",4.0
46,stochasticprocesses,"
Based on the student feedback, the following teaching strategies demonstrate clear pedagogical strengths. Each strength is described alongside specific details of how the instructor implemented the practice in the course.

### 1. Clarity and Comprehensibility of Explanations
**Description:** The instructor demonstrates strong pedagogical clarity in delivering dense, theoretical material. Explanations are structured to maximize legibility and logical flow, enabling students to follow complex mathematical derivations without excessive cognitive friction.
**Implementation Details:**
- The instructor delivers lectures using ""comprehensive language"" and is consistently noted for explaining theory ""pretty clearly.""
- Mathematical derivations and formal proofs are presented in a ""clear"" and ""very well explained and illustrated"" manner.
- Even when covering advanced probabilistic concepts, the instructor's verbal and visual delivery allows students to successfully parse the material (""I enjoyed the clear derivations and proofs"").

### 2. Structured and Efficient Course Organization
**Description:** The course follows a logical, well-sequenced architecture that efficiently introduces foundational concepts, builds to key theorems, and maintains coherent pacing without pedagogical bloat.
**Implementation Details:**
- The instructor outlines the course thoroughly, ensuring that ""basic definitions with examples and important theorems were covered efficiently.""
- Assessment design is intentional and streamlined: quizzes contain a ""sufficient"" number of ""well designed questions"" that align with course objectives.
- The instructor maintains a steady, focused progression through the syllabus, which students characterize as a ""well presented course"" with cohesive lecture, quiz, and exam structures (""Great lectures, great quizzes, great exams!"").

### 3. Intellectual Rigor and Appropriate Academic Challenge
**Description:** The instructor upholds high academic standards by preserving mathematical precision and theoretical depth, providing students with a rigorously challenging learning experience that stretches analytical capabilities.
**Implementation Details:**
- The instructor deliberately maintains formal mathematical standards, delivering complex content ""with virtually no effect on mathematical rigour.""
- The course is consistently recognized as ""rigorous,"" ""very solid,"" and ""challenging and enriching,"" with students explicitly valuing the difficulty level (""The most challenging course I did so far on Coursera, nevertheless it is one of the best"").
- The instructor refrains from oversimplifying advanced topics, instead providing formal mathematical training that students credit with refining their ""mathematical pedigree"" and bootstrapping their quantitative knowledge.

### 4. Development of Transferable Conceptual Frameworks & Applied Relevance
**Description:** Despite a strong theoretical orientation, the instructor successfully equips students with foundational mental models and intuition that students can transfer to advanced academic or professional domains.
**Implementation Details:**
- The instructor structures theoretical content to provide a ""basic framework using which I can now solve real-world problems"" and builds ""intuition about stochastic processes.""
- Course content is explicitly linked by students to advanced applications, providing tools to ""tackle more advanced stochastic, like population dynamics or quantitative finance.""
- The instructor introduces highly differentiated, niche topics (e.g., Lévy processes, Gaussian filters) that students directly apply to specialized fields such as robotics mapping and insurance modeling, noting the material is ""very differentiated"" and covering concepts rarely found elsewhere.
- The pacing and depth create sustained intellectual engagement, with students noting the course ""ended just as it was getting interesting"" and expressing strong enthusiasm for advanced follow-up content.

### 5. Instructor Professionalism and Positive Learning Climate
**Description:** The instructor fosters a respectful, academically supportive environment characterized by clear expertise, dedication, and genuine instructional investment, which positively shapes student motivation and course satisfaction.
**Implementation Details:**
- Students consistently acknowledge the instructor's professionalism and subject-matter expertise (""Vladimir is really a good professor!"", ""Mr Panov is very good!"").
- The instructor's dedication to teaching a highly specialized topic is met with direct student gratitude (""Thank you for the course, Vladimir!"", ""REALLY NICE CLASS! I HAVE LEARNED SO MUCH! THANK YOU PROFESSOR!"").
- The instructional tone and delivery cultivate a positive learning climate, with students describing the course as a ""very helpful and informative"" and ""excellent resource,"" and several expressing strong interest in taking additional courses authored by the same instructor.",4.081632653061225
47,wharton-introduction-spreadsheets-models,"
Based on the student comments and the provided classification, here is a description of the **STRENGTHS** in the teaching strategies. This analysis focuses exclusively on positive feedback, detailing the specific practices and implementations identified by students.

### **1. Clarity and Comprehensibility of Explanations**
*   **Description:** The instructor demonstrates a high ability to make complex statistical and modeling concepts accessible to students. The teaching style is noted for its clarity, and the instructor effectively breaks down technical material so that it is understandable and logical.
*   **Specific Implementation Details:**
    *   **Conceptual Breakdown:** The instructor provides ""really good basic explanations"" regarding spreadsheets and models, ensuring foundational concepts are solid.
    *   **Statistical Rationale:** Students appreciated the explanation of probabilistic models and distributions. Specifically, the instructor explains *why* certain elements are useful, such as clarifying the utility of **R-squared and standard deviation**, rather than just presenting formulas.
    *   **Use of Examples:** The instructor employs ""concrete math examples"" which significantly aid comprehension and make the material easier to understand.
    *   **Delivery Style:** The professor's speaking and teaching style is described as clear, comprehensible, and engaging, keeping students interested throughout the lectures.

### **2. Practical Application and Real-World Relevance**
*   **Description:** A major strength of the course is its strong alignment with professional practice. Students perceive the content as highly useful, time-saving, and directly applicable to their careers. The course successfully bridges the gap between theory and real-world business scenarios.
*   **Specific Implementation Details:**
    *   **Business Modeling:** The course provides ""very good information and methods for running real-life business models,"" allowing students to see how tools apply to operational contexts.
    *   **Forecasting and Analysis:** The instructor introduces valuable statistical tips for forecasting and demonstrates how to leverage tools students already possess (Excel) for advanced analysis.
    *   **Tool Introduction:** The course does a ""great job of introducing the Data Analysis add-in in Excel,"" which students identified as a specific tool that will be ""very useful and time-saving"" in their work.
    *   **Immediate Utility:** Multiple students noted they can ""immediately leverage"" the course content in their current jobs, highlighting the practical value of the instruction.

### **3. Quality of Course Materials and Structure**
*   **Description:** The instructional resources are well-designed, detailed, and logically organized. The course structure supports learning by presenting information in a flow that is easy to follow, while slides and materials are crafted for maximum clarity.
*   **Specific Implementation Details:**
    *   **Slide Design:** Students specifically praised the slides, noting they are ""well formulated and easy to understand.""
    *   **Comprehensive Content:** The course provides ""lots of detailed information,"" covering not just applications but also the ""theory and logic of using spreadsheets effectively.""
    *   **Organization:** The course structure is described as ""easy to understand and follow,"" facilitating a smooth learning experience.
    *   **Conciseness:** The material is presented in a concise manner, delivering essential information efficiently.

### **4. Hands-On Practice and Modeling Opportunities**
*   **Description:** The course incorporates practical elements that allow students to interact with the material and develop specific technical skills, particularly in the area of spreadsheet modeling.
*   **Specific Implementation Details:**
    *   **Spreadsheet Modules:** The instructor provides spreadsheet modules that allow students to ""tinker around,"" fostering exploratory learning.
    *   **Skill Acquisition:** Through these modules, students were able to pick up ""very good new modeling methods,"" with even self-described ""power Excel users"" reporting new skill gains.
    *   **Analytical Thinking:** The course moves beyond rote tasks to help students develop a deeper analytical mindset, described as learning ""how to think with numbers.""

### **5. Engagement and Intellectual Challenge**
*   **Description:** The course effectively stimulates student interest and provides an appropriate level of cognitive demand. Students feel motivated by the content and appreciate assessment strategies that balance encouragement with challenge.
*   **Specific Implementation Details:**
    *   **Appropriate Challenge:** quizzes and questions are pitched at a ""just-right level,"" serving to both encourage students and challenge them to improve their performance.
    *   **Student Enthusiasm:** The course generates high levels of student satisfaction and recommendation, with descriptors such as ""excellent,"" ""amazing,"" ""great learning experience,"" and ""must do.""
    *   **Interest Retention:** The instructor's teaching style actively keeps students interested, and the content is viewed as ""very interesting"" and ""challenging"" in a positive way that promotes learning.

### **6. Instructor Effectiveness and Student Support**
*   **Description:** Students perceive the instructor as highly effective and supportive. There is a positive rapport evident in the feedback, with students expressing gratitude and recognizing the value of the instructor's guidance.
*   **Specific Implementation Details:**
    *   **Helpfulness:** The instructor is viewed as a great help, particularly regarding Excel skills, indicating a supportive teaching presence.
    *   **Gratitude and Respect:** Students expressed direct appreciation for the instructor (e.g., ""thank you sir for giving me this opportunity""), reflecting a positive instructor-student relationship and satisfaction with the professor's contribution to their learning.",3.4375
48,wine,"
Based on the analysis of the student comments and the classification provided, the following strengths in teaching strategies have been identified. Each strength includes a description and specific implementation details derived from the verbatim evidence.

### **Strengths in Teaching Strategies**

#### **1. Clarity of Course Materials**
*   **Description:** The course materials are designed with a strong emphasis on visual quality and accessibility, ensuring that content is easy to comprehend for a diverse range of learners.
*   **Implementation Details:**
    *   Presentations are crafted to be ""beautiful, clear, minimalist and accurate.""
    *   The clear design facilitates understanding for non-native speakers, making the material approachable and effective.

#### **2. Instructor Enthusiasm for the Course**
*   **Description:** The instructor demonstrates high energy, expertise, and a personable demeanor, creating an engaging and positive learning environment.
*   **Implementation Details:**
    *   Instructor John Buechsenstein is described as ""superb"" and ""amazing.""
    *   The teaching style incorporates humor, with students noting the course is ""very funny,"" which contributes to an enjoyable experience.

#### **3. Relating Content to Students' Lives and Interests**
*   **Description:** The curriculum is heavily focused on practical application, real-world relevance, and the transferability of skills to personal enjoyment and professional contexts.
*   **Implementation Details:**
    *   **Hands-on Practice:** Assignments require students to purchase, taste, and describe wines, as well as analyze food pairings, directly linking theory to practice.
    *   **Independent Experimentation:** Students learn techniques that empower them to ""continue experimenting by yourself.""
    *   **Daily Life Application:** Content is viewed as highly applicable to ""day to day life"" and enhances the experience of wine consumption.
    *   **Cross-Industry Relevance:** Sensory analysis techniques are recognized as transferable to other fields, such as the coffee business, benefiting students in broader beverage industries.
    *   **Targeted Relevance:** The course is deemed a ""must"" for wine drinkers and lovers, providing a solid framework for understanding wine appreciation.

#### **4. Stimulating Student Interest**
*   **Description:** The course effectively captures and sustains student engagement through interesting content, interactive elements, and comprehensive coverage that appeals to learners at various experience levels.
*   **Implementation Details:**
    *   **Engagement and Enjoyment:** Students describe the course as ""fun,"" ""interesting,"" and ""enjoyable,"" with activities noted to ""really enhance the learning.""
    *   **Comprehensive Technical Learning:** Interest is driven by deep dives into sensory analysis, differentiating wines, finding faults, and pairing techniques.
    *   **Satisfaction of Curiosity:** The course fulfills deep learning desires, even for students with prior experience (e.g., those who worked in a wineyard), with many noting they ""still got a lot out"" of the class.
    *   **Awareness of Knowledge Gaps:** The content stimulates reflection, helping students realize ""how little I knew"" and expanding their understanding significantly.
    *   **Career Utility:** The course is viewed as ""useful for my career path"" and beneficial for professionals in the beverage field.

#### **5. Constructive Alignment**
*   **Description:** Learning activities are purposefully aligned with educational goals to support effective knowledge acquisition and long-term retention.
*   **Implementation Details:**
    *   Home work is described as ""very learning focus.""
    *   The specific type of practice assigned helps students ""grab the information and retain it,"" indicating a strong link between the tasks performed and the learning outcomes.

#### **6. Close Instructor-Student Relationship**
*   **Description:** Positive feedback indicates the presence of effective communication channels that foster a sense of connection between the instructor and the learners.
*   **Implementation Details:**
    *   Students report ""Great communication,"" suggesting that the instructor's communication strategies are perceived positively and support the learning relationship.",4.68
49,write-your-first-novel,"
Based on the student comments provided, here is a synthesis of the documented teaching strengths, organized by pedagogical category. Each strength includes a professional description and specific details regarding how the instructor implemented the strategy in the course.

### **1. Clear and Structured Course Architecture**
**Description:** The course demonstrates strong instructional design by providing a predictable, well-organized framework that reduces cognitive load, promotes academic discipline, and guides learners systematically toward course completion.
**Instructor Implementation Details:** 
- The instructor designed a **step-by-step progression model** that breaks down the novel-writing process into manageable phases, enabling students to navigate from conception to completion of a full-length fiction piece.
- A **consistent weekly rhythm** was established through regular work submissions, table read rounds, and scheduled activities, which students noted directly supported punctuality, daily routine management, and sustained dedication.
- The course format was intentionally kept **direct and accessible** (""to the point,"" ""easy to understand""), stripping away unnecessary complexity so learners could focus on core writing objectives without confusion.

### **2. Measured and Accessible Instructional Delivery**
**Description:** The instructor employs a deliberate, student-centered pacing and communication style that enhances comprehension, maintains engagement, and creates a welcoming learning atmosphere.
**Instructor Implementation Details:**
- The instructor consciously modulated speech delivery, maintaining a **balanced pacing** that students specifically noted was neither too fast nor too slow, optimizing information retention.
- Lectures were structured to be **highly digestible**, delivering exactly the necessary information for novel creation without overwhelming students with extraneous theory.
- The presenter’s communicative style was consistently praised as engaging and ""hypnotizing,"" with students noting that the instructor’s delivery maintained a **""challenging, yet mellow""** tone that kept learners motivated from the first session onward.

### **3. Integrated Peer-Assessed Feedback Ecosystem**
**Description:** The course successfully leverages structured peer review mechanisms to create a collaborative learning community, ensuring students receive timely, constructive, and encouraging feedback on their creative work.
**Instructor Implementation Details:**
- The instructor embedded **peer review cycles** directly into the weekly workflow, replacing delayed instructor-only grading with a responsive, community-driven feedback loop.
- By structuring reviews around **table read rounds and weekly submissions**, the instructor fostered a culture of constructive critique where students reported receiving ""helpful and thoughtful"" comments and felt motivated to return ""uplifting positive advice.""
- The peer network functioned as a **professional writing community**, with students noting that they received practical, author-to-author insights that accelerated their revision process without long wait times.

### **4. Active, Creation-Focused Pedagogy**
**Description:** The teaching strategy prioritizes experiential learning over passive consumption, requiring students to immediately apply theoretical concepts to real-world writing projects.
**Instructor Implementation Details:**
- The course was explicitly designed around **learning by doing**, with the instructor structuring sessions so that ""you don't just listen, you actually learn and do activities.""
- Assignments were scaffolded to **bridge creativity with execution**, helping students translate abstract writing concepts into tangible outputs (e.g., completing full novels, developing character arcs, and drafting complete narratives).
- The instructor provided **transferable tools and techniques** that students explicitly planned to integrate into their future professional writing and teaching practices, demonstrating strong alignment with applied skill development.

### **5. Supportive Instructor Presence and Rapport**
**Description:** The instructor cultivates a positive, encouraging, and student-responsive learning environment that builds trust, validates student effort, and strengthens the instructor-learner relationship.
**Instructor Implementation Details:**
- The instructor consistently maintained an **understanding and approachable demeanor**, which students identified as a key factor in their comfort and willingness to engage with challenging creative work.
- Through consistent encouragement and recognition of student progress, the instructor fostered a **highly appreciative course culture**, with students expressing strong loyalty and intent to take future courses with him.
- The instructor’s **visible dedication to student success** was repeatedly acknowledged, with learners noting that the supportive tone directly contributed to their confidence, motivation, and overall course satisfaction.

These strengths highlight a pedagogical model that effectively balances structural clarity, active creation, collaborative feedback, and supportive instructor presence to drive meaningful learning outcomes in a creative writing context.",3.85
